run,tile,iou
sam2_whu_4city_800_20ep_basic_s42,kitsap_3430.tif,0.735432
sam2_whu_4city_800_20ep_basic_s42,kitsap_1439.tif,0.914127
sam2_whu_4city_800_20ep_basic_s42,kitsap_1113.tif,0.683867
sam2_whu_4city_800_20ep_basic_s42,kitsap_763.tif,1.000000
sam2_whu_4city_800_20ep_basic_s42,kitsap_2082.tif,1.000000
sam2_whu_4city_800_20ep_basic_s42,kitsap_1903.tif,1.000000
sam2_whu_4city_800_20ep_basic_s42,kitsap_1854.tif,0.722165
sam2_whu_4city_800_20ep_basic_s42,kitsap_1545.tif,0.476486
sam2_whu_4city_800_20ep_basic_s42,kitsap_750.tif,0.775332
sam2_whu_4city_800_20ep_basic_s42,kitsap_1396.tif,1.000000
sam2_whu_4city_800_20ep_basic_s42,kitsap_3579.tif,0.000000
sam2_whu_4city_800_20ep_basic_s42,kitsap_960.tif,1.000000
sam2_whu_4city_800_20ep_basic_s42,kitsap_3052.tif,0.702041
sam2_whu_4city_800_20ep_basic_s42,kitsap_1358.tif,0.363603
sam2_whu_4city_800_20ep_basic_s42,kitsap_3184.tif,0.452922
sam2_whu_4city_800_20ep_basic_s42,kitsap_2766.tif,0.792190
sam2_whu_4city_800_20ep_basic_s42,kitsap_1163.tif,0.720783
sam2_whu_4city_800_20ep_basic_s42,kitsap_1145.tif,1.000000
sam2_whu_4city_800_20ep_basic_s42,kitsap_1371.tif,0.679062
sam2_whu_4city_800_20ep_basic_s42,kitsap_1812.tif,0.591699
sam2_whu_4city_800_20ep_basic_s42,kitsap_1894.tif,1.000000
sam2_whu_4city_800_20ep_basic_s42,kitsap_2958.tif,0.780166
sam2_whu_4city_800_20ep_basic_s42,kitsap_3240.tif,0.439323
sam2_whu_4city_800_20ep_basic_s42,kitsap_961.tif,1.000000
sam2_whu_4city_800_20ep_basic_s42,kitsap_3110.tif,0.000000
sam2_whu_4city_800_20ep_basic_s42,kitsap_1760.tif,0.688666
sam2_whu_4city_800_20ep_basic_s42,kitsap_3501.tif,0.786321
sam2_whu_4city_800_20ep_basic_s42,kitsap_538.tif,0.000000
sam2_whu_4city_800_20ep_basic_s42,kitsap_864.tif,0.000000
sam2_whu_4city_800_20ep_basic_s42,kitsap_2764.tif,0.910496
sam2_whu_4city_800_20ep_basic_s42,kitsap_1847.tif,0.768701
sam2_whu_4city_800_20ep_basic_s42,kitsap_2786.tif,0.813638
sam2_whu_4city_800_20ep_basic_s42,kitsap_318.tif,1.000000
sam2_whu_4city_800_20ep_basic_s42,kitsap_2085.tif,1.000000
sam2_whu_4city_800_20ep_basic_s42,kitsap_1006.tif,0.550200
sam2_whu_4city_800_20ep_basic_s42,kitsap_1631.tif,0.861424
sam2_whu_4city_800_20ep_basic_s42,kitsap_806.tif,0.777548
sam2_whu_4city_800_20ep_basic_s42,kitsap_2345.tif,0.744298
sam2_whu_4city_800_20ep_basic_s42,kitsap_868.tif,0.697248
sam2_whu_4city_800_20ep_basic_s42,kitsap_1628.tif,0.862582
sam2_whu_4city_800_20ep_basic_s42,kitsap_736.tif,1.000000
sam2_whu_4city_800_20ep_basic_s42,kitsap_234.tif,0.753992
sam2_whu_4city_800_20ep_basic_s42,kitsap_873.tif,0.000000
sam2_whu_4city_800_20ep_basic_s42,kitsap_91.tif,1.000000
sam2_whu_4city_800_20ep_basic_s42,kitsap_2468.tif,1.000000
sam2_whu_4city_800_20ep_basic_s42,kitsap_1388.tif,0.000000
sam2_whu_4city_800_20ep_basic_s42,kitsap_2383.tif,1.000000
sam2_whu_4city_800_20ep_basic_s42,kitsap_2349.tif,0.945771
sam2_whu_4city_800_20ep_basic_s42,kitsap_706.tif,0.952027
sam2_whu_4city_800_20ep_basic_s42,kitsap_1973.tif,0.754395
sam2_whu_4city_800_20ep_basic_s42,kitsap_1204.tif,0.737981
sam2_whu_4city_800_20ep_basic_s42,kitsap_2820.tif,0.795175
sam2_whu_4city_800_20ep_basic_s42,kitsap_3047.tif,0.806033
sam2_whu_4city_800_20ep_basic_s42,kitsap_1518.tif,0.602012
sam2_whu_4city_800_20ep_basic_s42,kitsap_2433.tif,0.380276
sam2_whu_4city_800_20ep_basic_s42,kitsap_1308.tif,0.703985
sam2_whu_4city_800_20ep_basic_s42,kitsap_3069.tif,0.836487
sam2_whu_4city_800_20ep_basic_s42,kitsap_2098.tif,1.000000
sam2_whu_4city_800_20ep_basic_s42,kitsap_2398.tif,0.650152
sam2_whu_4city_800_20ep_basic_s42,kitsap_3162.tif,0.572334
sam2_whu_4city_800_20ep_basic_s42,kitsap_1757.tif,0.843525
sam2_whu_4city_800_20ep_basic_s42,kitsap_1279.tif,0.830788
sam2_whu_4city_800_20ep_basic_s42,kitsap_3292.tif,0.851970
sam2_whu_4city_800_20ep_basic_s42,kitsap_1857.tif,0.844093
sam2_whu_4city_800_20ep_basic_s42,kitsap_2097.tif,0.823201
sam2_whu_4city_800_20ep_basic_s42,kitsap_823.tif,0.722164
sam2_whu_4city_800_20ep_basic_s42,kitsap_735.tif,1.000000
sam2_whu_4city_800_20ep_basic_s42,kitsap_1392.tif,1.000000
sam2_whu_4city_800_20ep_basic_s42,kitsap_3396.tif,0.480570
sam2_whu_4city_800_20ep_basic_s42,kitsap_3521.tif,0.787882
sam2_whu_4city_800_20ep_basic_s42,kitsap_2818.tif,1.000000
sam2_whu_4city_800_20ep_basic_s42,kitsap_2409.tif,0.474868
sam2_whu_4city_800_20ep_basic_s42,kitsap_1639.tif,0.892960
sam2_whu_4city_800_20ep_basic_s42,kitsap_2414.tif,0.419216
sam2_whu_4city_800_20ep_basic_s42,kitsap_2365.tif,0.000000
sam2_whu_4city_800_20ep_basic_s42,kitsap_1791.tif,0.687216
sam2_whu_4city_800_20ep_basic_s42,kitsap_1980.tif,0.874297
sam2_whu_4city_800_20ep_basic_s42,kitsap_129.tif,1.000000
sam2_whu_4city_800_20ep_basic_s42,kitsap_166.tif,1.000000
sam2_whu_4city_800_20ep_basic_s42,kitsap_936.tif,1.000000
sam2_whu_4city_800_20ep_basic_s42,kitsap_3581.tif,0.763302
sam2_whu_4city_800_20ep_basic_s42,kitsap_3068.tif,0.865607
sam2_whu_4city_800_20ep_basic_s42,kitsap_1753.tif,0.724870
sam2_whu_4city_800_20ep_basic_s42,kitsap_1534.tif,0.879143
sam2_whu_4city_800_20ep_basic_s42,kitsap_2842.tif,0.751866
sam2_whu_4city_800_20ep_basic_s42,kitsap_227.tif,0.665788
sam2_whu_4city_800_20ep_basic_s42,kitsap_3346.tif,0.738281
sam2_whu_4city_800_20ep_basic_s42,kitsap_3339.tif,0.000000
sam2_whu_4city_800_20ep_basic_s42,kitsap_970.tif,1.000000
sam2_whu_4city_800_20ep_basic_s42,kitsap_3522.tif,0.544505
sam2_whu_4city_800_20ep_basic_s42,kitsap_3006.tif,1.000000
sam2_whu_4city_800_20ep_basic_s42,kitsap_507.tif,0.868826
sam2_whu_4city_800_20ep_basic_s42,kitsap_2500.tif,0.818717
sam2_whu_4city_800_20ep_basic_s42,kitsap_2506.tif,0.718144
sam2_whu_4city_800_20ep_basic_s42,kitsap_865.tif,1.000000
sam2_whu_4city_800_20ep_basic_s42,kitsap_1493.tif,0.593777
sam2_whu_4city_800_20ep_basic_s42,kitsap_275.tif,0.853460
sam2_whu_4city_800_20ep_basic_s42,kitsap_1053.tif,1.000000
sam2_whu_4city_800_20ep_basic_s42,kitsap_2699.tif,0.000000
sam2_whu_4city_800_20ep_basic_s42,kitsap_3550.tif,0.829199
sam2_whu_4city_800_20ep_basic_s42,kitsap_1766.tif,0.883309
sam2_whu_4city_800_20ep_basic_s42,kitsap_2906.tif,0.681782
sam2_whu_4city_800_20ep_basic_s42,kitsap_770.tif,1.000000
sam2_whu_4city_800_20ep_basic_s42,kitsap_1407.tif,0.152289
sam2_whu_4city_800_20ep_basic_s42,kitsap_2090.tif,0.859092
sam2_whu_4city_800_20ep_basic_s42,kitsap_3360.tif,0.068966
sam2_whu_4city_800_20ep_basic_s42,kitsap_2798.tif,0.476026
sam2_whu_4city_800_20ep_basic_s42,kitsap_3538.tif,1.000000
sam2_whu_4city_800_20ep_basic_s42,kitsap_2292.tif,0.252664
sam2_whu_4city_800_20ep_basic_s42,kitsap_1909.tif,0.469101
sam2_whu_4city_800_20ep_basic_s42,kitsap_55.tif,1.000000
sam2_whu_4city_800_20ep_basic_s42,kitsap_2270.tif,1.000000
sam2_whu_4city_800_20ep_basic_s42,kitsap_612.tif,1.000000
sam2_whu_4city_800_20ep_basic_s42,kitsap_731.tif,0.858440
sam2_whu_4city_800_20ep_basic_s42,kitsap_1533.tif,1.000000
sam2_whu_4city_800_20ep_basic_s42,kitsap_3132.tif,0.743553
sam2_whu_4city_800_20ep_basic_s42,kitsap_3221.tif,0.849593
sam2_whu_4city_800_20ep_basic_s42,kitsap_2871.tif,0.582169
sam2_whu_4city_800_20ep_basic_s42,kitsap_2962.tif,0.546830
sam2_whu_4city_800_20ep_basic_s42,kitsap_3163.tif,0.852416
sam2_whu_4city_800_20ep_basic_s42,kitsap_3080.tif,0.822329
sam2_whu_4city_800_20ep_basic_s42,kitsap_1803.tif,0.721395
sam2_whu_4city_800_20ep_basic_s42,kitsap_3462.tif,1.000000
sam2_whu_4city_800_20ep_basic_s42,kitsap_2750.tif,0.711321
sam2_whu_4city_800_20ep_basic_s42,kitsap_1728.tif,0.959939
sam2_whu_4city_800_20ep_basic_s42,kitsap_290.tif,1.000000
sam2_whu_4city_800_20ep_basic_s42,kitsap_2537.tif,0.692437
sam2_whu_4city_800_20ep_basic_s42,kitsap_1961.tif,0.807214
sam2_whu_4city_800_20ep_basic_s42,kitsap_3051.tif,0.802422
sam2_whu_4city_800_20ep_basic_s42,kitsap_3131.tif,0.580192
sam2_whu_4city_800_20ep_basic_s42,kitsap_669.tif,0.836932
sam2_whu_4city_800_20ep_basic_s42,kitsap_1241.tif,0.590162
sam2_whu_4city_800_20ep_basic_s42,kitsap_1302.tif,0.782195
sam2_whu_4city_800_20ep_basic_s42,kitsap_2919.tif,0.823560
sam2_whu_4city_800_20ep_basic_s42,kitsap_2300.tif,0.565093
sam2_whu_4city_800_20ep_basic_s42,kitsap_2723.tif,0.707299
sam2_whu_4city_800_20ep_basic_s42,kitsap_3143.tif,0.468413
sam2_whu_4city_800_20ep_basic_s42,kitsap_291.tif,1.000000
sam2_whu_4city_800_20ep_basic_s42,kitsap_2914.tif,0.727671
sam2_whu_4city_800_20ep_basic_s42,kitsap_3294.tif,0.616568
sam2_whu_4city_800_20ep_basic_s42,kitsap_1531.tif,1.000000
sam2_whu_4city_800_20ep_basic_s42,kitsap_3558.tif,1.000000
sam2_whu_4city_800_20ep_basic_s42,kitsap_3171.tif,0.814378
sam2_whu_4city_800_20ep_basic_s42,kitsap_2773.tif,0.885440
sam2_whu_4city_800_20ep_basic_s42,kitsap_937.tif,0.956754
sam2_whu_4city_800_20ep_basic_s42,kitsap_3045.tif,0.711000
sam2_whu_4city_800_20ep_basic_s42,kitsap_1321.tif,0.915484
sam2_whu_4city_800_20ep_basic_s42,kitsap_2775.tif,0.556548
sam2_whu_4city_800_20ep_basic_s42,kitsap_3019.tif,0.799917
sam2_whu_4city_800_20ep_basic_s42,kitsap_2783.tif,1.000000
sam2_whu_4city_800_20ep_basic_s42,kitsap_1187.tif,0.511913
sam2_whu_4city_800_20ep_basic_s42,kitsap_2774.tif,1.000000
sam2_whu_4city_800_20ep_basic_s42,kitsap_1005.tif,0.693159
sam2_whu_4city_800_20ep_basic_s42,kitsap_2424.tif,0.265375
sam2_whu_4city_800_20ep_basic_s42,kitsap_2979.tif,0.775735
sam2_whu_4city_800_20ep_basic_s42,kitsap_1266.tif,0.767081
sam2_whu_4city_800_20ep_basic_s42,kitsap_1967.tif,0.481390
sam2_whu_4city_800_20ep_basic_s42,kitsap_2019.tif,1.000000
sam2_whu_4city_800_20ep_basic_s42,kitsap_2164.tif,0.160596
sam2_whu_4city_800_20ep_basic_s42,kitsap_3207.tif,0.924065
sam2_whu_4city_800_20ep_basic_s42,kitsap_2138.tif,0.668152
sam2_whu_4city_800_20ep_basic_s42,kitsap_252.tif,0.773648
sam2_whu_4city_800_20ep_basic_s42,kitsap_230.tif,1.000000
sam2_whu_4city_800_20ep_basic_s42,kitsap_1696.tif,1.000000
sam2_whu_4city_800_20ep_basic_s42,kitsap_1747.tif,0.231225
sam2_whu_4city_800_20ep_basic_s42,kitsap_1617.tif,0.639515
sam2_whu_4city_800_20ep_basic_s42,kitsap_1219.tif,0.525201
sam2_whu_4city_800_20ep_basic_s42,kitsap_1182.tif,0.844870
sam2_whu_4city_800_20ep_basic_s42,kitsap_983.tif,0.703261
sam2_whu_4city_800_20ep_basic_s42,kitsap_468.tif,1.000000
sam2_whu_4city_800_20ep_basic_s42,kitsap_221.tif,1.000000
sam2_whu_4city_800_20ep_basic_s42,kitsap_3253.tif,0.613881
sam2_whu_4city_800_20ep_basic_s42,kitsap_263.tif,0.902397
sam2_whu_4city_800_20ep_basic_s42,kitsap_2092.tif,1.000000
sam2_whu_4city_800_20ep_basic_s42,kitsap_2992.tif,0.819376
sam2_whu_4city_800_20ep_basic_s42,kitsap_2231.tif,1.000000
sam2_whu_4city_800_20ep_basic_s42,kitsap_1033.tif,0.919454
sam2_whu_4city_800_20ep_basic_s42,kitsap_545.tif,0.341632
sam2_whu_4city_800_20ep_basic_s42,kitsap_2943.tif,0.675196
sam2_whu_4city_800_20ep_basic_s42,kitsap_3435.tif,1.000000
sam2_whu_4city_800_20ep_basic_s42,kitsap_511.tif,0.616833
sam2_whu_4city_800_20ep_basic_s42,kitsap_3517.tif,0.793711
sam2_whu_4city_800_20ep_basic_s42,kitsap_2895.tif,0.694489
sam2_whu_4city_800_20ep_basic_s42,kitsap_1642.tif,0.617448
sam2_whu_4city_800_20ep_basic_s42,kitsap_3366.tif,0.688073
sam2_whu_4city_800_20ep_basic_s42,kitsap_3003.tif,1.000000
sam2_whu_4city_800_20ep_basic_s42,kitsap_1025.tif,0.826184
sam2_whu_4city_800_20ep_basic_s42,kitsap_933.tif,0.659176
sam2_whu_4city_800_20ep_basic_s42,kitsap_1252.tif,0.866630
sam2_whu_4city_800_20ep_basic_s42,kitsap_1668.tif,0.727451
sam2_whu_4city_800_20ep_basic_s42,kitsap_2769.tif,0.655928
sam2_whu_4city_800_20ep_basic_s42,kitsap_406.tif,0.295770
sam2_whu_4city_800_20ep_basic_s42,kitsap_1571.tif,0.722724
sam2_whu_4city_800_20ep_basic_s42,kitsap_860.tif,0.000000
sam2_whu_4city_800_20ep_basic_s42,kitsap_236.tif,0.798250
sam2_whu_4city_800_20ep_basic_s42,kitsap_2266.tif,0.888816
sam2_whu_4city_800_20ep_basic_s42,kitsap_1896.tif,0.813978
sam2_whu_4city_800_20ep_basic_s42,kitsap_2955.tif,0.768300
sam2_whu_4city_800_20ep_basic_s42,kitsap_1773.tif,0.656997
sam2_whu_4city_800_20ep_basic_s42,kitsap_1504.tif,0.858338
sam2_whu_4city_800_20ep_basic_s42,kitsap_1946.tif,0.879961
sam2_whu_4city_800_20ep_basic_s42,kitsap_106.tif,0.849862
sam2_whu_4city_800_20ep_basic_s42,kitsap_1898.tif,0.856721
sam2_whu_4city_800_20ep_basic_s42,kitsap_2897.tif,0.568523
sam2_whu_4city_800_20ep_basic_s42,kitsap_934.tif,0.739166
sam2_whu_4city_800_20ep_basic_s42,kitsap_1240.tif,0.529041
sam2_whu_4city_800_20ep_basic_s42,kitsap_1550.tif,0.818716
sam2_whu_4city_800_20ep_basic_s43,kitsap_3430.tif,0.798056
sam2_whu_4city_800_20ep_basic_s43,kitsap_1439.tif,0.909012
sam2_whu_4city_800_20ep_basic_s43,kitsap_1113.tif,0.671288
sam2_whu_4city_800_20ep_basic_s43,kitsap_763.tif,1.000000
sam2_whu_4city_800_20ep_basic_s43,kitsap_2082.tif,1.000000
sam2_whu_4city_800_20ep_basic_s43,kitsap_1903.tif,1.000000
sam2_whu_4city_800_20ep_basic_s43,kitsap_1854.tif,0.747282
sam2_whu_4city_800_20ep_basic_s43,kitsap_1545.tif,0.574668
sam2_whu_4city_800_20ep_basic_s43,kitsap_750.tif,0.769213
sam2_whu_4city_800_20ep_basic_s43,kitsap_1396.tif,1.000000
sam2_whu_4city_800_20ep_basic_s43,kitsap_3579.tif,0.099757
sam2_whu_4city_800_20ep_basic_s43,kitsap_960.tif,1.000000
sam2_whu_4city_800_20ep_basic_s43,kitsap_3052.tif,0.708321
sam2_whu_4city_800_20ep_basic_s43,kitsap_1358.tif,0.521964
sam2_whu_4city_800_20ep_basic_s43,kitsap_3184.tif,0.524038
sam2_whu_4city_800_20ep_basic_s43,kitsap_2766.tif,0.835542
sam2_whu_4city_800_20ep_basic_s43,kitsap_1163.tif,0.711167
sam2_whu_4city_800_20ep_basic_s43,kitsap_1145.tif,1.000000
sam2_whu_4city_800_20ep_basic_s43,kitsap_1371.tif,0.694072
sam2_whu_4city_800_20ep_basic_s43,kitsap_1812.tif,0.475866
sam2_whu_4city_800_20ep_basic_s43,kitsap_1894.tif,1.000000
sam2_whu_4city_800_20ep_basic_s43,kitsap_2958.tif,0.782227
sam2_whu_4city_800_20ep_basic_s43,kitsap_3240.tif,0.565052
sam2_whu_4city_800_20ep_basic_s43,kitsap_961.tif,1.000000
sam2_whu_4city_800_20ep_basic_s43,kitsap_3110.tif,0.000000
sam2_whu_4city_800_20ep_basic_s43,kitsap_1760.tif,0.692947
sam2_whu_4city_800_20ep_basic_s43,kitsap_3501.tif,0.769982
sam2_whu_4city_800_20ep_basic_s43,kitsap_538.tif,0.314530
sam2_whu_4city_800_20ep_basic_s43,kitsap_864.tif,1.000000
sam2_whu_4city_800_20ep_basic_s43,kitsap_2764.tif,0.903160
sam2_whu_4city_800_20ep_basic_s43,kitsap_1847.tif,0.767643
sam2_whu_4city_800_20ep_basic_s43,kitsap_2786.tif,0.799285
sam2_whu_4city_800_20ep_basic_s43,kitsap_318.tif,1.000000
sam2_whu_4city_800_20ep_basic_s43,kitsap_2085.tif,1.000000
sam2_whu_4city_800_20ep_basic_s43,kitsap_1006.tif,0.598984
sam2_whu_4city_800_20ep_basic_s43,kitsap_1631.tif,0.864420
sam2_whu_4city_800_20ep_basic_s43,kitsap_806.tif,0.536044
sam2_whu_4city_800_20ep_basic_s43,kitsap_2345.tif,0.705368
sam2_whu_4city_800_20ep_basic_s43,kitsap_868.tif,0.796855
sam2_whu_4city_800_20ep_basic_s43,kitsap_1628.tif,0.884564
sam2_whu_4city_800_20ep_basic_s43,kitsap_736.tif,1.000000
sam2_whu_4city_800_20ep_basic_s43,kitsap_234.tif,0.787793
sam2_whu_4city_800_20ep_basic_s43,kitsap_873.tif,1.000000
sam2_whu_4city_800_20ep_basic_s43,kitsap_91.tif,1.000000
sam2_whu_4city_800_20ep_basic_s43,kitsap_2468.tif,1.000000
sam2_whu_4city_800_20ep_basic_s43,kitsap_1388.tif,0.000000
sam2_whu_4city_800_20ep_basic_s43,kitsap_2383.tif,1.000000
sam2_whu_4city_800_20ep_basic_s43,kitsap_2349.tif,0.947259
sam2_whu_4city_800_20ep_basic_s43,kitsap_706.tif,0.957095
sam2_whu_4city_800_20ep_basic_s43,kitsap_1973.tif,0.725788
sam2_whu_4city_800_20ep_basic_s43,kitsap_1204.tif,0.709770
sam2_whu_4city_800_20ep_basic_s43,kitsap_2820.tif,0.740845
sam2_whu_4city_800_20ep_basic_s43,kitsap_3047.tif,0.782696
sam2_whu_4city_800_20ep_basic_s43,kitsap_1518.tif,0.716686
sam2_whu_4city_800_20ep_basic_s43,kitsap_2433.tif,0.182993
sam2_whu_4city_800_20ep_basic_s43,kitsap_1308.tif,0.654798
sam2_whu_4city_800_20ep_basic_s43,kitsap_3069.tif,0.830010
sam2_whu_4city_800_20ep_basic_s43,kitsap_2098.tif,1.000000
sam2_whu_4city_800_20ep_basic_s43,kitsap_2398.tif,0.638690
sam2_whu_4city_800_20ep_basic_s43,kitsap_3162.tif,0.573543
sam2_whu_4city_800_20ep_basic_s43,kitsap_1757.tif,0.910047
sam2_whu_4city_800_20ep_basic_s43,kitsap_1279.tif,0.826441
sam2_whu_4city_800_20ep_basic_s43,kitsap_3292.tif,0.000000
sam2_whu_4city_800_20ep_basic_s43,kitsap_1857.tif,0.834270
sam2_whu_4city_800_20ep_basic_s43,kitsap_2097.tif,0.855015
sam2_whu_4city_800_20ep_basic_s43,kitsap_823.tif,0.704862
sam2_whu_4city_800_20ep_basic_s43,kitsap_735.tif,1.000000
sam2_whu_4city_800_20ep_basic_s43,kitsap_1392.tif,1.000000
sam2_whu_4city_800_20ep_basic_s43,kitsap_3396.tif,0.579191
sam2_whu_4city_800_20ep_basic_s43,kitsap_3521.tif,0.734032
sam2_whu_4city_800_20ep_basic_s43,kitsap_2818.tif,1.000000
sam2_whu_4city_800_20ep_basic_s43,kitsap_2409.tif,0.398346
sam2_whu_4city_800_20ep_basic_s43,kitsap_1639.tif,0.890010
sam2_whu_4city_800_20ep_basic_s43,kitsap_2414.tif,0.396445
sam2_whu_4city_800_20ep_basic_s43,kitsap_2365.tif,0.000000
sam2_whu_4city_800_20ep_basic_s43,kitsap_1791.tif,0.766735
sam2_whu_4city_800_20ep_basic_s43,kitsap_1980.tif,0.886322
sam2_whu_4city_800_20ep_basic_s43,kitsap_129.tif,1.000000
sam2_whu_4city_800_20ep_basic_s43,kitsap_166.tif,1.000000
sam2_whu_4city_800_20ep_basic_s43,kitsap_936.tif,1.000000
sam2_whu_4city_800_20ep_basic_s43,kitsap_3581.tif,0.813899
sam2_whu_4city_800_20ep_basic_s43,kitsap_3068.tif,0.859503
sam2_whu_4city_800_20ep_basic_s43,kitsap_1753.tif,0.732066
sam2_whu_4city_800_20ep_basic_s43,kitsap_1534.tif,0.853007
sam2_whu_4city_800_20ep_basic_s43,kitsap_2842.tif,0.737615
sam2_whu_4city_800_20ep_basic_s43,kitsap_227.tif,0.670956
sam2_whu_4city_800_20ep_basic_s43,kitsap_3346.tif,0.000000
sam2_whu_4city_800_20ep_basic_s43,kitsap_3339.tif,0.000000
sam2_whu_4city_800_20ep_basic_s43,kitsap_970.tif,1.000000
sam2_whu_4city_800_20ep_basic_s43,kitsap_3522.tif,0.570388
sam2_whu_4city_800_20ep_basic_s43,kitsap_3006.tif,1.000000
sam2_whu_4city_800_20ep_basic_s43,kitsap_507.tif,0.841771
sam2_whu_4city_800_20ep_basic_s43,kitsap_2500.tif,0.879493
sam2_whu_4city_800_20ep_basic_s43,kitsap_2506.tif,0.807640
sam2_whu_4city_800_20ep_basic_s43,kitsap_865.tif,1.000000
sam2_whu_4city_800_20ep_basic_s43,kitsap_1493.tif,0.586862
sam2_whu_4city_800_20ep_basic_s43,kitsap_275.tif,0.738534
sam2_whu_4city_800_20ep_basic_s43,kitsap_1053.tif,1.000000
sam2_whu_4city_800_20ep_basic_s43,kitsap_2699.tif,0.000000
sam2_whu_4city_800_20ep_basic_s43,kitsap_3550.tif,0.846841
sam2_whu_4city_800_20ep_basic_s43,kitsap_1766.tif,0.878817
sam2_whu_4city_800_20ep_basic_s43,kitsap_2906.tif,0.658789
sam2_whu_4city_800_20ep_basic_s43,kitsap_770.tif,1.000000
sam2_whu_4city_800_20ep_basic_s43,kitsap_1407.tif,0.198789
sam2_whu_4city_800_20ep_basic_s43,kitsap_2090.tif,0.737297
sam2_whu_4city_800_20ep_basic_s43,kitsap_3360.tif,0.199056
sam2_whu_4city_800_20ep_basic_s43,kitsap_2798.tif,0.476621
sam2_whu_4city_800_20ep_basic_s43,kitsap_3538.tif,1.000000
sam2_whu_4city_800_20ep_basic_s43,kitsap_2292.tif,0.247409
sam2_whu_4city_800_20ep_basic_s43,kitsap_1909.tif,0.581390
sam2_whu_4city_800_20ep_basic_s43,kitsap_55.tif,1.000000
sam2_whu_4city_800_20ep_basic_s43,kitsap_2270.tif,1.000000
sam2_whu_4city_800_20ep_basic_s43,kitsap_612.tif,1.000000
sam2_whu_4city_800_20ep_basic_s43,kitsap_731.tif,0.890793
sam2_whu_4city_800_20ep_basic_s43,kitsap_1533.tif,1.000000
sam2_whu_4city_800_20ep_basic_s43,kitsap_3132.tif,0.799100
sam2_whu_4city_800_20ep_basic_s43,kitsap_3221.tif,0.861901
sam2_whu_4city_800_20ep_basic_s43,kitsap_2871.tif,0.593714
sam2_whu_4city_800_20ep_basic_s43,kitsap_2962.tif,0.592322
sam2_whu_4city_800_20ep_basic_s43,kitsap_3163.tif,0.880349
sam2_whu_4city_800_20ep_basic_s43,kitsap_3080.tif,0.833035
sam2_whu_4city_800_20ep_basic_s43,kitsap_1803.tif,0.682309
sam2_whu_4city_800_20ep_basic_s43,kitsap_3462.tif,1.000000
sam2_whu_4city_800_20ep_basic_s43,kitsap_2750.tif,0.838441
sam2_whu_4city_800_20ep_basic_s43,kitsap_1728.tif,0.962279
sam2_whu_4city_800_20ep_basic_s43,kitsap_290.tif,1.000000
sam2_whu_4city_800_20ep_basic_s43,kitsap_2537.tif,0.703928
sam2_whu_4city_800_20ep_basic_s43,kitsap_1961.tif,0.694013
sam2_whu_4city_800_20ep_basic_s43,kitsap_3051.tif,0.819403
sam2_whu_4city_800_20ep_basic_s43,kitsap_3131.tif,0.535427
sam2_whu_4city_800_20ep_basic_s43,kitsap_669.tif,0.830008
sam2_whu_4city_800_20ep_basic_s43,kitsap_1241.tif,0.603701
sam2_whu_4city_800_20ep_basic_s43,kitsap_1302.tif,0.789940
sam2_whu_4city_800_20ep_basic_s43,kitsap_2919.tif,0.829247
sam2_whu_4city_800_20ep_basic_s43,kitsap_2300.tif,0.806832
sam2_whu_4city_800_20ep_basic_s43,kitsap_2723.tif,0.697525
sam2_whu_4city_800_20ep_basic_s43,kitsap_3143.tif,0.631934
sam2_whu_4city_800_20ep_basic_s43,kitsap_291.tif,1.000000
sam2_whu_4city_800_20ep_basic_s43,kitsap_2914.tif,0.676857
sam2_whu_4city_800_20ep_basic_s43,kitsap_3294.tif,0.700580
sam2_whu_4city_800_20ep_basic_s43,kitsap_1531.tif,1.000000
sam2_whu_4city_800_20ep_basic_s43,kitsap_3558.tif,1.000000
sam2_whu_4city_800_20ep_basic_s43,kitsap_3171.tif,0.793586
sam2_whu_4city_800_20ep_basic_s43,kitsap_2773.tif,0.886992
sam2_whu_4city_800_20ep_basic_s43,kitsap_937.tif,0.214607
sam2_whu_4city_800_20ep_basic_s43,kitsap_3045.tif,0.722726
sam2_whu_4city_800_20ep_basic_s43,kitsap_1321.tif,0.894641
sam2_whu_4city_800_20ep_basic_s43,kitsap_2775.tif,0.547446
sam2_whu_4city_800_20ep_basic_s43,kitsap_3019.tif,0.731076
sam2_whu_4city_800_20ep_basic_s43,kitsap_2783.tif,1.000000
sam2_whu_4city_800_20ep_basic_s43,kitsap_1187.tif,0.603114
sam2_whu_4city_800_20ep_basic_s43,kitsap_2774.tif,1.000000
sam2_whu_4city_800_20ep_basic_s43,kitsap_1005.tif,0.826905
sam2_whu_4city_800_20ep_basic_s43,kitsap_2424.tif,0.549836
sam2_whu_4city_800_20ep_basic_s43,kitsap_2979.tif,0.778071
sam2_whu_4city_800_20ep_basic_s43,kitsap_1266.tif,0.809112
sam2_whu_4city_800_20ep_basic_s43,kitsap_1967.tif,0.269172
sam2_whu_4city_800_20ep_basic_s43,kitsap_2019.tif,1.000000
sam2_whu_4city_800_20ep_basic_s43,kitsap_2164.tif,0.390922
sam2_whu_4city_800_20ep_basic_s43,kitsap_3207.tif,0.888889
sam2_whu_4city_800_20ep_basic_s43,kitsap_2138.tif,0.769049
sam2_whu_4city_800_20ep_basic_s43,kitsap_252.tif,0.799677
sam2_whu_4city_800_20ep_basic_s43,kitsap_230.tif,1.000000
sam2_whu_4city_800_20ep_basic_s43,kitsap_1696.tif,1.000000
sam2_whu_4city_800_20ep_basic_s43,kitsap_1747.tif,0.782418
sam2_whu_4city_800_20ep_basic_s43,kitsap_1617.tif,0.554436
sam2_whu_4city_800_20ep_basic_s43,kitsap_1219.tif,0.620148
sam2_whu_4city_800_20ep_basic_s43,kitsap_1182.tif,0.859359
sam2_whu_4city_800_20ep_basic_s43,kitsap_983.tif,0.749665
sam2_whu_4city_800_20ep_basic_s43,kitsap_468.tif,1.000000
sam2_whu_4city_800_20ep_basic_s43,kitsap_221.tif,1.000000
sam2_whu_4city_800_20ep_basic_s43,kitsap_3253.tif,0.567793
sam2_whu_4city_800_20ep_basic_s43,kitsap_263.tif,0.908343
sam2_whu_4city_800_20ep_basic_s43,kitsap_2092.tif,1.000000
sam2_whu_4city_800_20ep_basic_s43,kitsap_2992.tif,0.784998
sam2_whu_4city_800_20ep_basic_s43,kitsap_2231.tif,1.000000
sam2_whu_4city_800_20ep_basic_s43,kitsap_1033.tif,0.910291
sam2_whu_4city_800_20ep_basic_s43,kitsap_545.tif,0.267714
sam2_whu_4city_800_20ep_basic_s43,kitsap_2943.tif,0.693994
sam2_whu_4city_800_20ep_basic_s43,kitsap_3435.tif,1.000000
sam2_whu_4city_800_20ep_basic_s43,kitsap_511.tif,0.664024
sam2_whu_4city_800_20ep_basic_s43,kitsap_3517.tif,0.791838
sam2_whu_4city_800_20ep_basic_s43,kitsap_2895.tif,0.759940
sam2_whu_4city_800_20ep_basic_s43,kitsap_1642.tif,0.672792
sam2_whu_4city_800_20ep_basic_s43,kitsap_3366.tif,0.700708
sam2_whu_4city_800_20ep_basic_s43,kitsap_3003.tif,1.000000
sam2_whu_4city_800_20ep_basic_s43,kitsap_1025.tif,0.838047
sam2_whu_4city_800_20ep_basic_s43,kitsap_933.tif,0.651786
sam2_whu_4city_800_20ep_basic_s43,kitsap_1252.tif,0.889870
sam2_whu_4city_800_20ep_basic_s43,kitsap_1668.tif,0.713639
sam2_whu_4city_800_20ep_basic_s43,kitsap_2769.tif,0.553855
sam2_whu_4city_800_20ep_basic_s43,kitsap_406.tif,0.378354
sam2_whu_4city_800_20ep_basic_s43,kitsap_1571.tif,0.797741
sam2_whu_4city_800_20ep_basic_s43,kitsap_860.tif,0.000000
sam2_whu_4city_800_20ep_basic_s43,kitsap_236.tif,0.829090
sam2_whu_4city_800_20ep_basic_s43,kitsap_2266.tif,0.830213
sam2_whu_4city_800_20ep_basic_s43,kitsap_1896.tif,0.856597
sam2_whu_4city_800_20ep_basic_s43,kitsap_2955.tif,0.772093
sam2_whu_4city_800_20ep_basic_s43,kitsap_1773.tif,0.675130
sam2_whu_4city_800_20ep_basic_s43,kitsap_1504.tif,0.882438
sam2_whu_4city_800_20ep_basic_s43,kitsap_1946.tif,0.824034
sam2_whu_4city_800_20ep_basic_s43,kitsap_106.tif,0.846657
sam2_whu_4city_800_20ep_basic_s43,kitsap_1898.tif,0.879294
sam2_whu_4city_800_20ep_basic_s43,kitsap_2897.tif,0.517405
sam2_whu_4city_800_20ep_basic_s43,kitsap_934.tif,0.743911
sam2_whu_4city_800_20ep_basic_s43,kitsap_1240.tif,0.542910
sam2_whu_4city_800_20ep_basic_s43,kitsap_1550.tif,0.809736
sam2_whu_4city_800_20ep_basic_s44,kitsap_3430.tif,0.762366
sam2_whu_4city_800_20ep_basic_s44,kitsap_1439.tif,0.862162
sam2_whu_4city_800_20ep_basic_s44,kitsap_1113.tif,0.290089
sam2_whu_4city_800_20ep_basic_s44,kitsap_763.tif,1.000000
sam2_whu_4city_800_20ep_basic_s44,kitsap_2082.tif,1.000000
sam2_whu_4city_800_20ep_basic_s44,kitsap_1903.tif,1.000000
sam2_whu_4city_800_20ep_basic_s44,kitsap_1854.tif,0.688459
sam2_whu_4city_800_20ep_basic_s44,kitsap_1545.tif,0.627349
sam2_whu_4city_800_20ep_basic_s44,kitsap_750.tif,0.784048
sam2_whu_4city_800_20ep_basic_s44,kitsap_1396.tif,1.000000
sam2_whu_4city_800_20ep_basic_s44,kitsap_3579.tif,0.000000
sam2_whu_4city_800_20ep_basic_s44,kitsap_960.tif,1.000000
sam2_whu_4city_800_20ep_basic_s44,kitsap_3052.tif,0.724367
sam2_whu_4city_800_20ep_basic_s44,kitsap_1358.tif,0.000000
sam2_whu_4city_800_20ep_basic_s44,kitsap_3184.tif,0.467074
sam2_whu_4city_800_20ep_basic_s44,kitsap_2766.tif,0.692713
sam2_whu_4city_800_20ep_basic_s44,kitsap_1163.tif,0.685831
sam2_whu_4city_800_20ep_basic_s44,kitsap_1145.tif,1.000000
sam2_whu_4city_800_20ep_basic_s44,kitsap_1371.tif,0.698007
sam2_whu_4city_800_20ep_basic_s44,kitsap_1812.tif,0.570988
sam2_whu_4city_800_20ep_basic_s44,kitsap_1894.tif,1.000000
sam2_whu_4city_800_20ep_basic_s44,kitsap_2958.tif,0.667124
sam2_whu_4city_800_20ep_basic_s44,kitsap_3240.tif,0.478388
sam2_whu_4city_800_20ep_basic_s44,kitsap_961.tif,1.000000
sam2_whu_4city_800_20ep_basic_s44,kitsap_3110.tif,0.000000
sam2_whu_4city_800_20ep_basic_s44,kitsap_1760.tif,0.708587
sam2_whu_4city_800_20ep_basic_s44,kitsap_3501.tif,0.776044
sam2_whu_4city_800_20ep_basic_s44,kitsap_538.tif,0.247863
sam2_whu_4city_800_20ep_basic_s44,kitsap_864.tif,1.000000
sam2_whu_4city_800_20ep_basic_s44,kitsap_2764.tif,0.572264
sam2_whu_4city_800_20ep_basic_s44,kitsap_1847.tif,0.757781
sam2_whu_4city_800_20ep_basic_s44,kitsap_2786.tif,0.803303
sam2_whu_4city_800_20ep_basic_s44,kitsap_318.tif,1.000000
sam2_whu_4city_800_20ep_basic_s44,kitsap_2085.tif,1.000000
sam2_whu_4city_800_20ep_basic_s44,kitsap_1006.tif,0.485388
sam2_whu_4city_800_20ep_basic_s44,kitsap_1631.tif,0.843073
sam2_whu_4city_800_20ep_basic_s44,kitsap_806.tif,0.787208
sam2_whu_4city_800_20ep_basic_s44,kitsap_2345.tif,0.653568
sam2_whu_4city_800_20ep_basic_s44,kitsap_868.tif,0.756225
sam2_whu_4city_800_20ep_basic_s44,kitsap_1628.tif,0.886491
sam2_whu_4city_800_20ep_basic_s44,kitsap_736.tif,1.000000
sam2_whu_4city_800_20ep_basic_s44,kitsap_234.tif,0.771029
sam2_whu_4city_800_20ep_basic_s44,kitsap_873.tif,1.000000
sam2_whu_4city_800_20ep_basic_s44,kitsap_91.tif,1.000000
sam2_whu_4city_800_20ep_basic_s44,kitsap_2468.tif,1.000000
sam2_whu_4city_800_20ep_basic_s44,kitsap_1388.tif,0.000000
sam2_whu_4city_800_20ep_basic_s44,kitsap_2383.tif,1.000000
sam2_whu_4city_800_20ep_basic_s44,kitsap_2349.tif,0.939969
sam2_whu_4city_800_20ep_basic_s44,kitsap_706.tif,0.943581
sam2_whu_4city_800_20ep_basic_s44,kitsap_1973.tif,0.772836
sam2_whu_4city_800_20ep_basic_s44,kitsap_1204.tif,0.718279
sam2_whu_4city_800_20ep_basic_s44,kitsap_2820.tif,0.625656
sam2_whu_4city_800_20ep_basic_s44,kitsap_3047.tif,0.800766
sam2_whu_4city_800_20ep_basic_s44,kitsap_1518.tif,0.678954
sam2_whu_4city_800_20ep_basic_s44,kitsap_2433.tif,0.537436
sam2_whu_4city_800_20ep_basic_s44,kitsap_1308.tif,0.342935
sam2_whu_4city_800_20ep_basic_s44,kitsap_3069.tif,0.670498
sam2_whu_4city_800_20ep_basic_s44,kitsap_2098.tif,1.000000
sam2_whu_4city_800_20ep_basic_s44,kitsap_2398.tif,0.646112
sam2_whu_4city_800_20ep_basic_s44,kitsap_3162.tif,0.588071
sam2_whu_4city_800_20ep_basic_s44,kitsap_1757.tif,0.863978
sam2_whu_4city_800_20ep_basic_s44,kitsap_1279.tif,0.180553
sam2_whu_4city_800_20ep_basic_s44,kitsap_3292.tif,0.000000
sam2_whu_4city_800_20ep_basic_s44,kitsap_1857.tif,0.850566
sam2_whu_4city_800_20ep_basic_s44,kitsap_2097.tif,0.870829
sam2_whu_4city_800_20ep_basic_s44,kitsap_823.tif,0.761279
sam2_whu_4city_800_20ep_basic_s44,kitsap_735.tif,1.000000
sam2_whu_4city_800_20ep_basic_s44,kitsap_1392.tif,1.000000
sam2_whu_4city_800_20ep_basic_s44,kitsap_3396.tif,0.530518
sam2_whu_4city_800_20ep_basic_s44,kitsap_3521.tif,0.734582
sam2_whu_4city_800_20ep_basic_s44,kitsap_2818.tif,1.000000
sam2_whu_4city_800_20ep_basic_s44,kitsap_2409.tif,0.313764
sam2_whu_4city_800_20ep_basic_s44,kitsap_1639.tif,0.857319
sam2_whu_4city_800_20ep_basic_s44,kitsap_2414.tif,0.427481
sam2_whu_4city_800_20ep_basic_s44,kitsap_2365.tif,0.732240
sam2_whu_4city_800_20ep_basic_s44,kitsap_1791.tif,0.702333
sam2_whu_4city_800_20ep_basic_s44,kitsap_1980.tif,0.894981
sam2_whu_4city_800_20ep_basic_s44,kitsap_129.tif,1.000000
sam2_whu_4city_800_20ep_basic_s44,kitsap_166.tif,1.000000
sam2_whu_4city_800_20ep_basic_s44,kitsap_936.tif,1.000000
sam2_whu_4city_800_20ep_basic_s44,kitsap_3581.tif,0.665316
sam2_whu_4city_800_20ep_basic_s44,kitsap_3068.tif,0.898143
sam2_whu_4city_800_20ep_basic_s44,kitsap_1753.tif,0.730361
sam2_whu_4city_800_20ep_basic_s44,kitsap_1534.tif,0.863592
sam2_whu_4city_800_20ep_basic_s44,kitsap_2842.tif,0.765051
sam2_whu_4city_800_20ep_basic_s44,kitsap_227.tif,0.885176
sam2_whu_4city_800_20ep_basic_s44,kitsap_3346.tif,0.000000
sam2_whu_4city_800_20ep_basic_s44,kitsap_3339.tif,0.000000
sam2_whu_4city_800_20ep_basic_s44,kitsap_970.tif,1.000000
sam2_whu_4city_800_20ep_basic_s44,kitsap_3522.tif,0.472749
sam2_whu_4city_800_20ep_basic_s44,kitsap_3006.tif,1.000000
sam2_whu_4city_800_20ep_basic_s44,kitsap_507.tif,0.862298
sam2_whu_4city_800_20ep_basic_s44,kitsap_2500.tif,0.806518
sam2_whu_4city_800_20ep_basic_s44,kitsap_2506.tif,0.527065
sam2_whu_4city_800_20ep_basic_s44,kitsap_865.tif,1.000000
sam2_whu_4city_800_20ep_basic_s44,kitsap_1493.tif,0.589774
sam2_whu_4city_800_20ep_basic_s44,kitsap_275.tif,0.896319
sam2_whu_4city_800_20ep_basic_s44,kitsap_1053.tif,1.000000
sam2_whu_4city_800_20ep_basic_s44,kitsap_2699.tif,0.000000
sam2_whu_4city_800_20ep_basic_s44,kitsap_3550.tif,0.839780
sam2_whu_4city_800_20ep_basic_s44,kitsap_1766.tif,0.878380
sam2_whu_4city_800_20ep_basic_s44,kitsap_2906.tif,0.634804
sam2_whu_4city_800_20ep_basic_s44,kitsap_770.tif,1.000000
sam2_whu_4city_800_20ep_basic_s44,kitsap_1407.tif,0.167299
sam2_whu_4city_800_20ep_basic_s44,kitsap_2090.tif,0.793600
sam2_whu_4city_800_20ep_basic_s44,kitsap_3360.tif,0.000000
sam2_whu_4city_800_20ep_basic_s44,kitsap_2798.tif,0.477304
sam2_whu_4city_800_20ep_basic_s44,kitsap_3538.tif,1.000000
sam2_whu_4city_800_20ep_basic_s44,kitsap_2292.tif,0.889184
sam2_whu_4city_800_20ep_basic_s44,kitsap_1909.tif,0.393462
sam2_whu_4city_800_20ep_basic_s44,kitsap_55.tif,1.000000
sam2_whu_4city_800_20ep_basic_s44,kitsap_2270.tif,1.000000
sam2_whu_4city_800_20ep_basic_s44,kitsap_612.tif,1.000000
sam2_whu_4city_800_20ep_basic_s44,kitsap_731.tif,0.870921
sam2_whu_4city_800_20ep_basic_s44,kitsap_1533.tif,1.000000
sam2_whu_4city_800_20ep_basic_s44,kitsap_3132.tif,0.783180
sam2_whu_4city_800_20ep_basic_s44,kitsap_3221.tif,0.727703
sam2_whu_4city_800_20ep_basic_s44,kitsap_2871.tif,0.462865
sam2_whu_4city_800_20ep_basic_s44,kitsap_2962.tif,0.567405
sam2_whu_4city_800_20ep_basic_s44,kitsap_3163.tif,0.259937
sam2_whu_4city_800_20ep_basic_s44,kitsap_3080.tif,0.765161
sam2_whu_4city_800_20ep_basic_s44,kitsap_1803.tif,0.736718
sam2_whu_4city_800_20ep_basic_s44,kitsap_3462.tif,1.000000
sam2_whu_4city_800_20ep_basic_s44,kitsap_2750.tif,0.808618
sam2_whu_4city_800_20ep_basic_s44,kitsap_1728.tif,0.965648
sam2_whu_4city_800_20ep_basic_s44,kitsap_290.tif,1.000000
sam2_whu_4city_800_20ep_basic_s44,kitsap_2537.tif,0.633628
sam2_whu_4city_800_20ep_basic_s44,kitsap_1961.tif,0.493091
sam2_whu_4city_800_20ep_basic_s44,kitsap_3051.tif,0.809326
sam2_whu_4city_800_20ep_basic_s44,kitsap_3131.tif,0.571497
sam2_whu_4city_800_20ep_basic_s44,kitsap_669.tif,0.472015
sam2_whu_4city_800_20ep_basic_s44,kitsap_1241.tif,0.606063
sam2_whu_4city_800_20ep_basic_s44,kitsap_1302.tif,0.751736
sam2_whu_4city_800_20ep_basic_s44,kitsap_2919.tif,0.807282
sam2_whu_4city_800_20ep_basic_s44,kitsap_2300.tif,0.442380
sam2_whu_4city_800_20ep_basic_s44,kitsap_2723.tif,0.703566
sam2_whu_4city_800_20ep_basic_s44,kitsap_3143.tif,0.073382
sam2_whu_4city_800_20ep_basic_s44,kitsap_291.tif,1.000000
sam2_whu_4city_800_20ep_basic_s44,kitsap_2914.tif,0.511589
sam2_whu_4city_800_20ep_basic_s44,kitsap_3294.tif,0.740309
sam2_whu_4city_800_20ep_basic_s44,kitsap_1531.tif,1.000000
sam2_whu_4city_800_20ep_basic_s44,kitsap_3558.tif,1.000000
sam2_whu_4city_800_20ep_basic_s44,kitsap_3171.tif,0.817098
sam2_whu_4city_800_20ep_basic_s44,kitsap_2773.tif,0.892182
sam2_whu_4city_800_20ep_basic_s44,kitsap_937.tif,0.209929
sam2_whu_4city_800_20ep_basic_s44,kitsap_3045.tif,0.557267
sam2_whu_4city_800_20ep_basic_s44,kitsap_1321.tif,0.888353
sam2_whu_4city_800_20ep_basic_s44,kitsap_2775.tif,0.815899
sam2_whu_4city_800_20ep_basic_s44,kitsap_3019.tif,0.442241
sam2_whu_4city_800_20ep_basic_s44,kitsap_2783.tif,1.000000
sam2_whu_4city_800_20ep_basic_s44,kitsap_1187.tif,0.552556
sam2_whu_4city_800_20ep_basic_s44,kitsap_2774.tif,1.000000
sam2_whu_4city_800_20ep_basic_s44,kitsap_1005.tif,0.612040
sam2_whu_4city_800_20ep_basic_s44,kitsap_2424.tif,0.240764
sam2_whu_4city_800_20ep_basic_s44,kitsap_2979.tif,0.775628
sam2_whu_4city_800_20ep_basic_s44,kitsap_1266.tif,0.605971
sam2_whu_4city_800_20ep_basic_s44,kitsap_1967.tif,0.492296
sam2_whu_4city_800_20ep_basic_s44,kitsap_2019.tif,1.000000
sam2_whu_4city_800_20ep_basic_s44,kitsap_2164.tif,0.130208
sam2_whu_4city_800_20ep_basic_s44,kitsap_3207.tif,0.909714
sam2_whu_4city_800_20ep_basic_s44,kitsap_2138.tif,0.379796
sam2_whu_4city_800_20ep_basic_s44,kitsap_252.tif,0.833072
sam2_whu_4city_800_20ep_basic_s44,kitsap_230.tif,1.000000
sam2_whu_4city_800_20ep_basic_s44,kitsap_1696.tif,1.000000
sam2_whu_4city_800_20ep_basic_s44,kitsap_1747.tif,0.168091
sam2_whu_4city_800_20ep_basic_s44,kitsap_1617.tif,0.276151
sam2_whu_4city_800_20ep_basic_s44,kitsap_1219.tif,0.066798
sam2_whu_4city_800_20ep_basic_s44,kitsap_1182.tif,0.837308
sam2_whu_4city_800_20ep_basic_s44,kitsap_983.tif,0.919654
sam2_whu_4city_800_20ep_basic_s44,kitsap_468.tif,1.000000
sam2_whu_4city_800_20ep_basic_s44,kitsap_221.tif,1.000000
sam2_whu_4city_800_20ep_basic_s44,kitsap_3253.tif,0.568389
sam2_whu_4city_800_20ep_basic_s44,kitsap_263.tif,0.906045
sam2_whu_4city_800_20ep_basic_s44,kitsap_2092.tif,1.000000
sam2_whu_4city_800_20ep_basic_s44,kitsap_2992.tif,0.705851
sam2_whu_4city_800_20ep_basic_s44,kitsap_2231.tif,1.000000
sam2_whu_4city_800_20ep_basic_s44,kitsap_1033.tif,0.900616
sam2_whu_4city_800_20ep_basic_s44,kitsap_545.tif,0.059747
sam2_whu_4city_800_20ep_basic_s44,kitsap_2943.tif,0.704713
sam2_whu_4city_800_20ep_basic_s44,kitsap_3435.tif,1.000000
sam2_whu_4city_800_20ep_basic_s44,kitsap_511.tif,0.696164
sam2_whu_4city_800_20ep_basic_s44,kitsap_3517.tif,0.762673
sam2_whu_4city_800_20ep_basic_s44,kitsap_2895.tif,0.817262
sam2_whu_4city_800_20ep_basic_s44,kitsap_1642.tif,0.571401
sam2_whu_4city_800_20ep_basic_s44,kitsap_3366.tif,0.457756
sam2_whu_4city_800_20ep_basic_s44,kitsap_3003.tif,1.000000
sam2_whu_4city_800_20ep_basic_s44,kitsap_1025.tif,0.831337
sam2_whu_4city_800_20ep_basic_s44,kitsap_933.tif,0.699598
sam2_whu_4city_800_20ep_basic_s44,kitsap_1252.tif,0.677696
sam2_whu_4city_800_20ep_basic_s44,kitsap_1668.tif,0.474575
sam2_whu_4city_800_20ep_basic_s44,kitsap_2769.tif,0.560622
sam2_whu_4city_800_20ep_basic_s44,kitsap_406.tif,0.302739
sam2_whu_4city_800_20ep_basic_s44,kitsap_1571.tif,0.630070
sam2_whu_4city_800_20ep_basic_s44,kitsap_860.tif,0.000000
sam2_whu_4city_800_20ep_basic_s44,kitsap_236.tif,0.765431
sam2_whu_4city_800_20ep_basic_s44,kitsap_2266.tif,0.473406
sam2_whu_4city_800_20ep_basic_s44,kitsap_1896.tif,0.838865
sam2_whu_4city_800_20ep_basic_s44,kitsap_2955.tif,0.694249
sam2_whu_4city_800_20ep_basic_s44,kitsap_1773.tif,0.736117
sam2_whu_4city_800_20ep_basic_s44,kitsap_1504.tif,0.828894
sam2_whu_4city_800_20ep_basic_s44,kitsap_1946.tif,0.809069
sam2_whu_4city_800_20ep_basic_s44,kitsap_106.tif,0.860157
sam2_whu_4city_800_20ep_basic_s44,kitsap_1898.tif,0.859403
sam2_whu_4city_800_20ep_basic_s44,kitsap_2897.tif,0.280967
sam2_whu_4city_800_20ep_basic_s44,kitsap_934.tif,0.710474
sam2_whu_4city_800_20ep_basic_s44,kitsap_1240.tif,0.677001
sam2_whu_4city_800_20ep_basic_s44,kitsap_1550.tif,0.854673
sam2_whu_4city_800_20ep_basic_s45,kitsap_3430.tif,0.762779
sam2_whu_4city_800_20ep_basic_s45,kitsap_1439.tif,0.837703
sam2_whu_4city_800_20ep_basic_s45,kitsap_1113.tif,0.748660
sam2_whu_4city_800_20ep_basic_s45,kitsap_763.tif,1.000000
sam2_whu_4city_800_20ep_basic_s45,kitsap_2082.tif,1.000000
sam2_whu_4city_800_20ep_basic_s45,kitsap_1903.tif,1.000000
sam2_whu_4city_800_20ep_basic_s45,kitsap_1854.tif,0.725937
sam2_whu_4city_800_20ep_basic_s45,kitsap_1545.tif,0.468896
sam2_whu_4city_800_20ep_basic_s45,kitsap_750.tif,0.745765
sam2_whu_4city_800_20ep_basic_s45,kitsap_1396.tif,1.000000
sam2_whu_4city_800_20ep_basic_s45,kitsap_3579.tif,0.000000
sam2_whu_4city_800_20ep_basic_s45,kitsap_960.tif,1.000000
sam2_whu_4city_800_20ep_basic_s45,kitsap_3052.tif,0.731592
sam2_whu_4city_800_20ep_basic_s45,kitsap_1358.tif,0.493909
sam2_whu_4city_800_20ep_basic_s45,kitsap_3184.tif,0.445635
sam2_whu_4city_800_20ep_basic_s45,kitsap_2766.tif,0.797229
sam2_whu_4city_800_20ep_basic_s45,kitsap_1163.tif,0.794790
sam2_whu_4city_800_20ep_basic_s45,kitsap_1145.tif,1.000000
sam2_whu_4city_800_20ep_basic_s45,kitsap_1371.tif,0.798677
sam2_whu_4city_800_20ep_basic_s45,kitsap_1812.tif,0.608340
sam2_whu_4city_800_20ep_basic_s45,kitsap_1894.tif,1.000000
sam2_whu_4city_800_20ep_basic_s45,kitsap_2958.tif,0.693542
sam2_whu_4city_800_20ep_basic_s45,kitsap_3240.tif,0.451671
sam2_whu_4city_800_20ep_basic_s45,kitsap_961.tif,1.000000
sam2_whu_4city_800_20ep_basic_s45,kitsap_3110.tif,0.000000
sam2_whu_4city_800_20ep_basic_s45,kitsap_1760.tif,0.743498
sam2_whu_4city_800_20ep_basic_s45,kitsap_3501.tif,0.738285
sam2_whu_4city_800_20ep_basic_s45,kitsap_538.tif,0.409864
sam2_whu_4city_800_20ep_basic_s45,kitsap_864.tif,1.000000
sam2_whu_4city_800_20ep_basic_s45,kitsap_2764.tif,0.891674
sam2_whu_4city_800_20ep_basic_s45,kitsap_1847.tif,0.746026
sam2_whu_4city_800_20ep_basic_s45,kitsap_2786.tif,0.803614
sam2_whu_4city_800_20ep_basic_s45,kitsap_318.tif,1.000000
sam2_whu_4city_800_20ep_basic_s45,kitsap_2085.tif,1.000000
sam2_whu_4city_800_20ep_basic_s45,kitsap_1006.tif,0.398810
sam2_whu_4city_800_20ep_basic_s45,kitsap_1631.tif,0.867398
sam2_whu_4city_800_20ep_basic_s45,kitsap_806.tif,0.750367
sam2_whu_4city_800_20ep_basic_s45,kitsap_2345.tif,0.721951
sam2_whu_4city_800_20ep_basic_s45,kitsap_868.tif,0.737310
sam2_whu_4city_800_20ep_basic_s45,kitsap_1628.tif,0.862077
sam2_whu_4city_800_20ep_basic_s45,kitsap_736.tif,1.000000
sam2_whu_4city_800_20ep_basic_s45,kitsap_234.tif,0.706762
sam2_whu_4city_800_20ep_basic_s45,kitsap_873.tif,1.000000
sam2_whu_4city_800_20ep_basic_s45,kitsap_91.tif,1.000000
sam2_whu_4city_800_20ep_basic_s45,kitsap_2468.tif,1.000000
sam2_whu_4city_800_20ep_basic_s45,kitsap_1388.tif,0.000000
sam2_whu_4city_800_20ep_basic_s45,kitsap_2383.tif,1.000000
sam2_whu_4city_800_20ep_basic_s45,kitsap_2349.tif,0.936784
sam2_whu_4city_800_20ep_basic_s45,kitsap_706.tif,0.962175
sam2_whu_4city_800_20ep_basic_s45,kitsap_1973.tif,0.730894
sam2_whu_4city_800_20ep_basic_s45,kitsap_1204.tif,0.720946
sam2_whu_4city_800_20ep_basic_s45,kitsap_2820.tif,0.798424
sam2_whu_4city_800_20ep_basic_s45,kitsap_3047.tif,0.748073
sam2_whu_4city_800_20ep_basic_s45,kitsap_1518.tif,0.635573
sam2_whu_4city_800_20ep_basic_s45,kitsap_2433.tif,0.211778
sam2_whu_4city_800_20ep_basic_s45,kitsap_1308.tif,0.499301
sam2_whu_4city_800_20ep_basic_s45,kitsap_3069.tif,0.816338
sam2_whu_4city_800_20ep_basic_s45,kitsap_2098.tif,1.000000
sam2_whu_4city_800_20ep_basic_s45,kitsap_2398.tif,0.627124
sam2_whu_4city_800_20ep_basic_s45,kitsap_3162.tif,0.556855
sam2_whu_4city_800_20ep_basic_s45,kitsap_1757.tif,0.297532
sam2_whu_4city_800_20ep_basic_s45,kitsap_1279.tif,0.785837
sam2_whu_4city_800_20ep_basic_s45,kitsap_3292.tif,0.356637
sam2_whu_4city_800_20ep_basic_s45,kitsap_1857.tif,0.820520
sam2_whu_4city_800_20ep_basic_s45,kitsap_2097.tif,0.830838
sam2_whu_4city_800_20ep_basic_s45,kitsap_823.tif,0.711032
sam2_whu_4city_800_20ep_basic_s45,kitsap_735.tif,1.000000
sam2_whu_4city_800_20ep_basic_s45,kitsap_1392.tif,1.000000
sam2_whu_4city_800_20ep_basic_s45,kitsap_3396.tif,0.488360
sam2_whu_4city_800_20ep_basic_s45,kitsap_3521.tif,0.723281
sam2_whu_4city_800_20ep_basic_s45,kitsap_2818.tif,1.000000
sam2_whu_4city_800_20ep_basic_s45,kitsap_2409.tif,0.165858
sam2_whu_4city_800_20ep_basic_s45,kitsap_1639.tif,0.819016
sam2_whu_4city_800_20ep_basic_s45,kitsap_2414.tif,0.405510
sam2_whu_4city_800_20ep_basic_s45,kitsap_2365.tif,0.762431
sam2_whu_4city_800_20ep_basic_s45,kitsap_1791.tif,0.705436
sam2_whu_4city_800_20ep_basic_s45,kitsap_1980.tif,0.879502
sam2_whu_4city_800_20ep_basic_s45,kitsap_129.tif,1.000000
sam2_whu_4city_800_20ep_basic_s45,kitsap_166.tif,1.000000
sam2_whu_4city_800_20ep_basic_s45,kitsap_936.tif,1.000000
sam2_whu_4city_800_20ep_basic_s45,kitsap_3581.tif,0.807513
sam2_whu_4city_800_20ep_basic_s45,kitsap_3068.tif,0.850008
sam2_whu_4city_800_20ep_basic_s45,kitsap_1753.tif,0.604311
sam2_whu_4city_800_20ep_basic_s45,kitsap_1534.tif,0.885595
sam2_whu_4city_800_20ep_basic_s45,kitsap_2842.tif,0.765204
sam2_whu_4city_800_20ep_basic_s45,kitsap_227.tif,0.797340
sam2_whu_4city_800_20ep_basic_s45,kitsap_3346.tif,0.000000
sam2_whu_4city_800_20ep_basic_s45,kitsap_3339.tif,0.000000
sam2_whu_4city_800_20ep_basic_s45,kitsap_970.tif,1.000000
sam2_whu_4city_800_20ep_basic_s45,kitsap_3522.tif,0.563750
sam2_whu_4city_800_20ep_basic_s45,kitsap_3006.tif,1.000000
sam2_whu_4city_800_20ep_basic_s45,kitsap_507.tif,0.848668
sam2_whu_4city_800_20ep_basic_s45,kitsap_2500.tif,0.815103
sam2_whu_4city_800_20ep_basic_s45,kitsap_2506.tif,0.696528
sam2_whu_4city_800_20ep_basic_s45,kitsap_865.tif,1.000000
sam2_whu_4city_800_20ep_basic_s45,kitsap_1493.tif,0.600603
sam2_whu_4city_800_20ep_basic_s45,kitsap_275.tif,0.791631
sam2_whu_4city_800_20ep_basic_s45,kitsap_1053.tif,1.000000
sam2_whu_4city_800_20ep_basic_s45,kitsap_2699.tif,0.000000
sam2_whu_4city_800_20ep_basic_s45,kitsap_3550.tif,0.809444
sam2_whu_4city_800_20ep_basic_s45,kitsap_1766.tif,0.884444
sam2_whu_4city_800_20ep_basic_s45,kitsap_2906.tif,0.708821
sam2_whu_4city_800_20ep_basic_s45,kitsap_770.tif,1.000000
sam2_whu_4city_800_20ep_basic_s45,kitsap_1407.tif,0.211915
sam2_whu_4city_800_20ep_basic_s45,kitsap_2090.tif,0.790305
sam2_whu_4city_800_20ep_basic_s45,kitsap_3360.tif,0.120742
sam2_whu_4city_800_20ep_basic_s45,kitsap_2798.tif,0.466013
sam2_whu_4city_800_20ep_basic_s45,kitsap_3538.tif,1.000000
sam2_whu_4city_800_20ep_basic_s45,kitsap_2292.tif,0.463020
sam2_whu_4city_800_20ep_basic_s45,kitsap_1909.tif,0.406971
sam2_whu_4city_800_20ep_basic_s45,kitsap_55.tif,1.000000
sam2_whu_4city_800_20ep_basic_s45,kitsap_2270.tif,1.000000
sam2_whu_4city_800_20ep_basic_s45,kitsap_612.tif,1.000000
sam2_whu_4city_800_20ep_basic_s45,kitsap_731.tif,0.917027
sam2_whu_4city_800_20ep_basic_s45,kitsap_1533.tif,1.000000
sam2_whu_4city_800_20ep_basic_s45,kitsap_3132.tif,0.770895
sam2_whu_4city_800_20ep_basic_s45,kitsap_3221.tif,0.792197
sam2_whu_4city_800_20ep_basic_s45,kitsap_2871.tif,0.585256
sam2_whu_4city_800_20ep_basic_s45,kitsap_2962.tif,0.439334
sam2_whu_4city_800_20ep_basic_s45,kitsap_3163.tif,0.861551
sam2_whu_4city_800_20ep_basic_s45,kitsap_3080.tif,0.741973
sam2_whu_4city_800_20ep_basic_s45,kitsap_1803.tif,0.701099
sam2_whu_4city_800_20ep_basic_s45,kitsap_3462.tif,1.000000
sam2_whu_4city_800_20ep_basic_s45,kitsap_2750.tif,0.705764
sam2_whu_4city_800_20ep_basic_s45,kitsap_1728.tif,0.961273
sam2_whu_4city_800_20ep_basic_s45,kitsap_290.tif,1.000000
sam2_whu_4city_800_20ep_basic_s45,kitsap_2537.tif,0.680909
sam2_whu_4city_800_20ep_basic_s45,kitsap_1961.tif,0.728131
sam2_whu_4city_800_20ep_basic_s45,kitsap_3051.tif,0.794783
sam2_whu_4city_800_20ep_basic_s45,kitsap_3131.tif,0.458159
sam2_whu_4city_800_20ep_basic_s45,kitsap_669.tif,0.835709
sam2_whu_4city_800_20ep_basic_s45,kitsap_1241.tif,0.585307
sam2_whu_4city_800_20ep_basic_s45,kitsap_1302.tif,0.759480
sam2_whu_4city_800_20ep_basic_s45,kitsap_2919.tif,0.803227
sam2_whu_4city_800_20ep_basic_s45,kitsap_2300.tif,0.434731
sam2_whu_4city_800_20ep_basic_s45,kitsap_2723.tif,0.684332
sam2_whu_4city_800_20ep_basic_s45,kitsap_3143.tif,0.416794
sam2_whu_4city_800_20ep_basic_s45,kitsap_291.tif,1.000000
sam2_whu_4city_800_20ep_basic_s45,kitsap_2914.tif,0.607671
sam2_whu_4city_800_20ep_basic_s45,kitsap_3294.tif,0.706391
sam2_whu_4city_800_20ep_basic_s45,kitsap_1531.tif,1.000000
sam2_whu_4city_800_20ep_basic_s45,kitsap_3558.tif,1.000000
sam2_whu_4city_800_20ep_basic_s45,kitsap_3171.tif,0.828202
sam2_whu_4city_800_20ep_basic_s45,kitsap_2773.tif,0.870870
sam2_whu_4city_800_20ep_basic_s45,kitsap_937.tif,0.204847
sam2_whu_4city_800_20ep_basic_s45,kitsap_3045.tif,0.722811
sam2_whu_4city_800_20ep_basic_s45,kitsap_1321.tif,0.910967
sam2_whu_4city_800_20ep_basic_s45,kitsap_2775.tif,0.586486
sam2_whu_4city_800_20ep_basic_s45,kitsap_3019.tif,0.620469
sam2_whu_4city_800_20ep_basic_s45,kitsap_2783.tif,1.000000
sam2_whu_4city_800_20ep_basic_s45,kitsap_1187.tif,0.613296
sam2_whu_4city_800_20ep_basic_s45,kitsap_2774.tif,1.000000
sam2_whu_4city_800_20ep_basic_s45,kitsap_1005.tif,0.054601
sam2_whu_4city_800_20ep_basic_s45,kitsap_2424.tif,0.243741
sam2_whu_4city_800_20ep_basic_s45,kitsap_2979.tif,0.784857
sam2_whu_4city_800_20ep_basic_s45,kitsap_1266.tif,0.763380
sam2_whu_4city_800_20ep_basic_s45,kitsap_1967.tif,0.603906
sam2_whu_4city_800_20ep_basic_s45,kitsap_2019.tif,1.000000
sam2_whu_4city_800_20ep_basic_s45,kitsap_2164.tif,0.303327
sam2_whu_4city_800_20ep_basic_s45,kitsap_3207.tif,0.000000
sam2_whu_4city_800_20ep_basic_s45,kitsap_2138.tif,0.719969
sam2_whu_4city_800_20ep_basic_s45,kitsap_252.tif,0.745236
sam2_whu_4city_800_20ep_basic_s45,kitsap_230.tif,1.000000
sam2_whu_4city_800_20ep_basic_s45,kitsap_1696.tif,1.000000
sam2_whu_4city_800_20ep_basic_s45,kitsap_1747.tif,0.166068
sam2_whu_4city_800_20ep_basic_s45,kitsap_1617.tif,0.360227
sam2_whu_4city_800_20ep_basic_s45,kitsap_1219.tif,0.254334
sam2_whu_4city_800_20ep_basic_s45,kitsap_1182.tif,0.842231
sam2_whu_4city_800_20ep_basic_s45,kitsap_983.tif,0.702488
sam2_whu_4city_800_20ep_basic_s45,kitsap_468.tif,1.000000
sam2_whu_4city_800_20ep_basic_s45,kitsap_221.tif,1.000000
sam2_whu_4city_800_20ep_basic_s45,kitsap_3253.tif,0.625562
sam2_whu_4city_800_20ep_basic_s45,kitsap_263.tif,0.670116
sam2_whu_4city_800_20ep_basic_s45,kitsap_2092.tif,1.000000
sam2_whu_4city_800_20ep_basic_s45,kitsap_2992.tif,0.790102
sam2_whu_4city_800_20ep_basic_s45,kitsap_2231.tif,1.000000
sam2_whu_4city_800_20ep_basic_s45,kitsap_1033.tif,0.934186
sam2_whu_4city_800_20ep_basic_s45,kitsap_545.tif,0.504853
sam2_whu_4city_800_20ep_basic_s45,kitsap_2943.tif,0.594382
sam2_whu_4city_800_20ep_basic_s45,kitsap_3435.tif,1.000000
sam2_whu_4city_800_20ep_basic_s45,kitsap_511.tif,0.637940
sam2_whu_4city_800_20ep_basic_s45,kitsap_3517.tif,0.807782
sam2_whu_4city_800_20ep_basic_s45,kitsap_2895.tif,0.806571
sam2_whu_4city_800_20ep_basic_s45,kitsap_1642.tif,0.523128
sam2_whu_4city_800_20ep_basic_s45,kitsap_3366.tif,0.635847
sam2_whu_4city_800_20ep_basic_s45,kitsap_3003.tif,1.000000
sam2_whu_4city_800_20ep_basic_s45,kitsap_1025.tif,0.844587
sam2_whu_4city_800_20ep_basic_s45,kitsap_933.tif,0.682335
sam2_whu_4city_800_20ep_basic_s45,kitsap_1252.tif,0.805215
sam2_whu_4city_800_20ep_basic_s45,kitsap_1668.tif,0.710247
sam2_whu_4city_800_20ep_basic_s45,kitsap_2769.tif,0.543778
sam2_whu_4city_800_20ep_basic_s45,kitsap_406.tif,0.279560
sam2_whu_4city_800_20ep_basic_s45,kitsap_1571.tif,0.705009
sam2_whu_4city_800_20ep_basic_s45,kitsap_860.tif,0.000000
sam2_whu_4city_800_20ep_basic_s45,kitsap_236.tif,0.760645
sam2_whu_4city_800_20ep_basic_s45,kitsap_2266.tif,0.790272
sam2_whu_4city_800_20ep_basic_s45,kitsap_1896.tif,0.853383
sam2_whu_4city_800_20ep_basic_s45,kitsap_2955.tif,0.739540
sam2_whu_4city_800_20ep_basic_s45,kitsap_1773.tif,0.552042
sam2_whu_4city_800_20ep_basic_s45,kitsap_1504.tif,0.858180
sam2_whu_4city_800_20ep_basic_s45,kitsap_1946.tif,0.793572
sam2_whu_4city_800_20ep_basic_s45,kitsap_106.tif,0.843254
sam2_whu_4city_800_20ep_basic_s45,kitsap_1898.tif,0.863278
sam2_whu_4city_800_20ep_basic_s45,kitsap_2897.tif,0.569959
sam2_whu_4city_800_20ep_basic_s45,kitsap_934.tif,0.741448
sam2_whu_4city_800_20ep_basic_s45,kitsap_1240.tif,0.725866
sam2_whu_4city_800_20ep_basic_s45,kitsap_1550.tif,0.078624
sam2_whu_4city_800_20ep_basic_s46,kitsap_3430.tif,0.760673
sam2_whu_4city_800_20ep_basic_s46,kitsap_1439.tif,0.915278
sam2_whu_4city_800_20ep_basic_s46,kitsap_1113.tif,0.670786
sam2_whu_4city_800_20ep_basic_s46,kitsap_763.tif,1.000000
sam2_whu_4city_800_20ep_basic_s46,kitsap_2082.tif,1.000000
sam2_whu_4city_800_20ep_basic_s46,kitsap_1903.tif,1.000000
sam2_whu_4city_800_20ep_basic_s46,kitsap_1854.tif,0.734483
sam2_whu_4city_800_20ep_basic_s46,kitsap_1545.tif,0.580606
sam2_whu_4city_800_20ep_basic_s46,kitsap_750.tif,0.787810
sam2_whu_4city_800_20ep_basic_s46,kitsap_1396.tif,1.000000
sam2_whu_4city_800_20ep_basic_s46,kitsap_3579.tif,0.194485
sam2_whu_4city_800_20ep_basic_s46,kitsap_960.tif,1.000000
sam2_whu_4city_800_20ep_basic_s46,kitsap_3052.tif,0.709835
sam2_whu_4city_800_20ep_basic_s46,kitsap_1358.tif,0.534120
sam2_whu_4city_800_20ep_basic_s46,kitsap_3184.tif,0.369883
sam2_whu_4city_800_20ep_basic_s46,kitsap_2766.tif,0.834000
sam2_whu_4city_800_20ep_basic_s46,kitsap_1163.tif,0.835363
sam2_whu_4city_800_20ep_basic_s46,kitsap_1145.tif,1.000000
sam2_whu_4city_800_20ep_basic_s46,kitsap_1371.tif,0.732510
sam2_whu_4city_800_20ep_basic_s46,kitsap_1812.tif,0.436568
sam2_whu_4city_800_20ep_basic_s46,kitsap_1894.tif,1.000000
sam2_whu_4city_800_20ep_basic_s46,kitsap_2958.tif,0.839127
sam2_whu_4city_800_20ep_basic_s46,kitsap_3240.tif,0.587652
sam2_whu_4city_800_20ep_basic_s46,kitsap_961.tif,1.000000
sam2_whu_4city_800_20ep_basic_s46,kitsap_3110.tif,0.000000
sam2_whu_4city_800_20ep_basic_s46,kitsap_1760.tif,0.708310
sam2_whu_4city_800_20ep_basic_s46,kitsap_3501.tif,0.773814
sam2_whu_4city_800_20ep_basic_s46,kitsap_538.tif,0.305983
sam2_whu_4city_800_20ep_basic_s46,kitsap_864.tif,1.000000
sam2_whu_4city_800_20ep_basic_s46,kitsap_2764.tif,0.916063
sam2_whu_4city_800_20ep_basic_s46,kitsap_1847.tif,0.741071
sam2_whu_4city_800_20ep_basic_s46,kitsap_2786.tif,0.787807
sam2_whu_4city_800_20ep_basic_s46,kitsap_318.tif,1.000000
sam2_whu_4city_800_20ep_basic_s46,kitsap_2085.tif,1.000000
sam2_whu_4city_800_20ep_basic_s46,kitsap_1006.tif,0.512984
sam2_whu_4city_800_20ep_basic_s46,kitsap_1631.tif,0.887571
sam2_whu_4city_800_20ep_basic_s46,kitsap_806.tif,0.792168
sam2_whu_4city_800_20ep_basic_s46,kitsap_2345.tif,0.753007
sam2_whu_4city_800_20ep_basic_s46,kitsap_868.tif,0.773732
sam2_whu_4city_800_20ep_basic_s46,kitsap_1628.tif,0.888256
sam2_whu_4city_800_20ep_basic_s46,kitsap_736.tif,1.000000
sam2_whu_4city_800_20ep_basic_s46,kitsap_234.tif,0.765813
sam2_whu_4city_800_20ep_basic_s46,kitsap_873.tif,1.000000
sam2_whu_4city_800_20ep_basic_s46,kitsap_91.tif,1.000000
sam2_whu_4city_800_20ep_basic_s46,kitsap_2468.tif,1.000000
sam2_whu_4city_800_20ep_basic_s46,kitsap_1388.tif,0.000000
sam2_whu_4city_800_20ep_basic_s46,kitsap_2383.tif,1.000000
sam2_whu_4city_800_20ep_basic_s46,kitsap_2349.tif,0.942434
sam2_whu_4city_800_20ep_basic_s46,kitsap_706.tif,0.965564
sam2_whu_4city_800_20ep_basic_s46,kitsap_1973.tif,0.780856
sam2_whu_4city_800_20ep_basic_s46,kitsap_1204.tif,0.675083
sam2_whu_4city_800_20ep_basic_s46,kitsap_2820.tif,0.770999
sam2_whu_4city_800_20ep_basic_s46,kitsap_3047.tif,0.759212
sam2_whu_4city_800_20ep_basic_s46,kitsap_1518.tif,0.676285
sam2_whu_4city_800_20ep_basic_s46,kitsap_2433.tif,0.510700
sam2_whu_4city_800_20ep_basic_s46,kitsap_1308.tif,0.519754
sam2_whu_4city_800_20ep_basic_s46,kitsap_3069.tif,0.793150
sam2_whu_4city_800_20ep_basic_s46,kitsap_2098.tif,1.000000
sam2_whu_4city_800_20ep_basic_s46,kitsap_2398.tif,0.635583
sam2_whu_4city_800_20ep_basic_s46,kitsap_3162.tif,0.607548
sam2_whu_4city_800_20ep_basic_s46,kitsap_1757.tif,0.218466
sam2_whu_4city_800_20ep_basic_s46,kitsap_1279.tif,0.828673
sam2_whu_4city_800_20ep_basic_s46,kitsap_3292.tif,0.000000
sam2_whu_4city_800_20ep_basic_s46,kitsap_1857.tif,0.832104
sam2_whu_4city_800_20ep_basic_s46,kitsap_2097.tif,0.866786
sam2_whu_4city_800_20ep_basic_s46,kitsap_823.tif,0.753303
sam2_whu_4city_800_20ep_basic_s46,kitsap_735.tif,1.000000
sam2_whu_4city_800_20ep_basic_s46,kitsap_1392.tif,1.000000
sam2_whu_4city_800_20ep_basic_s46,kitsap_3396.tif,0.563660
sam2_whu_4city_800_20ep_basic_s46,kitsap_3521.tif,0.735112
sam2_whu_4city_800_20ep_basic_s46,kitsap_2818.tif,1.000000
sam2_whu_4city_800_20ep_basic_s46,kitsap_2409.tif,0.378583
sam2_whu_4city_800_20ep_basic_s46,kitsap_1639.tif,0.894332
sam2_whu_4city_800_20ep_basic_s46,kitsap_2414.tif,0.425942
sam2_whu_4city_800_20ep_basic_s46,kitsap_2365.tif,0.000000
sam2_whu_4city_800_20ep_basic_s46,kitsap_1791.tif,0.650047
sam2_whu_4city_800_20ep_basic_s46,kitsap_1980.tif,0.886846
sam2_whu_4city_800_20ep_basic_s46,kitsap_129.tif,1.000000
sam2_whu_4city_800_20ep_basic_s46,kitsap_166.tif,1.000000
sam2_whu_4city_800_20ep_basic_s46,kitsap_936.tif,1.000000
sam2_whu_4city_800_20ep_basic_s46,kitsap_3581.tif,0.768957
sam2_whu_4city_800_20ep_basic_s46,kitsap_3068.tif,0.859826
sam2_whu_4city_800_20ep_basic_s46,kitsap_1753.tif,0.661027
sam2_whu_4city_800_20ep_basic_s46,kitsap_1534.tif,0.876570
sam2_whu_4city_800_20ep_basic_s46,kitsap_2842.tif,0.781187
sam2_whu_4city_800_20ep_basic_s46,kitsap_227.tif,0.502812
sam2_whu_4city_800_20ep_basic_s46,kitsap_3346.tif,0.640000
sam2_whu_4city_800_20ep_basic_s46,kitsap_3339.tif,0.000000
sam2_whu_4city_800_20ep_basic_s46,kitsap_970.tif,1.000000
sam2_whu_4city_800_20ep_basic_s46,kitsap_3522.tif,0.545531
sam2_whu_4city_800_20ep_basic_s46,kitsap_3006.tif,1.000000
sam2_whu_4city_800_20ep_basic_s46,kitsap_507.tif,0.873379
sam2_whu_4city_800_20ep_basic_s46,kitsap_2500.tif,0.833042
sam2_whu_4city_800_20ep_basic_s46,kitsap_2506.tif,0.704761
sam2_whu_4city_800_20ep_basic_s46,kitsap_865.tif,1.000000
sam2_whu_4city_800_20ep_basic_s46,kitsap_1493.tif,0.654702
sam2_whu_4city_800_20ep_basic_s46,kitsap_275.tif,0.886479
sam2_whu_4city_800_20ep_basic_s46,kitsap_1053.tif,1.000000
sam2_whu_4city_800_20ep_basic_s46,kitsap_2699.tif,0.000000
sam2_whu_4city_800_20ep_basic_s46,kitsap_3550.tif,0.842514
sam2_whu_4city_800_20ep_basic_s46,kitsap_1766.tif,0.916786
sam2_whu_4city_800_20ep_basic_s46,kitsap_2906.tif,0.665998
sam2_whu_4city_800_20ep_basic_s46,kitsap_770.tif,1.000000
sam2_whu_4city_800_20ep_basic_s46,kitsap_1407.tif,0.171150
sam2_whu_4city_800_20ep_basic_s46,kitsap_2090.tif,0.789431
sam2_whu_4city_800_20ep_basic_s46,kitsap_3360.tif,0.275759
sam2_whu_4city_800_20ep_basic_s46,kitsap_2798.tif,0.484363
sam2_whu_4city_800_20ep_basic_s46,kitsap_3538.tif,1.000000
sam2_whu_4city_800_20ep_basic_s46,kitsap_2292.tif,0.893174
sam2_whu_4city_800_20ep_basic_s46,kitsap_1909.tif,0.604293
sam2_whu_4city_800_20ep_basic_s46,kitsap_55.tif,1.000000
sam2_whu_4city_800_20ep_basic_s46,kitsap_2270.tif,1.000000
sam2_whu_4city_800_20ep_basic_s46,kitsap_612.tif,1.000000
sam2_whu_4city_800_20ep_basic_s46,kitsap_731.tif,0.896467
sam2_whu_4city_800_20ep_basic_s46,kitsap_1533.tif,1.000000
sam2_whu_4city_800_20ep_basic_s46,kitsap_3132.tif,0.686978
sam2_whu_4city_800_20ep_basic_s46,kitsap_3221.tif,0.862060
sam2_whu_4city_800_20ep_basic_s46,kitsap_2871.tif,0.601499
sam2_whu_4city_800_20ep_basic_s46,kitsap_2962.tif,0.594326
sam2_whu_4city_800_20ep_basic_s46,kitsap_3163.tif,0.868357
sam2_whu_4city_800_20ep_basic_s46,kitsap_3080.tif,0.782191
sam2_whu_4city_800_20ep_basic_s46,kitsap_1803.tif,0.726543
sam2_whu_4city_800_20ep_basic_s46,kitsap_3462.tif,1.000000
sam2_whu_4city_800_20ep_basic_s46,kitsap_2750.tif,0.863550
sam2_whu_4city_800_20ep_basic_s46,kitsap_1728.tif,0.967644
sam2_whu_4city_800_20ep_basic_s46,kitsap_290.tif,1.000000
sam2_whu_4city_800_20ep_basic_s46,kitsap_2537.tif,0.636803
sam2_whu_4city_800_20ep_basic_s46,kitsap_1961.tif,0.778934
sam2_whu_4city_800_20ep_basic_s46,kitsap_3051.tif,0.789894
sam2_whu_4city_800_20ep_basic_s46,kitsap_3131.tif,0.459708
sam2_whu_4city_800_20ep_basic_s46,kitsap_669.tif,0.635245
sam2_whu_4city_800_20ep_basic_s46,kitsap_1241.tif,0.616757
sam2_whu_4city_800_20ep_basic_s46,kitsap_1302.tif,0.708837
sam2_whu_4city_800_20ep_basic_s46,kitsap_2919.tif,0.848326
sam2_whu_4city_800_20ep_basic_s46,kitsap_2300.tif,0.594730
sam2_whu_4city_800_20ep_basic_s46,kitsap_2723.tif,0.721009
sam2_whu_4city_800_20ep_basic_s46,kitsap_3143.tif,0.476117
sam2_whu_4city_800_20ep_basic_s46,kitsap_291.tif,1.000000
sam2_whu_4city_800_20ep_basic_s46,kitsap_2914.tif,0.666393
sam2_whu_4city_800_20ep_basic_s46,kitsap_3294.tif,0.689905
sam2_whu_4city_800_20ep_basic_s46,kitsap_1531.tif,1.000000
sam2_whu_4city_800_20ep_basic_s46,kitsap_3558.tif,1.000000
sam2_whu_4city_800_20ep_basic_s46,kitsap_3171.tif,0.788927
sam2_whu_4city_800_20ep_basic_s46,kitsap_2773.tif,0.877455
sam2_whu_4city_800_20ep_basic_s46,kitsap_937.tif,0.210146
sam2_whu_4city_800_20ep_basic_s46,kitsap_3045.tif,0.693791
sam2_whu_4city_800_20ep_basic_s46,kitsap_1321.tif,0.907919
sam2_whu_4city_800_20ep_basic_s46,kitsap_2775.tif,0.824602
sam2_whu_4city_800_20ep_basic_s46,kitsap_3019.tif,0.723993
sam2_whu_4city_800_20ep_basic_s46,kitsap_2783.tif,1.000000
sam2_whu_4city_800_20ep_basic_s46,kitsap_1187.tif,0.763722
sam2_whu_4city_800_20ep_basic_s46,kitsap_2774.tif,1.000000
sam2_whu_4city_800_20ep_basic_s46,kitsap_1005.tif,0.615904
sam2_whu_4city_800_20ep_basic_s46,kitsap_2424.tif,0.387334
sam2_whu_4city_800_20ep_basic_s46,kitsap_2979.tif,0.750638
sam2_whu_4city_800_20ep_basic_s46,kitsap_1266.tif,0.838681
sam2_whu_4city_800_20ep_basic_s46,kitsap_1967.tif,0.560167
sam2_whu_4city_800_20ep_basic_s46,kitsap_2019.tif,1.000000
sam2_whu_4city_800_20ep_basic_s46,kitsap_2164.tif,0.149278
sam2_whu_4city_800_20ep_basic_s46,kitsap_3207.tif,0.921403
sam2_whu_4city_800_20ep_basic_s46,kitsap_2138.tif,0.751713
sam2_whu_4city_800_20ep_basic_s46,kitsap_252.tif,0.856514
sam2_whu_4city_800_20ep_basic_s46,kitsap_230.tif,1.000000
sam2_whu_4city_800_20ep_basic_s46,kitsap_1696.tif,1.000000
sam2_whu_4city_800_20ep_basic_s46,kitsap_1747.tif,0.482759
sam2_whu_4city_800_20ep_basic_s46,kitsap_1617.tif,0.741175
sam2_whu_4city_800_20ep_basic_s46,kitsap_1219.tif,0.128627
sam2_whu_4city_800_20ep_basic_s46,kitsap_1182.tif,0.865768
sam2_whu_4city_800_20ep_basic_s46,kitsap_983.tif,0.889811
sam2_whu_4city_800_20ep_basic_s46,kitsap_468.tif,1.000000
sam2_whu_4city_800_20ep_basic_s46,kitsap_221.tif,1.000000
sam2_whu_4city_800_20ep_basic_s46,kitsap_3253.tif,0.552651
sam2_whu_4city_800_20ep_basic_s46,kitsap_263.tif,0.928727
sam2_whu_4city_800_20ep_basic_s46,kitsap_2092.tif,1.000000
sam2_whu_4city_800_20ep_basic_s46,kitsap_2992.tif,0.741597
sam2_whu_4city_800_20ep_basic_s46,kitsap_2231.tif,1.000000
sam2_whu_4city_800_20ep_basic_s46,kitsap_1033.tif,0.942853
sam2_whu_4city_800_20ep_basic_s46,kitsap_545.tif,0.277182
sam2_whu_4city_800_20ep_basic_s46,kitsap_2943.tif,0.591669
sam2_whu_4city_800_20ep_basic_s46,kitsap_3435.tif,1.000000
sam2_whu_4city_800_20ep_basic_s46,kitsap_511.tif,0.734037
sam2_whu_4city_800_20ep_basic_s46,kitsap_3517.tif,0.791572
sam2_whu_4city_800_20ep_basic_s46,kitsap_2895.tif,0.792734
sam2_whu_4city_800_20ep_basic_s46,kitsap_1642.tif,0.589097
sam2_whu_4city_800_20ep_basic_s46,kitsap_3366.tif,0.515244
sam2_whu_4city_800_20ep_basic_s46,kitsap_3003.tif,1.000000
sam2_whu_4city_800_20ep_basic_s46,kitsap_1025.tif,0.818666
sam2_whu_4city_800_20ep_basic_s46,kitsap_933.tif,0.691051
sam2_whu_4city_800_20ep_basic_s46,kitsap_1252.tif,0.834646
sam2_whu_4city_800_20ep_basic_s46,kitsap_1668.tif,0.691211
sam2_whu_4city_800_20ep_basic_s46,kitsap_2769.tif,0.587387
sam2_whu_4city_800_20ep_basic_s46,kitsap_406.tif,0.294860
sam2_whu_4city_800_20ep_basic_s46,kitsap_1571.tif,0.722462
sam2_whu_4city_800_20ep_basic_s46,kitsap_860.tif,0.510832
sam2_whu_4city_800_20ep_basic_s46,kitsap_236.tif,0.778503
sam2_whu_4city_800_20ep_basic_s46,kitsap_2266.tif,0.835722
sam2_whu_4city_800_20ep_basic_s46,kitsap_1896.tif,0.824957
sam2_whu_4city_800_20ep_basic_s46,kitsap_2955.tif,0.756608
sam2_whu_4city_800_20ep_basic_s46,kitsap_1773.tif,0.594678
sam2_whu_4city_800_20ep_basic_s46,kitsap_1504.tif,0.848273
sam2_whu_4city_800_20ep_basic_s46,kitsap_1946.tif,0.889145
sam2_whu_4city_800_20ep_basic_s46,kitsap_106.tif,0.850300
sam2_whu_4city_800_20ep_basic_s46,kitsap_1898.tif,0.880056
sam2_whu_4city_800_20ep_basic_s46,kitsap_2897.tif,0.615104
sam2_whu_4city_800_20ep_basic_s46,kitsap_934.tif,0.698535
sam2_whu_4city_800_20ep_basic_s46,kitsap_1240.tif,0.548140
sam2_whu_4city_800_20ep_basic_s46,kitsap_1550.tif,0.782140
sam2_whu_4city_800_20ep_fosmix_s42,kitsap_3430.tif,0.758568
sam2_whu_4city_800_20ep_fosmix_s42,kitsap_1439.tif,0.885519
sam2_whu_4city_800_20ep_fosmix_s42,kitsap_1113.tif,0.489534
sam2_whu_4city_800_20ep_fosmix_s42,kitsap_763.tif,1.000000
sam2_whu_4city_800_20ep_fosmix_s42,kitsap_2082.tif,1.000000
sam2_whu_4city_800_20ep_fosmix_s42,kitsap_1903.tif,1.000000
sam2_whu_4city_800_20ep_fosmix_s42,kitsap_1854.tif,0.754967
sam2_whu_4city_800_20ep_fosmix_s42,kitsap_1545.tif,0.534632
sam2_whu_4city_800_20ep_fosmix_s42,kitsap_750.tif,0.782526
sam2_whu_4city_800_20ep_fosmix_s42,kitsap_1396.tif,1.000000
sam2_whu_4city_800_20ep_fosmix_s42,kitsap_3579.tif,0.158151
sam2_whu_4city_800_20ep_fosmix_s42,kitsap_960.tif,1.000000
sam2_whu_4city_800_20ep_fosmix_s42,kitsap_3052.tif,0.732989
sam2_whu_4city_800_20ep_fosmix_s42,kitsap_1358.tif,0.562200
sam2_whu_4city_800_20ep_fosmix_s42,kitsap_3184.tif,0.804508
sam2_whu_4city_800_20ep_fosmix_s42,kitsap_2766.tif,0.759841
sam2_whu_4city_800_20ep_fosmix_s42,kitsap_1163.tif,0.771469
sam2_whu_4city_800_20ep_fosmix_s42,kitsap_1145.tif,1.000000
sam2_whu_4city_800_20ep_fosmix_s42,kitsap_1371.tif,0.815664
sam2_whu_4city_800_20ep_fosmix_s42,kitsap_1812.tif,0.558495
sam2_whu_4city_800_20ep_fosmix_s42,kitsap_1894.tif,1.000000
sam2_whu_4city_800_20ep_fosmix_s42,kitsap_2958.tif,0.789095
sam2_whu_4city_800_20ep_fosmix_s42,kitsap_3240.tif,0.720393
sam2_whu_4city_800_20ep_fosmix_s42,kitsap_961.tif,1.000000
sam2_whu_4city_800_20ep_fosmix_s42,kitsap_3110.tif,0.000000
sam2_whu_4city_800_20ep_fosmix_s42,kitsap_1760.tif,0.763598
sam2_whu_4city_800_20ep_fosmix_s42,kitsap_3501.tif,0.814457
sam2_whu_4city_800_20ep_fosmix_s42,kitsap_538.tif,0.290598
sam2_whu_4city_800_20ep_fosmix_s42,kitsap_864.tif,1.000000
sam2_whu_4city_800_20ep_fosmix_s42,kitsap_2764.tif,0.878676
sam2_whu_4city_800_20ep_fosmix_s42,kitsap_1847.tif,0.771028
sam2_whu_4city_800_20ep_fosmix_s42,kitsap_2786.tif,0.774679
sam2_whu_4city_800_20ep_fosmix_s42,kitsap_318.tif,1.000000
sam2_whu_4city_800_20ep_fosmix_s42,kitsap_2085.tif,1.000000
sam2_whu_4city_800_20ep_fosmix_s42,kitsap_1006.tif,0.531564
sam2_whu_4city_800_20ep_fosmix_s42,kitsap_1631.tif,0.826985
sam2_whu_4city_800_20ep_fosmix_s42,kitsap_806.tif,0.817320
sam2_whu_4city_800_20ep_fosmix_s42,kitsap_2345.tif,0.542816
sam2_whu_4city_800_20ep_fosmix_s42,kitsap_868.tif,0.167353
sam2_whu_4city_800_20ep_fosmix_s42,kitsap_1628.tif,0.857647
sam2_whu_4city_800_20ep_fosmix_s42,kitsap_736.tif,1.000000
sam2_whu_4city_800_20ep_fosmix_s42,kitsap_234.tif,0.740796
sam2_whu_4city_800_20ep_fosmix_s42,kitsap_873.tif,1.000000
sam2_whu_4city_800_20ep_fosmix_s42,kitsap_91.tif,1.000000
sam2_whu_4city_800_20ep_fosmix_s42,kitsap_2468.tif,1.000000
sam2_whu_4city_800_20ep_fosmix_s42,kitsap_1388.tif,0.000000
sam2_whu_4city_800_20ep_fosmix_s42,kitsap_2383.tif,1.000000
sam2_whu_4city_800_20ep_fosmix_s42,kitsap_2349.tif,0.949993
sam2_whu_4city_800_20ep_fosmix_s42,kitsap_706.tif,0.976783
sam2_whu_4city_800_20ep_fosmix_s42,kitsap_1973.tif,0.816149
sam2_whu_4city_800_20ep_fosmix_s42,kitsap_1204.tif,0.742338
sam2_whu_4city_800_20ep_fosmix_s42,kitsap_2820.tif,0.792070
sam2_whu_4city_800_20ep_fosmix_s42,kitsap_3047.tif,0.842854
sam2_whu_4city_800_20ep_fosmix_s42,kitsap_1518.tif,0.615693
sam2_whu_4city_800_20ep_fosmix_s42,kitsap_2433.tif,0.185207
sam2_whu_4city_800_20ep_fosmix_s42,kitsap_1308.tif,0.753557
sam2_whu_4city_800_20ep_fosmix_s42,kitsap_3069.tif,0.857078
sam2_whu_4city_800_20ep_fosmix_s42,kitsap_2098.tif,1.000000
sam2_whu_4city_800_20ep_fosmix_s42,kitsap_2398.tif,0.681069
sam2_whu_4city_800_20ep_fosmix_s42,kitsap_3162.tif,0.612148
sam2_whu_4city_800_20ep_fosmix_s42,kitsap_1757.tif,0.311354
sam2_whu_4city_800_20ep_fosmix_s42,kitsap_1279.tif,0.856460
sam2_whu_4city_800_20ep_fosmix_s42,kitsap_3292.tif,0.880641
sam2_whu_4city_800_20ep_fosmix_s42,kitsap_1857.tif,0.810015
sam2_whu_4city_800_20ep_fosmix_s42,kitsap_2097.tif,0.827431
sam2_whu_4city_800_20ep_fosmix_s42,kitsap_823.tif,0.786567
sam2_whu_4city_800_20ep_fosmix_s42,kitsap_735.tif,1.000000
sam2_whu_4city_800_20ep_fosmix_s42,kitsap_1392.tif,1.000000
sam2_whu_4city_800_20ep_fosmix_s42,kitsap_3396.tif,0.733662
sam2_whu_4city_800_20ep_fosmix_s42,kitsap_3521.tif,0.765886
sam2_whu_4city_800_20ep_fosmix_s42,kitsap_2818.tif,1.000000
sam2_whu_4city_800_20ep_fosmix_s42,kitsap_2409.tif,0.357383
sam2_whu_4city_800_20ep_fosmix_s42,kitsap_1639.tif,0.903334
sam2_whu_4city_800_20ep_fosmix_s42,kitsap_2414.tif,0.367967
sam2_whu_4city_800_20ep_fosmix_s42,kitsap_2365.tif,0.794118
sam2_whu_4city_800_20ep_fosmix_s42,kitsap_1791.tif,0.762668
sam2_whu_4city_800_20ep_fosmix_s42,kitsap_1980.tif,0.851281
sam2_whu_4city_800_20ep_fosmix_s42,kitsap_129.tif,1.000000
sam2_whu_4city_800_20ep_fosmix_s42,kitsap_166.tif,1.000000
sam2_whu_4city_800_20ep_fosmix_s42,kitsap_936.tif,1.000000
sam2_whu_4city_800_20ep_fosmix_s42,kitsap_3581.tif,0.812126
sam2_whu_4city_800_20ep_fosmix_s42,kitsap_3068.tif,0.888084
sam2_whu_4city_800_20ep_fosmix_s42,kitsap_1753.tif,0.698934
sam2_whu_4city_800_20ep_fosmix_s42,kitsap_1534.tif,0.880717
sam2_whu_4city_800_20ep_fosmix_s42,kitsap_2842.tif,0.792306
sam2_whu_4city_800_20ep_fosmix_s42,kitsap_227.tif,0.887034
sam2_whu_4city_800_20ep_fosmix_s42,kitsap_3346.tif,0.669468
sam2_whu_4city_800_20ep_fosmix_s42,kitsap_3339.tif,0.751724
sam2_whu_4city_800_20ep_fosmix_s42,kitsap_970.tif,1.000000
sam2_whu_4city_800_20ep_fosmix_s42,kitsap_3522.tif,0.567268
sam2_whu_4city_800_20ep_fosmix_s42,kitsap_3006.tif,1.000000
sam2_whu_4city_800_20ep_fosmix_s42,kitsap_507.tif,0.860936
sam2_whu_4city_800_20ep_fosmix_s42,kitsap_2500.tif,0.799160
sam2_whu_4city_800_20ep_fosmix_s42,kitsap_2506.tif,0.788554
sam2_whu_4city_800_20ep_fosmix_s42,kitsap_865.tif,1.000000
sam2_whu_4city_800_20ep_fosmix_s42,kitsap_1493.tif,0.823329
sam2_whu_4city_800_20ep_fosmix_s42,kitsap_275.tif,0.888121
sam2_whu_4city_800_20ep_fosmix_s42,kitsap_1053.tif,1.000000
sam2_whu_4city_800_20ep_fosmix_s42,kitsap_2699.tif,0.000000
sam2_whu_4city_800_20ep_fosmix_s42,kitsap_3550.tif,0.839529
sam2_whu_4city_800_20ep_fosmix_s42,kitsap_1766.tif,0.892397
sam2_whu_4city_800_20ep_fosmix_s42,kitsap_2906.tif,0.634938
sam2_whu_4city_800_20ep_fosmix_s42,kitsap_770.tif,1.000000
sam2_whu_4city_800_20ep_fosmix_s42,kitsap_1407.tif,0.870741
sam2_whu_4city_800_20ep_fosmix_s42,kitsap_2090.tif,0.829240
sam2_whu_4city_800_20ep_fosmix_s42,kitsap_3360.tif,0.471264
sam2_whu_4city_800_20ep_fosmix_s42,kitsap_2798.tif,0.661790
sam2_whu_4city_800_20ep_fosmix_s42,kitsap_3538.tif,1.000000
sam2_whu_4city_800_20ep_fosmix_s42,kitsap_2292.tif,0.116365
sam2_whu_4city_800_20ep_fosmix_s42,kitsap_1909.tif,0.560414
sam2_whu_4city_800_20ep_fosmix_s42,kitsap_55.tif,1.000000
sam2_whu_4city_800_20ep_fosmix_s42,kitsap_2270.tif,1.000000
sam2_whu_4city_800_20ep_fosmix_s42,kitsap_612.tif,1.000000
sam2_whu_4city_800_20ep_fosmix_s42,kitsap_731.tif,0.925276
sam2_whu_4city_800_20ep_fosmix_s42,kitsap_1533.tif,1.000000
sam2_whu_4city_800_20ep_fosmix_s42,kitsap_3132.tif,0.805446
sam2_whu_4city_800_20ep_fosmix_s42,kitsap_3221.tif,0.865173
sam2_whu_4city_800_20ep_fosmix_s42,kitsap_2871.tif,0.648269
sam2_whu_4city_800_20ep_fosmix_s42,kitsap_2962.tif,0.592950
sam2_whu_4city_800_20ep_fosmix_s42,kitsap_3163.tif,0.904811
sam2_whu_4city_800_20ep_fosmix_s42,kitsap_3080.tif,0.778630
sam2_whu_4city_800_20ep_fosmix_s42,kitsap_1803.tif,0.725819
sam2_whu_4city_800_20ep_fosmix_s42,kitsap_3462.tif,1.000000
sam2_whu_4city_800_20ep_fosmix_s42,kitsap_2750.tif,0.841072
sam2_whu_4city_800_20ep_fosmix_s42,kitsap_1728.tif,0.971254
sam2_whu_4city_800_20ep_fosmix_s42,kitsap_290.tif,1.000000
sam2_whu_4city_800_20ep_fosmix_s42,kitsap_2537.tif,0.701580
sam2_whu_4city_800_20ep_fosmix_s42,kitsap_1961.tif,0.851610
sam2_whu_4city_800_20ep_fosmix_s42,kitsap_3051.tif,0.816190
sam2_whu_4city_800_20ep_fosmix_s42,kitsap_3131.tif,0.824326
sam2_whu_4city_800_20ep_fosmix_s42,kitsap_669.tif,0.850600
sam2_whu_4city_800_20ep_fosmix_s42,kitsap_1241.tif,0.712892
sam2_whu_4city_800_20ep_fosmix_s42,kitsap_1302.tif,0.860920
sam2_whu_4city_800_20ep_fosmix_s42,kitsap_2919.tif,0.828766
sam2_whu_4city_800_20ep_fosmix_s42,kitsap_2300.tif,0.773142
sam2_whu_4city_800_20ep_fosmix_s42,kitsap_2723.tif,0.717754
sam2_whu_4city_800_20ep_fosmix_s42,kitsap_3143.tif,0.718958
sam2_whu_4city_800_20ep_fosmix_s42,kitsap_291.tif,1.000000
sam2_whu_4city_800_20ep_fosmix_s42,kitsap_2914.tif,0.559726
sam2_whu_4city_800_20ep_fosmix_s42,kitsap_3294.tif,0.725974
sam2_whu_4city_800_20ep_fosmix_s42,kitsap_1531.tif,1.000000
sam2_whu_4city_800_20ep_fosmix_s42,kitsap_3558.tif,1.000000
sam2_whu_4city_800_20ep_fosmix_s42,kitsap_3171.tif,0.790574
sam2_whu_4city_800_20ep_fosmix_s42,kitsap_2773.tif,0.866991
sam2_whu_4city_800_20ep_fosmix_s42,kitsap_937.tif,0.213220
sam2_whu_4city_800_20ep_fosmix_s42,kitsap_3045.tif,0.636390
sam2_whu_4city_800_20ep_fosmix_s42,kitsap_1321.tif,0.907554
sam2_whu_4city_800_20ep_fosmix_s42,kitsap_2775.tif,0.594410
sam2_whu_4city_800_20ep_fosmix_s42,kitsap_3019.tif,0.802244
sam2_whu_4city_800_20ep_fosmix_s42,kitsap_2783.tif,1.000000
sam2_whu_4city_800_20ep_fosmix_s42,kitsap_1187.tif,0.643623
sam2_whu_4city_800_20ep_fosmix_s42,kitsap_2774.tif,1.000000
sam2_whu_4city_800_20ep_fosmix_s42,kitsap_1005.tif,0.809702
sam2_whu_4city_800_20ep_fosmix_s42,kitsap_2424.tif,0.782311
sam2_whu_4city_800_20ep_fosmix_s42,kitsap_2979.tif,0.786379
sam2_whu_4city_800_20ep_fosmix_s42,kitsap_1266.tif,0.877408
sam2_whu_4city_800_20ep_fosmix_s42,kitsap_1967.tif,0.786288
sam2_whu_4city_800_20ep_fosmix_s42,kitsap_2019.tif,1.000000
sam2_whu_4city_800_20ep_fosmix_s42,kitsap_2164.tif,0.628843
sam2_whu_4city_800_20ep_fosmix_s42,kitsap_3207.tif,0.917633
sam2_whu_4city_800_20ep_fosmix_s42,kitsap_2138.tif,0.728688
sam2_whu_4city_800_20ep_fosmix_s42,kitsap_252.tif,0.814195
sam2_whu_4city_800_20ep_fosmix_s42,kitsap_230.tif,1.000000
sam2_whu_4city_800_20ep_fosmix_s42,kitsap_1696.tif,1.000000
sam2_whu_4city_800_20ep_fosmix_s42,kitsap_1747.tif,0.795776
sam2_whu_4city_800_20ep_fosmix_s42,kitsap_1617.tif,0.750855
sam2_whu_4city_800_20ep_fosmix_s42,kitsap_1219.tif,0.638774
sam2_whu_4city_800_20ep_fosmix_s42,kitsap_1182.tif,0.864658
sam2_whu_4city_800_20ep_fosmix_s42,kitsap_983.tif,0.921868
sam2_whu_4city_800_20ep_fosmix_s42,kitsap_468.tif,1.000000
sam2_whu_4city_800_20ep_fosmix_s42,kitsap_221.tif,1.000000
sam2_whu_4city_800_20ep_fosmix_s42,kitsap_3253.tif,0.621646
sam2_whu_4city_800_20ep_fosmix_s42,kitsap_263.tif,0.901038
sam2_whu_4city_800_20ep_fosmix_s42,kitsap_2092.tif,1.000000
sam2_whu_4city_800_20ep_fosmix_s42,kitsap_2992.tif,0.779012
sam2_whu_4city_800_20ep_fosmix_s42,kitsap_2231.tif,1.000000
sam2_whu_4city_800_20ep_fosmix_s42,kitsap_1033.tif,0.938940
sam2_whu_4city_800_20ep_fosmix_s42,kitsap_545.tif,0.391338
sam2_whu_4city_800_20ep_fosmix_s42,kitsap_2943.tif,0.697622
sam2_whu_4city_800_20ep_fosmix_s42,kitsap_3435.tif,1.000000
sam2_whu_4city_800_20ep_fosmix_s42,kitsap_511.tif,0.786817
sam2_whu_4city_800_20ep_fosmix_s42,kitsap_3517.tif,0.831846
sam2_whu_4city_800_20ep_fosmix_s42,kitsap_2895.tif,0.794524
sam2_whu_4city_800_20ep_fosmix_s42,kitsap_1642.tif,0.563594
sam2_whu_4city_800_20ep_fosmix_s42,kitsap_3366.tif,0.609321
sam2_whu_4city_800_20ep_fosmix_s42,kitsap_3003.tif,1.000000
sam2_whu_4city_800_20ep_fosmix_s42,kitsap_1025.tif,0.847239
sam2_whu_4city_800_20ep_fosmix_s42,kitsap_933.tif,0.706991
sam2_whu_4city_800_20ep_fosmix_s42,kitsap_1252.tif,0.837278
sam2_whu_4city_800_20ep_fosmix_s42,kitsap_1668.tif,0.763389
sam2_whu_4city_800_20ep_fosmix_s42,kitsap_2769.tif,0.684362
sam2_whu_4city_800_20ep_fosmix_s42,kitsap_406.tif,0.282044
sam2_whu_4city_800_20ep_fosmix_s42,kitsap_1571.tif,0.847103
sam2_whu_4city_800_20ep_fosmix_s42,kitsap_860.tif,0.000000
sam2_whu_4city_800_20ep_fosmix_s42,kitsap_236.tif,0.831575
sam2_whu_4city_800_20ep_fosmix_s42,kitsap_2266.tif,0.926689
sam2_whu_4city_800_20ep_fosmix_s42,kitsap_1896.tif,0.830958
sam2_whu_4city_800_20ep_fosmix_s42,kitsap_2955.tif,0.762309
sam2_whu_4city_800_20ep_fosmix_s42,kitsap_1773.tif,0.614279
sam2_whu_4city_800_20ep_fosmix_s42,kitsap_1504.tif,0.854782
sam2_whu_4city_800_20ep_fosmix_s42,kitsap_1946.tif,0.909017
sam2_whu_4city_800_20ep_fosmix_s42,kitsap_106.tif,0.872948
sam2_whu_4city_800_20ep_fosmix_s42,kitsap_1898.tif,0.842586
sam2_whu_4city_800_20ep_fosmix_s42,kitsap_2897.tif,0.670789
sam2_whu_4city_800_20ep_fosmix_s42,kitsap_934.tif,0.752420
sam2_whu_4city_800_20ep_fosmix_s42,kitsap_1240.tif,0.560031
sam2_whu_4city_800_20ep_fosmix_s42,kitsap_1550.tif,0.826810
sam2_whu_4city_800_20ep_fosmix_s43,kitsap_3430.tif,0.759577
sam2_whu_4city_800_20ep_fosmix_s43,kitsap_1439.tif,0.865109
sam2_whu_4city_800_20ep_fosmix_s43,kitsap_1113.tif,0.700448
sam2_whu_4city_800_20ep_fosmix_s43,kitsap_763.tif,1.000000
sam2_whu_4city_800_20ep_fosmix_s43,kitsap_2082.tif,1.000000
sam2_whu_4city_800_20ep_fosmix_s43,kitsap_1903.tif,1.000000
sam2_whu_4city_800_20ep_fosmix_s43,kitsap_1854.tif,0.780258
sam2_whu_4city_800_20ep_fosmix_s43,kitsap_1545.tif,0.532821
sam2_whu_4city_800_20ep_fosmix_s43,kitsap_750.tif,0.781833
sam2_whu_4city_800_20ep_fosmix_s43,kitsap_1396.tif,1.000000
sam2_whu_4city_800_20ep_fosmix_s43,kitsap_3579.tif,0.000000
sam2_whu_4city_800_20ep_fosmix_s43,kitsap_960.tif,1.000000
sam2_whu_4city_800_20ep_fosmix_s43,kitsap_3052.tif,0.706053
sam2_whu_4city_800_20ep_fosmix_s43,kitsap_1358.tif,0.746975
sam2_whu_4city_800_20ep_fosmix_s43,kitsap_3184.tif,0.785407
sam2_whu_4city_800_20ep_fosmix_s43,kitsap_2766.tif,0.831882
sam2_whu_4city_800_20ep_fosmix_s43,kitsap_1163.tif,0.835734
sam2_whu_4city_800_20ep_fosmix_s43,kitsap_1145.tif,0.000000
sam2_whu_4city_800_20ep_fosmix_s43,kitsap_1371.tif,0.775726
sam2_whu_4city_800_20ep_fosmix_s43,kitsap_1812.tif,0.665560
sam2_whu_4city_800_20ep_fosmix_s43,kitsap_1894.tif,1.000000
sam2_whu_4city_800_20ep_fosmix_s43,kitsap_2958.tif,0.772962
sam2_whu_4city_800_20ep_fosmix_s43,kitsap_3240.tif,0.763094
sam2_whu_4city_800_20ep_fosmix_s43,kitsap_961.tif,1.000000
sam2_whu_4city_800_20ep_fosmix_s43,kitsap_3110.tif,0.045320
sam2_whu_4city_800_20ep_fosmix_s43,kitsap_1760.tif,0.711156
sam2_whu_4city_800_20ep_fosmix_s43,kitsap_3501.tif,0.823477
sam2_whu_4city_800_20ep_fosmix_s43,kitsap_538.tif,0.000000
sam2_whu_4city_800_20ep_fosmix_s43,kitsap_864.tif,1.000000
sam2_whu_4city_800_20ep_fosmix_s43,kitsap_2764.tif,0.890587
sam2_whu_4city_800_20ep_fosmix_s43,kitsap_1847.tif,0.767345
sam2_whu_4city_800_20ep_fosmix_s43,kitsap_2786.tif,0.794828
sam2_whu_4city_800_20ep_fosmix_s43,kitsap_318.tif,1.000000
sam2_whu_4city_800_20ep_fosmix_s43,kitsap_2085.tif,1.000000
sam2_whu_4city_800_20ep_fosmix_s43,kitsap_1006.tif,0.574012
sam2_whu_4city_800_20ep_fosmix_s43,kitsap_1631.tif,0.858519
sam2_whu_4city_800_20ep_fosmix_s43,kitsap_806.tif,0.796474
sam2_whu_4city_800_20ep_fosmix_s43,kitsap_2345.tif,0.713739
sam2_whu_4city_800_20ep_fosmix_s43,kitsap_868.tif,0.780332
sam2_whu_4city_800_20ep_fosmix_s43,kitsap_1628.tif,0.861446
sam2_whu_4city_800_20ep_fosmix_s43,kitsap_736.tif,1.000000
sam2_whu_4city_800_20ep_fosmix_s43,kitsap_234.tif,0.815408
sam2_whu_4city_800_20ep_fosmix_s43,kitsap_873.tif,0.000000
sam2_whu_4city_800_20ep_fosmix_s43,kitsap_91.tif,1.000000
sam2_whu_4city_800_20ep_fosmix_s43,kitsap_2468.tif,1.000000
sam2_whu_4city_800_20ep_fosmix_s43,kitsap_1388.tif,0.225326
sam2_whu_4city_800_20ep_fosmix_s43,kitsap_2383.tif,1.000000
sam2_whu_4city_800_20ep_fosmix_s43,kitsap_2349.tif,0.956628
sam2_whu_4city_800_20ep_fosmix_s43,kitsap_706.tif,0.296622
sam2_whu_4city_800_20ep_fosmix_s43,kitsap_1973.tif,0.784964
sam2_whu_4city_800_20ep_fosmix_s43,kitsap_1204.tif,0.736785
sam2_whu_4city_800_20ep_fosmix_s43,kitsap_2820.tif,0.788517
sam2_whu_4city_800_20ep_fosmix_s43,kitsap_3047.tif,0.887139
sam2_whu_4city_800_20ep_fosmix_s43,kitsap_1518.tif,0.624507
sam2_whu_4city_800_20ep_fosmix_s43,kitsap_2433.tif,0.807290
sam2_whu_4city_800_20ep_fosmix_s43,kitsap_1308.tif,0.755972
sam2_whu_4city_800_20ep_fosmix_s43,kitsap_3069.tif,0.848417
sam2_whu_4city_800_20ep_fosmix_s43,kitsap_2098.tif,1.000000
sam2_whu_4city_800_20ep_fosmix_s43,kitsap_2398.tif,0.709246
sam2_whu_4city_800_20ep_fosmix_s43,kitsap_3162.tif,0.623542
sam2_whu_4city_800_20ep_fosmix_s43,kitsap_1757.tif,0.308400
sam2_whu_4city_800_20ep_fosmix_s43,kitsap_1279.tif,0.822203
sam2_whu_4city_800_20ep_fosmix_s43,kitsap_3292.tif,0.848241
sam2_whu_4city_800_20ep_fosmix_s43,kitsap_1857.tif,0.837485
sam2_whu_4city_800_20ep_fosmix_s43,kitsap_2097.tif,0.854294
sam2_whu_4city_800_20ep_fosmix_s43,kitsap_823.tif,0.698125
sam2_whu_4city_800_20ep_fosmix_s43,kitsap_735.tif,1.000000
sam2_whu_4city_800_20ep_fosmix_s43,kitsap_1392.tif,1.000000
sam2_whu_4city_800_20ep_fosmix_s43,kitsap_3396.tif,0.744035
sam2_whu_4city_800_20ep_fosmix_s43,kitsap_3521.tif,0.727040
sam2_whu_4city_800_20ep_fosmix_s43,kitsap_2818.tif,1.000000
sam2_whu_4city_800_20ep_fosmix_s43,kitsap_2409.tif,0.755224
sam2_whu_4city_800_20ep_fosmix_s43,kitsap_1639.tif,0.919954
sam2_whu_4city_800_20ep_fosmix_s43,kitsap_2414.tif,0.392883
sam2_whu_4city_800_20ep_fosmix_s43,kitsap_2365.tif,0.708333
sam2_whu_4city_800_20ep_fosmix_s43,kitsap_1791.tif,0.761275
sam2_whu_4city_800_20ep_fosmix_s43,kitsap_1980.tif,0.852865
sam2_whu_4city_800_20ep_fosmix_s43,kitsap_129.tif,1.000000
sam2_whu_4city_800_20ep_fosmix_s43,kitsap_166.tif,1.000000
sam2_whu_4city_800_20ep_fosmix_s43,kitsap_936.tif,1.000000
sam2_whu_4city_800_20ep_fosmix_s43,kitsap_3581.tif,0.808087
sam2_whu_4city_800_20ep_fosmix_s43,kitsap_3068.tif,0.881461
sam2_whu_4city_800_20ep_fosmix_s43,kitsap_1753.tif,0.778489
sam2_whu_4city_800_20ep_fosmix_s43,kitsap_1534.tif,0.831666
sam2_whu_4city_800_20ep_fosmix_s43,kitsap_2842.tif,0.784202
sam2_whu_4city_800_20ep_fosmix_s43,kitsap_227.tif,0.880839
sam2_whu_4city_800_20ep_fosmix_s43,kitsap_3346.tif,0.000000
sam2_whu_4city_800_20ep_fosmix_s43,kitsap_3339.tif,0.000000
sam2_whu_4city_800_20ep_fosmix_s43,kitsap_970.tif,1.000000
sam2_whu_4city_800_20ep_fosmix_s43,kitsap_3522.tif,0.567166
sam2_whu_4city_800_20ep_fosmix_s43,kitsap_3006.tif,1.000000
sam2_whu_4city_800_20ep_fosmix_s43,kitsap_507.tif,0.869148
sam2_whu_4city_800_20ep_fosmix_s43,kitsap_2500.tif,0.825424
sam2_whu_4city_800_20ep_fosmix_s43,kitsap_2506.tif,0.769212
sam2_whu_4city_800_20ep_fosmix_s43,kitsap_865.tif,1.000000
sam2_whu_4city_800_20ep_fosmix_s43,kitsap_1493.tif,0.803199
sam2_whu_4city_800_20ep_fosmix_s43,kitsap_275.tif,0.887410
sam2_whu_4city_800_20ep_fosmix_s43,kitsap_1053.tif,1.000000
sam2_whu_4city_800_20ep_fosmix_s43,kitsap_2699.tif,0.000000
sam2_whu_4city_800_20ep_fosmix_s43,kitsap_3550.tif,0.845092
sam2_whu_4city_800_20ep_fosmix_s43,kitsap_1766.tif,0.913660
sam2_whu_4city_800_20ep_fosmix_s43,kitsap_2906.tif,0.674008
sam2_whu_4city_800_20ep_fosmix_s43,kitsap_770.tif,1.000000
sam2_whu_4city_800_20ep_fosmix_s43,kitsap_1407.tif,0.940114
sam2_whu_4city_800_20ep_fosmix_s43,kitsap_2090.tif,0.819636
sam2_whu_4city_800_20ep_fosmix_s43,kitsap_3360.tif,0.647685
sam2_whu_4city_800_20ep_fosmix_s43,kitsap_2798.tif,0.881479
sam2_whu_4city_800_20ep_fosmix_s43,kitsap_3538.tif,1.000000
sam2_whu_4city_800_20ep_fosmix_s43,kitsap_2292.tif,0.422614
sam2_whu_4city_800_20ep_fosmix_s43,kitsap_1909.tif,0.603612
sam2_whu_4city_800_20ep_fosmix_s43,kitsap_55.tif,1.000000
sam2_whu_4city_800_20ep_fosmix_s43,kitsap_2270.tif,1.000000
sam2_whu_4city_800_20ep_fosmix_s43,kitsap_612.tif,1.000000
sam2_whu_4city_800_20ep_fosmix_s43,kitsap_731.tif,0.916352
sam2_whu_4city_800_20ep_fosmix_s43,kitsap_1533.tif,1.000000
sam2_whu_4city_800_20ep_fosmix_s43,kitsap_3132.tif,0.714507
sam2_whu_4city_800_20ep_fosmix_s43,kitsap_3221.tif,0.881714
sam2_whu_4city_800_20ep_fosmix_s43,kitsap_2871.tif,0.781154
sam2_whu_4city_800_20ep_fosmix_s43,kitsap_2962.tif,0.598713
sam2_whu_4city_800_20ep_fosmix_s43,kitsap_3163.tif,0.896313
sam2_whu_4city_800_20ep_fosmix_s43,kitsap_3080.tif,0.839362
sam2_whu_4city_800_20ep_fosmix_s43,kitsap_1803.tif,0.717785
sam2_whu_4city_800_20ep_fosmix_s43,kitsap_3462.tif,1.000000
sam2_whu_4city_800_20ep_fosmix_s43,kitsap_2750.tif,0.729662
sam2_whu_4city_800_20ep_fosmix_s43,kitsap_1728.tif,0.966410
sam2_whu_4city_800_20ep_fosmix_s43,kitsap_290.tif,1.000000
sam2_whu_4city_800_20ep_fosmix_s43,kitsap_2537.tif,0.750481
sam2_whu_4city_800_20ep_fosmix_s43,kitsap_1961.tif,0.677499
sam2_whu_4city_800_20ep_fosmix_s43,kitsap_3051.tif,0.808721
sam2_whu_4city_800_20ep_fosmix_s43,kitsap_3131.tif,0.829706
sam2_whu_4city_800_20ep_fosmix_s43,kitsap_669.tif,0.883084
sam2_whu_4city_800_20ep_fosmix_s43,kitsap_1241.tif,0.371979
sam2_whu_4city_800_20ep_fosmix_s43,kitsap_1302.tif,0.818662
sam2_whu_4city_800_20ep_fosmix_s43,kitsap_2919.tif,0.826889
sam2_whu_4city_800_20ep_fosmix_s43,kitsap_2300.tif,0.750059
sam2_whu_4city_800_20ep_fosmix_s43,kitsap_2723.tif,0.716257
sam2_whu_4city_800_20ep_fosmix_s43,kitsap_3143.tif,0.642871
sam2_whu_4city_800_20ep_fosmix_s43,kitsap_291.tif,1.000000
sam2_whu_4city_800_20ep_fosmix_s43,kitsap_2914.tif,0.786985
sam2_whu_4city_800_20ep_fosmix_s43,kitsap_3294.tif,0.615359
sam2_whu_4city_800_20ep_fosmix_s43,kitsap_1531.tif,1.000000
sam2_whu_4city_800_20ep_fosmix_s43,kitsap_3558.tif,1.000000
sam2_whu_4city_800_20ep_fosmix_s43,kitsap_3171.tif,0.760150
sam2_whu_4city_800_20ep_fosmix_s43,kitsap_2773.tif,0.908037
sam2_whu_4city_800_20ep_fosmix_s43,kitsap_937.tif,0.000000
sam2_whu_4city_800_20ep_fosmix_s43,kitsap_3045.tif,0.699225
sam2_whu_4city_800_20ep_fosmix_s43,kitsap_1321.tif,0.880813
sam2_whu_4city_800_20ep_fosmix_s43,kitsap_2775.tif,0.622912
sam2_whu_4city_800_20ep_fosmix_s43,kitsap_3019.tif,0.753383
sam2_whu_4city_800_20ep_fosmix_s43,kitsap_2783.tif,1.000000
sam2_whu_4city_800_20ep_fosmix_s43,kitsap_1187.tif,0.591041
sam2_whu_4city_800_20ep_fosmix_s43,kitsap_2774.tif,1.000000
sam2_whu_4city_800_20ep_fosmix_s43,kitsap_1005.tif,0.840586
sam2_whu_4city_800_20ep_fosmix_s43,kitsap_2424.tif,0.864584
sam2_whu_4city_800_20ep_fosmix_s43,kitsap_2979.tif,0.790372
sam2_whu_4city_800_20ep_fosmix_s43,kitsap_1266.tif,0.845886
sam2_whu_4city_800_20ep_fosmix_s43,kitsap_1967.tif,0.689636
sam2_whu_4city_800_20ep_fosmix_s43,kitsap_2019.tif,1.000000
sam2_whu_4city_800_20ep_fosmix_s43,kitsap_2164.tif,0.773442
sam2_whu_4city_800_20ep_fosmix_s43,kitsap_3207.tif,0.898776
sam2_whu_4city_800_20ep_fosmix_s43,kitsap_2138.tif,0.776375
sam2_whu_4city_800_20ep_fosmix_s43,kitsap_252.tif,0.805131
sam2_whu_4city_800_20ep_fosmix_s43,kitsap_230.tif,1.000000
sam2_whu_4city_800_20ep_fosmix_s43,kitsap_1696.tif,1.000000
sam2_whu_4city_800_20ep_fosmix_s43,kitsap_1747.tif,0.699507
sam2_whu_4city_800_20ep_fosmix_s43,kitsap_1617.tif,0.597615
sam2_whu_4city_800_20ep_fosmix_s43,kitsap_1219.tif,0.748151
sam2_whu_4city_800_20ep_fosmix_s43,kitsap_1182.tif,0.860092
sam2_whu_4city_800_20ep_fosmix_s43,kitsap_983.tif,0.835642
sam2_whu_4city_800_20ep_fosmix_s43,kitsap_468.tif,1.000000
sam2_whu_4city_800_20ep_fosmix_s43,kitsap_221.tif,1.000000
sam2_whu_4city_800_20ep_fosmix_s43,kitsap_3253.tif,0.712569
sam2_whu_4city_800_20ep_fosmix_s43,kitsap_263.tif,0.893140
sam2_whu_4city_800_20ep_fosmix_s43,kitsap_2092.tif,1.000000
sam2_whu_4city_800_20ep_fosmix_s43,kitsap_2992.tif,0.731482
sam2_whu_4city_800_20ep_fosmix_s43,kitsap_2231.tif,1.000000
sam2_whu_4city_800_20ep_fosmix_s43,kitsap_1033.tif,0.873206
sam2_whu_4city_800_20ep_fosmix_s43,kitsap_545.tif,0.573870
sam2_whu_4city_800_20ep_fosmix_s43,kitsap_2943.tif,0.639751
sam2_whu_4city_800_20ep_fosmix_s43,kitsap_3435.tif,1.000000
sam2_whu_4city_800_20ep_fosmix_s43,kitsap_511.tif,0.784876
sam2_whu_4city_800_20ep_fosmix_s43,kitsap_3517.tif,0.828524
sam2_whu_4city_800_20ep_fosmix_s43,kitsap_2895.tif,0.792564
sam2_whu_4city_800_20ep_fosmix_s43,kitsap_1642.tif,0.587468
sam2_whu_4city_800_20ep_fosmix_s43,kitsap_3366.tif,0.682378
sam2_whu_4city_800_20ep_fosmix_s43,kitsap_3003.tif,1.000000
sam2_whu_4city_800_20ep_fosmix_s43,kitsap_1025.tif,0.849013
sam2_whu_4city_800_20ep_fosmix_s43,kitsap_933.tif,0.694721
sam2_whu_4city_800_20ep_fosmix_s43,kitsap_1252.tif,0.851666
sam2_whu_4city_800_20ep_fosmix_s43,kitsap_1668.tif,0.849524
sam2_whu_4city_800_20ep_fosmix_s43,kitsap_2769.tif,0.653240
sam2_whu_4city_800_20ep_fosmix_s43,kitsap_406.tif,0.293944
sam2_whu_4city_800_20ep_fosmix_s43,kitsap_1571.tif,0.696043
sam2_whu_4city_800_20ep_fosmix_s43,kitsap_860.tif,0.000000
sam2_whu_4city_800_20ep_fosmix_s43,kitsap_236.tif,0.831697
sam2_whu_4city_800_20ep_fosmix_s43,kitsap_2266.tif,0.872467
sam2_whu_4city_800_20ep_fosmix_s43,kitsap_1896.tif,0.828930
sam2_whu_4city_800_20ep_fosmix_s43,kitsap_2955.tif,0.760204
sam2_whu_4city_800_20ep_fosmix_s43,kitsap_1773.tif,0.646575
sam2_whu_4city_800_20ep_fosmix_s43,kitsap_1504.tif,0.862786
sam2_whu_4city_800_20ep_fosmix_s43,kitsap_1946.tif,0.886099
sam2_whu_4city_800_20ep_fosmix_s43,kitsap_106.tif,0.852148
sam2_whu_4city_800_20ep_fosmix_s43,kitsap_1898.tif,0.893423
sam2_whu_4city_800_20ep_fosmix_s43,kitsap_2897.tif,0.663522
sam2_whu_4city_800_20ep_fosmix_s43,kitsap_934.tif,0.732622
sam2_whu_4city_800_20ep_fosmix_s43,kitsap_1240.tif,0.532744
sam2_whu_4city_800_20ep_fosmix_s43,kitsap_1550.tif,0.868750
sam2_whu_4city_800_20ep_fosmix_s44,kitsap_3430.tif,0.752197
sam2_whu_4city_800_20ep_fosmix_s44,kitsap_1439.tif,0.871905
sam2_whu_4city_800_20ep_fosmix_s44,kitsap_1113.tif,0.509181
sam2_whu_4city_800_20ep_fosmix_s44,kitsap_763.tif,1.000000
sam2_whu_4city_800_20ep_fosmix_s44,kitsap_2082.tif,1.000000
sam2_whu_4city_800_20ep_fosmix_s44,kitsap_1903.tif,1.000000
sam2_whu_4city_800_20ep_fosmix_s44,kitsap_1854.tif,0.755918
sam2_whu_4city_800_20ep_fosmix_s44,kitsap_1545.tif,0.533294
sam2_whu_4city_800_20ep_fosmix_s44,kitsap_750.tif,0.786669
sam2_whu_4city_800_20ep_fosmix_s44,kitsap_1396.tif,1.000000
sam2_whu_4city_800_20ep_fosmix_s44,kitsap_3579.tif,0.000000
sam2_whu_4city_800_20ep_fosmix_s44,kitsap_960.tif,1.000000
sam2_whu_4city_800_20ep_fosmix_s44,kitsap_3052.tif,0.720138
sam2_whu_4city_800_20ep_fosmix_s44,kitsap_1358.tif,0.390919
sam2_whu_4city_800_20ep_fosmix_s44,kitsap_3184.tif,0.777506
sam2_whu_4city_800_20ep_fosmix_s44,kitsap_2766.tif,0.742589
sam2_whu_4city_800_20ep_fosmix_s44,kitsap_1163.tif,0.787146
sam2_whu_4city_800_20ep_fosmix_s44,kitsap_1145.tif,1.000000
sam2_whu_4city_800_20ep_fosmix_s44,kitsap_1371.tif,0.695054
sam2_whu_4city_800_20ep_fosmix_s44,kitsap_1812.tif,0.542245
sam2_whu_4city_800_20ep_fosmix_s44,kitsap_1894.tif,1.000000
sam2_whu_4city_800_20ep_fosmix_s44,kitsap_2958.tif,0.795776
sam2_whu_4city_800_20ep_fosmix_s44,kitsap_3240.tif,0.776889
sam2_whu_4city_800_20ep_fosmix_s44,kitsap_961.tif,1.000000
sam2_whu_4city_800_20ep_fosmix_s44,kitsap_3110.tif,0.062231
sam2_whu_4city_800_20ep_fosmix_s44,kitsap_1760.tif,0.740287
sam2_whu_4city_800_20ep_fosmix_s44,kitsap_3501.tif,0.732079
sam2_whu_4city_800_20ep_fosmix_s44,kitsap_538.tif,0.000000
sam2_whu_4city_800_20ep_fosmix_s44,kitsap_864.tif,1.000000
sam2_whu_4city_800_20ep_fosmix_s44,kitsap_2764.tif,0.897181
sam2_whu_4city_800_20ep_fosmix_s44,kitsap_1847.tif,0.755291
sam2_whu_4city_800_20ep_fosmix_s44,kitsap_2786.tif,0.798896
sam2_whu_4city_800_20ep_fosmix_s44,kitsap_318.tif,1.000000
sam2_whu_4city_800_20ep_fosmix_s44,kitsap_2085.tif,1.000000
sam2_whu_4city_800_20ep_fosmix_s44,kitsap_1006.tif,0.441075
sam2_whu_4city_800_20ep_fosmix_s44,kitsap_1631.tif,0.836104
sam2_whu_4city_800_20ep_fosmix_s44,kitsap_806.tif,0.789024
sam2_whu_4city_800_20ep_fosmix_s44,kitsap_2345.tif,0.714830
sam2_whu_4city_800_20ep_fosmix_s44,kitsap_868.tif,0.741514
sam2_whu_4city_800_20ep_fosmix_s44,kitsap_1628.tif,0.888911
sam2_whu_4city_800_20ep_fosmix_s44,kitsap_736.tif,1.000000
sam2_whu_4city_800_20ep_fosmix_s44,kitsap_234.tif,0.768369
sam2_whu_4city_800_20ep_fosmix_s44,kitsap_873.tif,1.000000
sam2_whu_4city_800_20ep_fosmix_s44,kitsap_91.tif,1.000000
sam2_whu_4city_800_20ep_fosmix_s44,kitsap_2468.tif,1.000000
sam2_whu_4city_800_20ep_fosmix_s44,kitsap_1388.tif,0.000000
sam2_whu_4city_800_20ep_fosmix_s44,kitsap_2383.tif,1.000000
sam2_whu_4city_800_20ep_fosmix_s44,kitsap_2349.tif,0.938196
sam2_whu_4city_800_20ep_fosmix_s44,kitsap_706.tif,0.965575
sam2_whu_4city_800_20ep_fosmix_s44,kitsap_1973.tif,0.762229
sam2_whu_4city_800_20ep_fosmix_s44,kitsap_1204.tif,0.705563
sam2_whu_4city_800_20ep_fosmix_s44,kitsap_2820.tif,0.833729
sam2_whu_4city_800_20ep_fosmix_s44,kitsap_3047.tif,0.830958
sam2_whu_4city_800_20ep_fosmix_s44,kitsap_1518.tif,0.632388
sam2_whu_4city_800_20ep_fosmix_s44,kitsap_2433.tif,0.808951
sam2_whu_4city_800_20ep_fosmix_s44,kitsap_1308.tif,0.627792
sam2_whu_4city_800_20ep_fosmix_s44,kitsap_3069.tif,0.779223
sam2_whu_4city_800_20ep_fosmix_s44,kitsap_2098.tif,1.000000
sam2_whu_4city_800_20ep_fosmix_s44,kitsap_2398.tif,0.606003
sam2_whu_4city_800_20ep_fosmix_s44,kitsap_3162.tif,0.573770
sam2_whu_4city_800_20ep_fosmix_s44,kitsap_1757.tif,0.718855
sam2_whu_4city_800_20ep_fosmix_s44,kitsap_1279.tif,0.787114
sam2_whu_4city_800_20ep_fosmix_s44,kitsap_3292.tif,0.845750
sam2_whu_4city_800_20ep_fosmix_s44,kitsap_1857.tif,0.797983
sam2_whu_4city_800_20ep_fosmix_s44,kitsap_2097.tif,0.853857
sam2_whu_4city_800_20ep_fosmix_s44,kitsap_823.tif,0.780988
sam2_whu_4city_800_20ep_fosmix_s44,kitsap_735.tif,1.000000
sam2_whu_4city_800_20ep_fosmix_s44,kitsap_1392.tif,1.000000
sam2_whu_4city_800_20ep_fosmix_s44,kitsap_3396.tif,0.707816
sam2_whu_4city_800_20ep_fosmix_s44,kitsap_3521.tif,0.698699
sam2_whu_4city_800_20ep_fosmix_s44,kitsap_2818.tif,1.000000
sam2_whu_4city_800_20ep_fosmix_s44,kitsap_2409.tif,0.709418
sam2_whu_4city_800_20ep_fosmix_s44,kitsap_1639.tif,0.918529
sam2_whu_4city_800_20ep_fosmix_s44,kitsap_2414.tif,0.368237
sam2_whu_4city_800_20ep_fosmix_s44,kitsap_2365.tif,0.000000
sam2_whu_4city_800_20ep_fosmix_s44,kitsap_1791.tif,0.754232
sam2_whu_4city_800_20ep_fosmix_s44,kitsap_1980.tif,0.868442
sam2_whu_4city_800_20ep_fosmix_s44,kitsap_129.tif,1.000000
sam2_whu_4city_800_20ep_fosmix_s44,kitsap_166.tif,1.000000
sam2_whu_4city_800_20ep_fosmix_s44,kitsap_936.tif,1.000000
sam2_whu_4city_800_20ep_fosmix_s44,kitsap_3581.tif,0.725435
sam2_whu_4city_800_20ep_fosmix_s44,kitsap_3068.tif,0.893505
sam2_whu_4city_800_20ep_fosmix_s44,kitsap_1753.tif,0.693281
sam2_whu_4city_800_20ep_fosmix_s44,kitsap_1534.tif,0.784140
sam2_whu_4city_800_20ep_fosmix_s44,kitsap_2842.tif,0.772184
sam2_whu_4city_800_20ep_fosmix_s44,kitsap_227.tif,0.872611
sam2_whu_4city_800_20ep_fosmix_s44,kitsap_3346.tif,0.704678
sam2_whu_4city_800_20ep_fosmix_s44,kitsap_3339.tif,0.000000
sam2_whu_4city_800_20ep_fosmix_s44,kitsap_970.tif,1.000000
sam2_whu_4city_800_20ep_fosmix_s44,kitsap_3522.tif,0.568023
sam2_whu_4city_800_20ep_fosmix_s44,kitsap_3006.tif,1.000000
sam2_whu_4city_800_20ep_fosmix_s44,kitsap_507.tif,0.864781
sam2_whu_4city_800_20ep_fosmix_s44,kitsap_2500.tif,0.832768
sam2_whu_4city_800_20ep_fosmix_s44,kitsap_2506.tif,0.756407
sam2_whu_4city_800_20ep_fosmix_s44,kitsap_865.tif,1.000000
sam2_whu_4city_800_20ep_fosmix_s44,kitsap_1493.tif,0.606580
sam2_whu_4city_800_20ep_fosmix_s44,kitsap_275.tif,0.887184
sam2_whu_4city_800_20ep_fosmix_s44,kitsap_1053.tif,1.000000
sam2_whu_4city_800_20ep_fosmix_s44,kitsap_2699.tif,0.000000
sam2_whu_4city_800_20ep_fosmix_s44,kitsap_3550.tif,0.846120
sam2_whu_4city_800_20ep_fosmix_s44,kitsap_1766.tif,0.895945
sam2_whu_4city_800_20ep_fosmix_s44,kitsap_2906.tif,0.603018
sam2_whu_4city_800_20ep_fosmix_s44,kitsap_770.tif,1.000000
sam2_whu_4city_800_20ep_fosmix_s44,kitsap_1407.tif,0.818423
sam2_whu_4city_800_20ep_fosmix_s44,kitsap_2090.tif,0.827278
sam2_whu_4city_800_20ep_fosmix_s44,kitsap_3360.tif,0.200858
sam2_whu_4city_800_20ep_fosmix_s44,kitsap_2798.tif,0.873561
sam2_whu_4city_800_20ep_fosmix_s44,kitsap_3538.tif,1.000000
sam2_whu_4city_800_20ep_fosmix_s44,kitsap_2292.tif,0.000000
sam2_whu_4city_800_20ep_fosmix_s44,kitsap_1909.tif,0.570796
sam2_whu_4city_800_20ep_fosmix_s44,kitsap_55.tif,1.000000
sam2_whu_4city_800_20ep_fosmix_s44,kitsap_2270.tif,1.000000
sam2_whu_4city_800_20ep_fosmix_s44,kitsap_612.tif,1.000000
sam2_whu_4city_800_20ep_fosmix_s44,kitsap_731.tif,0.898444
sam2_whu_4city_800_20ep_fosmix_s44,kitsap_1533.tif,1.000000
sam2_whu_4city_800_20ep_fosmix_s44,kitsap_3132.tif,0.791866
sam2_whu_4city_800_20ep_fosmix_s44,kitsap_3221.tif,0.870896
sam2_whu_4city_800_20ep_fosmix_s44,kitsap_2871.tif,0.610588
sam2_whu_4city_800_20ep_fosmix_s44,kitsap_2962.tif,0.580748
sam2_whu_4city_800_20ep_fosmix_s44,kitsap_3163.tif,0.902804
sam2_whu_4city_800_20ep_fosmix_s44,kitsap_3080.tif,0.720188
sam2_whu_4city_800_20ep_fosmix_s44,kitsap_1803.tif,0.710005
sam2_whu_4city_800_20ep_fosmix_s44,kitsap_3462.tif,1.000000
sam2_whu_4city_800_20ep_fosmix_s44,kitsap_2750.tif,0.849319
sam2_whu_4city_800_20ep_fosmix_s44,kitsap_1728.tif,0.968105
sam2_whu_4city_800_20ep_fosmix_s44,kitsap_290.tif,1.000000
sam2_whu_4city_800_20ep_fosmix_s44,kitsap_2537.tif,0.633925
sam2_whu_4city_800_20ep_fosmix_s44,kitsap_1961.tif,0.704071
sam2_whu_4city_800_20ep_fosmix_s44,kitsap_3051.tif,0.815132
sam2_whu_4city_800_20ep_fosmix_s44,kitsap_3131.tif,0.819962
sam2_whu_4city_800_20ep_fosmix_s44,kitsap_669.tif,0.852162
sam2_whu_4city_800_20ep_fosmix_s44,kitsap_1241.tif,0.598320
sam2_whu_4city_800_20ep_fosmix_s44,kitsap_1302.tif,0.793363
sam2_whu_4city_800_20ep_fosmix_s44,kitsap_2919.tif,0.816173
sam2_whu_4city_800_20ep_fosmix_s44,kitsap_2300.tif,0.430173
sam2_whu_4city_800_20ep_fosmix_s44,kitsap_2723.tif,0.699053
sam2_whu_4city_800_20ep_fosmix_s44,kitsap_3143.tif,0.498752
sam2_whu_4city_800_20ep_fosmix_s44,kitsap_291.tif,1.000000
sam2_whu_4city_800_20ep_fosmix_s44,kitsap_2914.tif,0.590361
sam2_whu_4city_800_20ep_fosmix_s44,kitsap_3294.tif,0.598026
sam2_whu_4city_800_20ep_fosmix_s44,kitsap_1531.tif,1.000000
sam2_whu_4city_800_20ep_fosmix_s44,kitsap_3558.tif,1.000000
sam2_whu_4city_800_20ep_fosmix_s44,kitsap_3171.tif,0.797476
sam2_whu_4city_800_20ep_fosmix_s44,kitsap_2773.tif,0.946612
sam2_whu_4city_800_20ep_fosmix_s44,kitsap_937.tif,0.213024
sam2_whu_4city_800_20ep_fosmix_s44,kitsap_3045.tif,0.619934
sam2_whu_4city_800_20ep_fosmix_s44,kitsap_1321.tif,0.909719
sam2_whu_4city_800_20ep_fosmix_s44,kitsap_2775.tif,0.644573
sam2_whu_4city_800_20ep_fosmix_s44,kitsap_3019.tif,0.739248
sam2_whu_4city_800_20ep_fosmix_s44,kitsap_2783.tif,1.000000
sam2_whu_4city_800_20ep_fosmix_s44,kitsap_1187.tif,0.565452
sam2_whu_4city_800_20ep_fosmix_s44,kitsap_2774.tif,1.000000
sam2_whu_4city_800_20ep_fosmix_s44,kitsap_1005.tif,0.780474
sam2_whu_4city_800_20ep_fosmix_s44,kitsap_2424.tif,0.708295
sam2_whu_4city_800_20ep_fosmix_s44,kitsap_2979.tif,0.755605
sam2_whu_4city_800_20ep_fosmix_s44,kitsap_1266.tif,0.864233
sam2_whu_4city_800_20ep_fosmix_s44,kitsap_1967.tif,0.563335
sam2_whu_4city_800_20ep_fosmix_s44,kitsap_2019.tif,1.000000
sam2_whu_4city_800_20ep_fosmix_s44,kitsap_2164.tif,0.779932
sam2_whu_4city_800_20ep_fosmix_s44,kitsap_3207.tif,0.000000
sam2_whu_4city_800_20ep_fosmix_s44,kitsap_2138.tif,0.725729
sam2_whu_4city_800_20ep_fosmix_s44,kitsap_252.tif,0.879436
sam2_whu_4city_800_20ep_fosmix_s44,kitsap_230.tif,1.000000
sam2_whu_4city_800_20ep_fosmix_s44,kitsap_1696.tif,1.000000
sam2_whu_4city_800_20ep_fosmix_s44,kitsap_1747.tif,0.857655
sam2_whu_4city_800_20ep_fosmix_s44,kitsap_1617.tif,0.754365
sam2_whu_4city_800_20ep_fosmix_s44,kitsap_1219.tif,0.494376
sam2_whu_4city_800_20ep_fosmix_s44,kitsap_1182.tif,0.857782
sam2_whu_4city_800_20ep_fosmix_s44,kitsap_983.tif,0.874570
sam2_whu_4city_800_20ep_fosmix_s44,kitsap_468.tif,1.000000
sam2_whu_4city_800_20ep_fosmix_s44,kitsap_221.tif,1.000000
sam2_whu_4city_800_20ep_fosmix_s44,kitsap_3253.tif,0.664965
sam2_whu_4city_800_20ep_fosmix_s44,kitsap_263.tif,0.903680
sam2_whu_4city_800_20ep_fosmix_s44,kitsap_2092.tif,1.000000
sam2_whu_4city_800_20ep_fosmix_s44,kitsap_2992.tif,0.747584
sam2_whu_4city_800_20ep_fosmix_s44,kitsap_2231.tif,1.000000
sam2_whu_4city_800_20ep_fosmix_s44,kitsap_1033.tif,0.936627
sam2_whu_4city_800_20ep_fosmix_s44,kitsap_545.tif,0.264835
sam2_whu_4city_800_20ep_fosmix_s44,kitsap_2943.tif,0.558756
sam2_whu_4city_800_20ep_fosmix_s44,kitsap_3435.tif,1.000000
sam2_whu_4city_800_20ep_fosmix_s44,kitsap_511.tif,0.555556
sam2_whu_4city_800_20ep_fosmix_s44,kitsap_3517.tif,0.835222
sam2_whu_4city_800_20ep_fosmix_s44,kitsap_2895.tif,0.790841
sam2_whu_4city_800_20ep_fosmix_s44,kitsap_1642.tif,0.513644
sam2_whu_4city_800_20ep_fosmix_s44,kitsap_3366.tif,0.696527
sam2_whu_4city_800_20ep_fosmix_s44,kitsap_3003.tif,1.000000
sam2_whu_4city_800_20ep_fosmix_s44,kitsap_1025.tif,0.839206
sam2_whu_4city_800_20ep_fosmix_s44,kitsap_933.tif,0.660633
sam2_whu_4city_800_20ep_fosmix_s44,kitsap_1252.tif,0.874171
sam2_whu_4city_800_20ep_fosmix_s44,kitsap_1668.tif,0.821775
sam2_whu_4city_800_20ep_fosmix_s44,kitsap_2769.tif,0.705599
sam2_whu_4city_800_20ep_fosmix_s44,kitsap_406.tif,0.291369
sam2_whu_4city_800_20ep_fosmix_s44,kitsap_1571.tif,0.756172
sam2_whu_4city_800_20ep_fosmix_s44,kitsap_860.tif,0.021480
sam2_whu_4city_800_20ep_fosmix_s44,kitsap_236.tif,0.814673
sam2_whu_4city_800_20ep_fosmix_s44,kitsap_2266.tif,0.915483
sam2_whu_4city_800_20ep_fosmix_s44,kitsap_1896.tif,0.822369
sam2_whu_4city_800_20ep_fosmix_s44,kitsap_2955.tif,0.755229
sam2_whu_4city_800_20ep_fosmix_s44,kitsap_1773.tif,0.651994
sam2_whu_4city_800_20ep_fosmix_s44,kitsap_1504.tif,0.829087
sam2_whu_4city_800_20ep_fosmix_s44,kitsap_1946.tif,0.884634
sam2_whu_4city_800_20ep_fosmix_s44,kitsap_106.tif,0.851948
sam2_whu_4city_800_20ep_fosmix_s44,kitsap_1898.tif,0.866701
sam2_whu_4city_800_20ep_fosmix_s44,kitsap_2897.tif,0.670325
sam2_whu_4city_800_20ep_fosmix_s44,kitsap_934.tif,0.704132
sam2_whu_4city_800_20ep_fosmix_s44,kitsap_1240.tif,0.571014
sam2_whu_4city_800_20ep_fosmix_s44,kitsap_1550.tif,0.883578
sam2_whu_4city_800_20ep_fosmix_s45,kitsap_3430.tif,0.772011
sam2_whu_4city_800_20ep_fosmix_s45,kitsap_1439.tif,0.917851
sam2_whu_4city_800_20ep_fosmix_s45,kitsap_1113.tif,0.486078
sam2_whu_4city_800_20ep_fosmix_s45,kitsap_763.tif,1.000000
sam2_whu_4city_800_20ep_fosmix_s45,kitsap_2082.tif,1.000000
sam2_whu_4city_800_20ep_fosmix_s45,kitsap_1903.tif,1.000000
sam2_whu_4city_800_20ep_fosmix_s45,kitsap_1854.tif,0.752288
sam2_whu_4city_800_20ep_fosmix_s45,kitsap_1545.tif,0.565862
sam2_whu_4city_800_20ep_fosmix_s45,kitsap_750.tif,0.772532
sam2_whu_4city_800_20ep_fosmix_s45,kitsap_1396.tif,1.000000
sam2_whu_4city_800_20ep_fosmix_s45,kitsap_3579.tif,0.000000
sam2_whu_4city_800_20ep_fosmix_s45,kitsap_960.tif,1.000000
sam2_whu_4city_800_20ep_fosmix_s45,kitsap_3052.tif,0.705732
sam2_whu_4city_800_20ep_fosmix_s45,kitsap_1358.tif,0.818345
sam2_whu_4city_800_20ep_fosmix_s45,kitsap_3184.tif,0.852485
sam2_whu_4city_800_20ep_fosmix_s45,kitsap_2766.tif,0.782832
sam2_whu_4city_800_20ep_fosmix_s45,kitsap_1163.tif,0.714171
sam2_whu_4city_800_20ep_fosmix_s45,kitsap_1145.tif,1.000000
sam2_whu_4city_800_20ep_fosmix_s45,kitsap_1371.tif,0.808926
sam2_whu_4city_800_20ep_fosmix_s45,kitsap_1812.tif,0.597261
sam2_whu_4city_800_20ep_fosmix_s45,kitsap_1894.tif,1.000000
sam2_whu_4city_800_20ep_fosmix_s45,kitsap_2958.tif,0.798761
sam2_whu_4city_800_20ep_fosmix_s45,kitsap_3240.tif,0.703734
sam2_whu_4city_800_20ep_fosmix_s45,kitsap_961.tif,1.000000
sam2_whu_4city_800_20ep_fosmix_s45,kitsap_3110.tif,0.000000
sam2_whu_4city_800_20ep_fosmix_s45,kitsap_1760.tif,0.681571
sam2_whu_4city_800_20ep_fosmix_s45,kitsap_3501.tif,0.813787
sam2_whu_4city_800_20ep_fosmix_s45,kitsap_538.tif,0.340034
sam2_whu_4city_800_20ep_fosmix_s45,kitsap_864.tif,1.000000
sam2_whu_4city_800_20ep_fosmix_s45,kitsap_2764.tif,0.910951
sam2_whu_4city_800_20ep_fosmix_s45,kitsap_1847.tif,0.746843
sam2_whu_4city_800_20ep_fosmix_s45,kitsap_2786.tif,0.812727
sam2_whu_4city_800_20ep_fosmix_s45,kitsap_318.tif,1.000000
sam2_whu_4city_800_20ep_fosmix_s45,kitsap_2085.tif,1.000000
sam2_whu_4city_800_20ep_fosmix_s45,kitsap_1006.tif,0.638063
sam2_whu_4city_800_20ep_fosmix_s45,kitsap_1631.tif,0.849485
sam2_whu_4city_800_20ep_fosmix_s45,kitsap_806.tif,0.775621
sam2_whu_4city_800_20ep_fosmix_s45,kitsap_2345.tif,0.722521
sam2_whu_4city_800_20ep_fosmix_s45,kitsap_868.tif,0.662234
sam2_whu_4city_800_20ep_fosmix_s45,kitsap_1628.tif,0.887527
sam2_whu_4city_800_20ep_fosmix_s45,kitsap_736.tif,1.000000
sam2_whu_4city_800_20ep_fosmix_s45,kitsap_234.tif,0.801542
sam2_whu_4city_800_20ep_fosmix_s45,kitsap_873.tif,1.000000
sam2_whu_4city_800_20ep_fosmix_s45,kitsap_91.tif,1.000000
sam2_whu_4city_800_20ep_fosmix_s45,kitsap_2468.tif,1.000000
sam2_whu_4city_800_20ep_fosmix_s45,kitsap_1388.tif,0.573801
sam2_whu_4city_800_20ep_fosmix_s45,kitsap_2383.tif,1.000000
sam2_whu_4city_800_20ep_fosmix_s45,kitsap_2349.tif,0.953167
sam2_whu_4city_800_20ep_fosmix_s45,kitsap_706.tif,0.820331
sam2_whu_4city_800_20ep_fosmix_s45,kitsap_1973.tif,0.765055
sam2_whu_4city_800_20ep_fosmix_s45,kitsap_1204.tif,0.742163
sam2_whu_4city_800_20ep_fosmix_s45,kitsap_2820.tif,0.815790
sam2_whu_4city_800_20ep_fosmix_s45,kitsap_3047.tif,0.836037
sam2_whu_4city_800_20ep_fosmix_s45,kitsap_1518.tif,0.715550
sam2_whu_4city_800_20ep_fosmix_s45,kitsap_2433.tif,0.924711
sam2_whu_4city_800_20ep_fosmix_s45,kitsap_1308.tif,0.733957
sam2_whu_4city_800_20ep_fosmix_s45,kitsap_3069.tif,0.822706
sam2_whu_4city_800_20ep_fosmix_s45,kitsap_2098.tif,1.000000
sam2_whu_4city_800_20ep_fosmix_s45,kitsap_2398.tif,0.675221
sam2_whu_4city_800_20ep_fosmix_s45,kitsap_3162.tif,0.606552
sam2_whu_4city_800_20ep_fosmix_s45,kitsap_1757.tif,0.844363
sam2_whu_4city_800_20ep_fosmix_s45,kitsap_1279.tif,0.862236
sam2_whu_4city_800_20ep_fosmix_s45,kitsap_3292.tif,0.889717
sam2_whu_4city_800_20ep_fosmix_s45,kitsap_1857.tif,0.804571
sam2_whu_4city_800_20ep_fosmix_s45,kitsap_2097.tif,0.837851
sam2_whu_4city_800_20ep_fosmix_s45,kitsap_823.tif,0.755195
sam2_whu_4city_800_20ep_fosmix_s45,kitsap_735.tif,1.000000
sam2_whu_4city_800_20ep_fosmix_s45,kitsap_1392.tif,1.000000
sam2_whu_4city_800_20ep_fosmix_s45,kitsap_3396.tif,0.517626
sam2_whu_4city_800_20ep_fosmix_s45,kitsap_3521.tif,0.662110
sam2_whu_4city_800_20ep_fosmix_s45,kitsap_2818.tif,1.000000
sam2_whu_4city_800_20ep_fosmix_s45,kitsap_2409.tif,0.537425
sam2_whu_4city_800_20ep_fosmix_s45,kitsap_1639.tif,0.908398
sam2_whu_4city_800_20ep_fosmix_s45,kitsap_2414.tif,0.418720
sam2_whu_4city_800_20ep_fosmix_s45,kitsap_2365.tif,0.000000
sam2_whu_4city_800_20ep_fosmix_s45,kitsap_1791.tif,0.677273
sam2_whu_4city_800_20ep_fosmix_s45,kitsap_1980.tif,0.888715
sam2_whu_4city_800_20ep_fosmix_s45,kitsap_129.tif,1.000000
sam2_whu_4city_800_20ep_fosmix_s45,kitsap_166.tif,1.000000
sam2_whu_4city_800_20ep_fosmix_s45,kitsap_936.tif,1.000000
sam2_whu_4city_800_20ep_fosmix_s45,kitsap_3581.tif,0.729852
sam2_whu_4city_800_20ep_fosmix_s45,kitsap_3068.tif,0.870286
sam2_whu_4city_800_20ep_fosmix_s45,kitsap_1753.tif,0.730941
sam2_whu_4city_800_20ep_fosmix_s45,kitsap_1534.tif,0.871653
sam2_whu_4city_800_20ep_fosmix_s45,kitsap_2842.tif,0.818750
sam2_whu_4city_800_20ep_fosmix_s45,kitsap_227.tif,0.892142
sam2_whu_4city_800_20ep_fosmix_s45,kitsap_3346.tif,0.000000
sam2_whu_4city_800_20ep_fosmix_s45,kitsap_3339.tif,0.000000
sam2_whu_4city_800_20ep_fosmix_s45,kitsap_970.tif,1.000000
sam2_whu_4city_800_20ep_fosmix_s45,kitsap_3522.tif,0.661359
sam2_whu_4city_800_20ep_fosmix_s45,kitsap_3006.tif,1.000000
sam2_whu_4city_800_20ep_fosmix_s45,kitsap_507.tif,0.825920
sam2_whu_4city_800_20ep_fosmix_s45,kitsap_2500.tif,0.874133
sam2_whu_4city_800_20ep_fosmix_s45,kitsap_2506.tif,0.782249
sam2_whu_4city_800_20ep_fosmix_s45,kitsap_865.tif,0.000000
sam2_whu_4city_800_20ep_fosmix_s45,kitsap_1493.tif,0.777503
sam2_whu_4city_800_20ep_fosmix_s45,kitsap_275.tif,0.889282
sam2_whu_4city_800_20ep_fosmix_s45,kitsap_1053.tif,1.000000
sam2_whu_4city_800_20ep_fosmix_s45,kitsap_2699.tif,0.000000
sam2_whu_4city_800_20ep_fosmix_s45,kitsap_3550.tif,0.848806
sam2_whu_4city_800_20ep_fosmix_s45,kitsap_1766.tif,0.887404
sam2_whu_4city_800_20ep_fosmix_s45,kitsap_2906.tif,0.698305
sam2_whu_4city_800_20ep_fosmix_s45,kitsap_770.tif,1.000000
sam2_whu_4city_800_20ep_fosmix_s45,kitsap_1407.tif,0.959007
sam2_whu_4city_800_20ep_fosmix_s45,kitsap_2090.tif,0.893032
sam2_whu_4city_800_20ep_fosmix_s45,kitsap_3360.tif,0.556632
sam2_whu_4city_800_20ep_fosmix_s45,kitsap_2798.tif,0.864636
sam2_whu_4city_800_20ep_fosmix_s45,kitsap_3538.tif,1.000000
sam2_whu_4city_800_20ep_fosmix_s45,kitsap_2292.tif,0.449069
sam2_whu_4city_800_20ep_fosmix_s45,kitsap_1909.tif,0.592213
sam2_whu_4city_800_20ep_fosmix_s45,kitsap_55.tif,1.000000
sam2_whu_4city_800_20ep_fosmix_s45,kitsap_2270.tif,1.000000
sam2_whu_4city_800_20ep_fosmix_s45,kitsap_612.tif,1.000000
sam2_whu_4city_800_20ep_fosmix_s45,kitsap_731.tif,0.907058
sam2_whu_4city_800_20ep_fosmix_s45,kitsap_1533.tif,1.000000
sam2_whu_4city_800_20ep_fosmix_s45,kitsap_3132.tif,0.787178
sam2_whu_4city_800_20ep_fosmix_s45,kitsap_3221.tif,0.858855
sam2_whu_4city_800_20ep_fosmix_s45,kitsap_2871.tif,0.769201
sam2_whu_4city_800_20ep_fosmix_s45,kitsap_2962.tif,0.602255
sam2_whu_4city_800_20ep_fosmix_s45,kitsap_3163.tif,0.879045
sam2_whu_4city_800_20ep_fosmix_s45,kitsap_3080.tif,0.824031
sam2_whu_4city_800_20ep_fosmix_s45,kitsap_1803.tif,0.730411
sam2_whu_4city_800_20ep_fosmix_s45,kitsap_3462.tif,1.000000
sam2_whu_4city_800_20ep_fosmix_s45,kitsap_2750.tif,0.855097
sam2_whu_4city_800_20ep_fosmix_s45,kitsap_1728.tif,0.966112
sam2_whu_4city_800_20ep_fosmix_s45,kitsap_290.tif,1.000000
sam2_whu_4city_800_20ep_fosmix_s45,kitsap_2537.tif,0.634392
sam2_whu_4city_800_20ep_fosmix_s45,kitsap_1961.tif,0.687500
sam2_whu_4city_800_20ep_fosmix_s45,kitsap_3051.tif,0.801455
sam2_whu_4city_800_20ep_fosmix_s45,kitsap_3131.tif,0.821670
sam2_whu_4city_800_20ep_fosmix_s45,kitsap_669.tif,0.869755
sam2_whu_4city_800_20ep_fosmix_s45,kitsap_1241.tif,0.405375
sam2_whu_4city_800_20ep_fosmix_s45,kitsap_1302.tif,0.792260
sam2_whu_4city_800_20ep_fosmix_s45,kitsap_2919.tif,0.832505
sam2_whu_4city_800_20ep_fosmix_s45,kitsap_2300.tif,0.758663
sam2_whu_4city_800_20ep_fosmix_s45,kitsap_2723.tif,0.730178
sam2_whu_4city_800_20ep_fosmix_s45,kitsap_3143.tif,0.717078
sam2_whu_4city_800_20ep_fosmix_s45,kitsap_291.tif,1.000000
sam2_whu_4city_800_20ep_fosmix_s45,kitsap_2914.tif,0.693807
sam2_whu_4city_800_20ep_fosmix_s45,kitsap_3294.tif,0.590909
sam2_whu_4city_800_20ep_fosmix_s45,kitsap_1531.tif,1.000000
sam2_whu_4city_800_20ep_fosmix_s45,kitsap_3558.tif,1.000000
sam2_whu_4city_800_20ep_fosmix_s45,kitsap_3171.tif,0.813197
sam2_whu_4city_800_20ep_fosmix_s45,kitsap_2773.tif,0.907085
sam2_whu_4city_800_20ep_fosmix_s45,kitsap_937.tif,0.284244
sam2_whu_4city_800_20ep_fosmix_s45,kitsap_3045.tif,0.740303
sam2_whu_4city_800_20ep_fosmix_s45,kitsap_1321.tif,0.909686
sam2_whu_4city_800_20ep_fosmix_s45,kitsap_2775.tif,0.589424
sam2_whu_4city_800_20ep_fosmix_s45,kitsap_3019.tif,0.708666
sam2_whu_4city_800_20ep_fosmix_s45,kitsap_2783.tif,1.000000
sam2_whu_4city_800_20ep_fosmix_s45,kitsap_1187.tif,0.611581
sam2_whu_4city_800_20ep_fosmix_s45,kitsap_2774.tif,1.000000
sam2_whu_4city_800_20ep_fosmix_s45,kitsap_1005.tif,0.762147
sam2_whu_4city_800_20ep_fosmix_s45,kitsap_2424.tif,0.874646
sam2_whu_4city_800_20ep_fosmix_s45,kitsap_2979.tif,0.800176
sam2_whu_4city_800_20ep_fosmix_s45,kitsap_1266.tif,0.870677
sam2_whu_4city_800_20ep_fosmix_s45,kitsap_1967.tif,0.590969
sam2_whu_4city_800_20ep_fosmix_s45,kitsap_2019.tif,1.000000
sam2_whu_4city_800_20ep_fosmix_s45,kitsap_2164.tif,0.721836
sam2_whu_4city_800_20ep_fosmix_s45,kitsap_3207.tif,0.922274
sam2_whu_4city_800_20ep_fosmix_s45,kitsap_2138.tif,0.776890
sam2_whu_4city_800_20ep_fosmix_s45,kitsap_252.tif,0.868348
sam2_whu_4city_800_20ep_fosmix_s45,kitsap_230.tif,1.000000
sam2_whu_4city_800_20ep_fosmix_s45,kitsap_1696.tif,1.000000
sam2_whu_4city_800_20ep_fosmix_s45,kitsap_1747.tif,0.716351
sam2_whu_4city_800_20ep_fosmix_s45,kitsap_1617.tif,0.618035
sam2_whu_4city_800_20ep_fosmix_s45,kitsap_1219.tif,0.712941
sam2_whu_4city_800_20ep_fosmix_s45,kitsap_1182.tif,0.828729
sam2_whu_4city_800_20ep_fosmix_s45,kitsap_983.tif,0.701508
sam2_whu_4city_800_20ep_fosmix_s45,kitsap_468.tif,1.000000
sam2_whu_4city_800_20ep_fosmix_s45,kitsap_221.tif,1.000000
sam2_whu_4city_800_20ep_fosmix_s45,kitsap_3253.tif,0.744510
sam2_whu_4city_800_20ep_fosmix_s45,kitsap_263.tif,0.903981
sam2_whu_4city_800_20ep_fosmix_s45,kitsap_2092.tif,1.000000
sam2_whu_4city_800_20ep_fosmix_s45,kitsap_2992.tif,0.749045
sam2_whu_4city_800_20ep_fosmix_s45,kitsap_2231.tif,1.000000
sam2_whu_4city_800_20ep_fosmix_s45,kitsap_1033.tif,0.934247
sam2_whu_4city_800_20ep_fosmix_s45,kitsap_545.tif,0.687512
sam2_whu_4city_800_20ep_fosmix_s45,kitsap_2943.tif,0.598525
sam2_whu_4city_800_20ep_fosmix_s45,kitsap_3435.tif,1.000000
sam2_whu_4city_800_20ep_fosmix_s45,kitsap_511.tif,0.589320
sam2_whu_4city_800_20ep_fosmix_s45,kitsap_3517.tif,0.774298
sam2_whu_4city_800_20ep_fosmix_s45,kitsap_2895.tif,0.784626
sam2_whu_4city_800_20ep_fosmix_s45,kitsap_1642.tif,0.478269
sam2_whu_4city_800_20ep_fosmix_s45,kitsap_3366.tif,0.709692
sam2_whu_4city_800_20ep_fosmix_s45,kitsap_3003.tif,1.000000
sam2_whu_4city_800_20ep_fosmix_s45,kitsap_1025.tif,0.843781
sam2_whu_4city_800_20ep_fosmix_s45,kitsap_933.tif,0.629883
sam2_whu_4city_800_20ep_fosmix_s45,kitsap_1252.tif,0.847805
sam2_whu_4city_800_20ep_fosmix_s45,kitsap_1668.tif,0.848764
sam2_whu_4city_800_20ep_fosmix_s45,kitsap_2769.tif,0.838554
sam2_whu_4city_800_20ep_fosmix_s45,kitsap_406.tif,0.289129
sam2_whu_4city_800_20ep_fosmix_s45,kitsap_1571.tif,0.672295
sam2_whu_4city_800_20ep_fosmix_s45,kitsap_860.tif,0.000000
sam2_whu_4city_800_20ep_fosmix_s45,kitsap_236.tif,0.823609
sam2_whu_4city_800_20ep_fosmix_s45,kitsap_2266.tif,0.910575
sam2_whu_4city_800_20ep_fosmix_s45,kitsap_1896.tif,0.828662
sam2_whu_4city_800_20ep_fosmix_s45,kitsap_2955.tif,0.755776
sam2_whu_4city_800_20ep_fosmix_s45,kitsap_1773.tif,0.689329
sam2_whu_4city_800_20ep_fosmix_s45,kitsap_1504.tif,0.876672
sam2_whu_4city_800_20ep_fosmix_s45,kitsap_1946.tif,0.607911
sam2_whu_4city_800_20ep_fosmix_s45,kitsap_106.tif,0.874913
sam2_whu_4city_800_20ep_fosmix_s45,kitsap_1898.tif,0.879862
sam2_whu_4city_800_20ep_fosmix_s45,kitsap_2897.tif,0.680267
sam2_whu_4city_800_20ep_fosmix_s45,kitsap_934.tif,0.747554
sam2_whu_4city_800_20ep_fosmix_s45,kitsap_1240.tif,0.561587
sam2_whu_4city_800_20ep_fosmix_s45,kitsap_1550.tif,0.855652
sam2_whu_4city_800_20ep_fosmix_s46,kitsap_3430.tif,0.762119
sam2_whu_4city_800_20ep_fosmix_s46,kitsap_1439.tif,0.913510
sam2_whu_4city_800_20ep_fosmix_s46,kitsap_1113.tif,0.503744
sam2_whu_4city_800_20ep_fosmix_s46,kitsap_763.tif,1.000000
sam2_whu_4city_800_20ep_fosmix_s46,kitsap_2082.tif,1.000000
sam2_whu_4city_800_20ep_fosmix_s46,kitsap_1903.tif,1.000000
sam2_whu_4city_800_20ep_fosmix_s46,kitsap_1854.tif,0.763289
sam2_whu_4city_800_20ep_fosmix_s46,kitsap_1545.tif,0.551738
sam2_whu_4city_800_20ep_fosmix_s46,kitsap_750.tif,0.804272
sam2_whu_4city_800_20ep_fosmix_s46,kitsap_1396.tif,1.000000
sam2_whu_4city_800_20ep_fosmix_s46,kitsap_3579.tif,0.000000
sam2_whu_4city_800_20ep_fosmix_s46,kitsap_960.tif,1.000000
sam2_whu_4city_800_20ep_fosmix_s46,kitsap_3052.tif,0.717340
sam2_whu_4city_800_20ep_fosmix_s46,kitsap_1358.tif,0.406054
sam2_whu_4city_800_20ep_fosmix_s46,kitsap_3184.tif,0.848104
sam2_whu_4city_800_20ep_fosmix_s46,kitsap_2766.tif,0.832692
sam2_whu_4city_800_20ep_fosmix_s46,kitsap_1163.tif,0.792530
sam2_whu_4city_800_20ep_fosmix_s46,kitsap_1145.tif,1.000000
sam2_whu_4city_800_20ep_fosmix_s46,kitsap_1371.tif,0.791156
sam2_whu_4city_800_20ep_fosmix_s46,kitsap_1812.tif,0.648999
sam2_whu_4city_800_20ep_fosmix_s46,kitsap_1894.tif,1.000000
sam2_whu_4city_800_20ep_fosmix_s46,kitsap_2958.tif,0.789302
sam2_whu_4city_800_20ep_fosmix_s46,kitsap_3240.tif,0.795179
sam2_whu_4city_800_20ep_fosmix_s46,kitsap_961.tif,1.000000
sam2_whu_4city_800_20ep_fosmix_s46,kitsap_3110.tif,0.089291
sam2_whu_4city_800_20ep_fosmix_s46,kitsap_1760.tif,0.776566
sam2_whu_4city_800_20ep_fosmix_s46,kitsap_3501.tif,0.829049
sam2_whu_4city_800_20ep_fosmix_s46,kitsap_538.tif,0.288889
sam2_whu_4city_800_20ep_fosmix_s46,kitsap_864.tif,1.000000
sam2_whu_4city_800_20ep_fosmix_s46,kitsap_2764.tif,0.905336
sam2_whu_4city_800_20ep_fosmix_s46,kitsap_1847.tif,0.756440
sam2_whu_4city_800_20ep_fosmix_s46,kitsap_2786.tif,0.806249
sam2_whu_4city_800_20ep_fosmix_s46,kitsap_318.tif,1.000000
sam2_whu_4city_800_20ep_fosmix_s46,kitsap_2085.tif,1.000000
sam2_whu_4city_800_20ep_fosmix_s46,kitsap_1006.tif,0.717806
sam2_whu_4city_800_20ep_fosmix_s46,kitsap_1631.tif,0.890837
sam2_whu_4city_800_20ep_fosmix_s46,kitsap_806.tif,0.755149
sam2_whu_4city_800_20ep_fosmix_s46,kitsap_2345.tif,0.742464
sam2_whu_4city_800_20ep_fosmix_s46,kitsap_868.tif,0.796610
sam2_whu_4city_800_20ep_fosmix_s46,kitsap_1628.tif,0.889757
sam2_whu_4city_800_20ep_fosmix_s46,kitsap_736.tif,1.000000
sam2_whu_4city_800_20ep_fosmix_s46,kitsap_234.tif,0.801369
sam2_whu_4city_800_20ep_fosmix_s46,kitsap_873.tif,1.000000
sam2_whu_4city_800_20ep_fosmix_s46,kitsap_91.tif,1.000000
sam2_whu_4city_800_20ep_fosmix_s46,kitsap_2468.tif,1.000000
sam2_whu_4city_800_20ep_fosmix_s46,kitsap_1388.tif,0.000000
sam2_whu_4city_800_20ep_fosmix_s46,kitsap_2383.tif,1.000000
sam2_whu_4city_800_20ep_fosmix_s46,kitsap_2349.tif,0.953966
sam2_whu_4city_800_20ep_fosmix_s46,kitsap_706.tif,0.943243
sam2_whu_4city_800_20ep_fosmix_s46,kitsap_1973.tif,0.803460
sam2_whu_4city_800_20ep_fosmix_s46,kitsap_1204.tif,0.707133
sam2_whu_4city_800_20ep_fosmix_s46,kitsap_2820.tif,0.813071
sam2_whu_4city_800_20ep_fosmix_s46,kitsap_3047.tif,0.886288
sam2_whu_4city_800_20ep_fosmix_s46,kitsap_1518.tif,0.677407
sam2_whu_4city_800_20ep_fosmix_s46,kitsap_2433.tif,0.190385
sam2_whu_4city_800_20ep_fosmix_s46,kitsap_1308.tif,0.695864
sam2_whu_4city_800_20ep_fosmix_s46,kitsap_3069.tif,0.811821
sam2_whu_4city_800_20ep_fosmix_s46,kitsap_2098.tif,1.000000
sam2_whu_4city_800_20ep_fosmix_s46,kitsap_2398.tif,0.714827
sam2_whu_4city_800_20ep_fosmix_s46,kitsap_3162.tif,0.584445
sam2_whu_4city_800_20ep_fosmix_s46,kitsap_1757.tif,0.740592
sam2_whu_4city_800_20ep_fosmix_s46,kitsap_1279.tif,0.827843
sam2_whu_4city_800_20ep_fosmix_s46,kitsap_3292.tif,0.893846
sam2_whu_4city_800_20ep_fosmix_s46,kitsap_1857.tif,0.840542
sam2_whu_4city_800_20ep_fosmix_s46,kitsap_2097.tif,0.849027
sam2_whu_4city_800_20ep_fosmix_s46,kitsap_823.tif,0.720697
sam2_whu_4city_800_20ep_fosmix_s46,kitsap_735.tif,1.000000
sam2_whu_4city_800_20ep_fosmix_s46,kitsap_1392.tif,1.000000
sam2_whu_4city_800_20ep_fosmix_s46,kitsap_3396.tif,0.558564
sam2_whu_4city_800_20ep_fosmix_s46,kitsap_3521.tif,0.742967
sam2_whu_4city_800_20ep_fosmix_s46,kitsap_2818.tif,1.000000
sam2_whu_4city_800_20ep_fosmix_s46,kitsap_2409.tif,0.685803
sam2_whu_4city_800_20ep_fosmix_s46,kitsap_1639.tif,0.906886
sam2_whu_4city_800_20ep_fosmix_s46,kitsap_2414.tif,0.373527
sam2_whu_4city_800_20ep_fosmix_s46,kitsap_2365.tif,0.105882
sam2_whu_4city_800_20ep_fosmix_s46,kitsap_1791.tif,0.747012
sam2_whu_4city_800_20ep_fosmix_s46,kitsap_1980.tif,0.901735
sam2_whu_4city_800_20ep_fosmix_s46,kitsap_129.tif,1.000000
sam2_whu_4city_800_20ep_fosmix_s46,kitsap_166.tif,1.000000
sam2_whu_4city_800_20ep_fosmix_s46,kitsap_936.tif,1.000000
sam2_whu_4city_800_20ep_fosmix_s46,kitsap_3581.tif,0.793147
sam2_whu_4city_800_20ep_fosmix_s46,kitsap_3068.tif,0.858953
sam2_whu_4city_800_20ep_fosmix_s46,kitsap_1753.tif,0.764710
sam2_whu_4city_800_20ep_fosmix_s46,kitsap_1534.tif,0.889155
sam2_whu_4city_800_20ep_fosmix_s46,kitsap_2842.tif,0.733977
sam2_whu_4city_800_20ep_fosmix_s46,kitsap_227.tif,0.861330
sam2_whu_4city_800_20ep_fosmix_s46,kitsap_3346.tif,0.000000
sam2_whu_4city_800_20ep_fosmix_s46,kitsap_3339.tif,0.000000
sam2_whu_4city_800_20ep_fosmix_s46,kitsap_970.tif,1.000000
sam2_whu_4city_800_20ep_fosmix_s46,kitsap_3522.tif,0.644280
sam2_whu_4city_800_20ep_fosmix_s46,kitsap_3006.tif,1.000000
sam2_whu_4city_800_20ep_fosmix_s46,kitsap_507.tif,0.862787
sam2_whu_4city_800_20ep_fosmix_s46,kitsap_2500.tif,0.841108
sam2_whu_4city_800_20ep_fosmix_s46,kitsap_2506.tif,0.799009
sam2_whu_4city_800_20ep_fosmix_s46,kitsap_865.tif,1.000000
sam2_whu_4city_800_20ep_fosmix_s46,kitsap_1493.tif,0.656018
sam2_whu_4city_800_20ep_fosmix_s46,kitsap_275.tif,0.894664
sam2_whu_4city_800_20ep_fosmix_s46,kitsap_1053.tif,1.000000
sam2_whu_4city_800_20ep_fosmix_s46,kitsap_2699.tif,0.000000
sam2_whu_4city_800_20ep_fosmix_s46,kitsap_3550.tif,0.853609
sam2_whu_4city_800_20ep_fosmix_s46,kitsap_1766.tif,0.899044
sam2_whu_4city_800_20ep_fosmix_s46,kitsap_2906.tif,0.720252
sam2_whu_4city_800_20ep_fosmix_s46,kitsap_770.tif,1.000000
sam2_whu_4city_800_20ep_fosmix_s46,kitsap_1407.tif,0.876073
sam2_whu_4city_800_20ep_fosmix_s46,kitsap_2090.tif,0.815214
sam2_whu_4city_800_20ep_fosmix_s46,kitsap_3360.tif,0.232806
sam2_whu_4city_800_20ep_fosmix_s46,kitsap_2798.tif,0.863011
sam2_whu_4city_800_20ep_fosmix_s46,kitsap_3538.tif,1.000000
sam2_whu_4city_800_20ep_fosmix_s46,kitsap_2292.tif,0.848646
sam2_whu_4city_800_20ep_fosmix_s46,kitsap_1909.tif,0.553700
sam2_whu_4city_800_20ep_fosmix_s46,kitsap_55.tif,1.000000
sam2_whu_4city_800_20ep_fosmix_s46,kitsap_2270.tif,1.000000
sam2_whu_4city_800_20ep_fosmix_s46,kitsap_612.tif,1.000000
sam2_whu_4city_800_20ep_fosmix_s46,kitsap_731.tif,0.899432
sam2_whu_4city_800_20ep_fosmix_s46,kitsap_1533.tif,1.000000
sam2_whu_4city_800_20ep_fosmix_s46,kitsap_3132.tif,0.805180
sam2_whu_4city_800_20ep_fosmix_s46,kitsap_3221.tif,0.863243
sam2_whu_4city_800_20ep_fosmix_s46,kitsap_2871.tif,0.730362
sam2_whu_4city_800_20ep_fosmix_s46,kitsap_2962.tif,0.572779
sam2_whu_4city_800_20ep_fosmix_s46,kitsap_3163.tif,0.864404
sam2_whu_4city_800_20ep_fosmix_s46,kitsap_3080.tif,0.788634
sam2_whu_4city_800_20ep_fosmix_s46,kitsap_1803.tif,0.740999
sam2_whu_4city_800_20ep_fosmix_s46,kitsap_3462.tif,1.000000
sam2_whu_4city_800_20ep_fosmix_s46,kitsap_2750.tif,0.842893
sam2_whu_4city_800_20ep_fosmix_s46,kitsap_1728.tif,0.971714
sam2_whu_4city_800_20ep_fosmix_s46,kitsap_290.tif,1.000000
sam2_whu_4city_800_20ep_fosmix_s46,kitsap_2537.tif,0.704743
sam2_whu_4city_800_20ep_fosmix_s46,kitsap_1961.tif,0.742828
sam2_whu_4city_800_20ep_fosmix_s46,kitsap_3051.tif,0.823096
sam2_whu_4city_800_20ep_fosmix_s46,kitsap_3131.tif,0.825157
sam2_whu_4city_800_20ep_fosmix_s46,kitsap_669.tif,0.728865
sam2_whu_4city_800_20ep_fosmix_s46,kitsap_1241.tif,0.374073
sam2_whu_4city_800_20ep_fosmix_s46,kitsap_1302.tif,0.755220
sam2_whu_4city_800_20ep_fosmix_s46,kitsap_2919.tif,0.826492
sam2_whu_4city_800_20ep_fosmix_s46,kitsap_2300.tif,0.823722
sam2_whu_4city_800_20ep_fosmix_s46,kitsap_2723.tif,0.731268
sam2_whu_4city_800_20ep_fosmix_s46,kitsap_3143.tif,0.480983
sam2_whu_4city_800_20ep_fosmix_s46,kitsap_291.tif,1.000000
sam2_whu_4city_800_20ep_fosmix_s46,kitsap_2914.tif,0.684688
sam2_whu_4city_800_20ep_fosmix_s46,kitsap_3294.tif,0.727447
sam2_whu_4city_800_20ep_fosmix_s46,kitsap_1531.tif,1.000000
sam2_whu_4city_800_20ep_fosmix_s46,kitsap_3558.tif,1.000000
sam2_whu_4city_800_20ep_fosmix_s46,kitsap_3171.tif,0.826956
sam2_whu_4city_800_20ep_fosmix_s46,kitsap_2773.tif,0.895980
sam2_whu_4city_800_20ep_fosmix_s46,kitsap_937.tif,0.211457
sam2_whu_4city_800_20ep_fosmix_s46,kitsap_3045.tif,0.731679
sam2_whu_4city_800_20ep_fosmix_s46,kitsap_1321.tif,0.905423
sam2_whu_4city_800_20ep_fosmix_s46,kitsap_2775.tif,0.586524
sam2_whu_4city_800_20ep_fosmix_s46,kitsap_3019.tif,0.820607
sam2_whu_4city_800_20ep_fosmix_s46,kitsap_2783.tif,1.000000
sam2_whu_4city_800_20ep_fosmix_s46,kitsap_1187.tif,0.638483
sam2_whu_4city_800_20ep_fosmix_s46,kitsap_2774.tif,1.000000
sam2_whu_4city_800_20ep_fosmix_s46,kitsap_1005.tif,0.846298
sam2_whu_4city_800_20ep_fosmix_s46,kitsap_2424.tif,0.785562
sam2_whu_4city_800_20ep_fosmix_s46,kitsap_2979.tif,0.785455
sam2_whu_4city_800_20ep_fosmix_s46,kitsap_1266.tif,0.803289
sam2_whu_4city_800_20ep_fosmix_s46,kitsap_1967.tif,0.581214
sam2_whu_4city_800_20ep_fosmix_s46,kitsap_2019.tif,1.000000
sam2_whu_4city_800_20ep_fosmix_s46,kitsap_2164.tif,0.723317
sam2_whu_4city_800_20ep_fosmix_s46,kitsap_3207.tif,0.891727
sam2_whu_4city_800_20ep_fosmix_s46,kitsap_2138.tif,0.704485
sam2_whu_4city_800_20ep_fosmix_s46,kitsap_252.tif,0.822565
sam2_whu_4city_800_20ep_fosmix_s46,kitsap_230.tif,1.000000
sam2_whu_4city_800_20ep_fosmix_s46,kitsap_1696.tif,1.000000
sam2_whu_4city_800_20ep_fosmix_s46,kitsap_1747.tif,0.786545
sam2_whu_4city_800_20ep_fosmix_s46,kitsap_1617.tif,0.569685
sam2_whu_4city_800_20ep_fosmix_s46,kitsap_1219.tif,0.517691
sam2_whu_4city_800_20ep_fosmix_s46,kitsap_1182.tif,0.956692
sam2_whu_4city_800_20ep_fosmix_s46,kitsap_983.tif,0.938408
sam2_whu_4city_800_20ep_fosmix_s46,kitsap_468.tif,1.000000
sam2_whu_4city_800_20ep_fosmix_s46,kitsap_221.tif,1.000000
sam2_whu_4city_800_20ep_fosmix_s46,kitsap_3253.tif,0.649767
sam2_whu_4city_800_20ep_fosmix_s46,kitsap_263.tif,0.909637
sam2_whu_4city_800_20ep_fosmix_s46,kitsap_2092.tif,1.000000
sam2_whu_4city_800_20ep_fosmix_s46,kitsap_2992.tif,0.750154
sam2_whu_4city_800_20ep_fosmix_s46,kitsap_2231.tif,1.000000
sam2_whu_4city_800_20ep_fosmix_s46,kitsap_1033.tif,0.938227
sam2_whu_4city_800_20ep_fosmix_s46,kitsap_545.tif,0.035044
sam2_whu_4city_800_20ep_fosmix_s46,kitsap_2943.tif,0.607719
sam2_whu_4city_800_20ep_fosmix_s46,kitsap_3435.tif,1.000000
sam2_whu_4city_800_20ep_fosmix_s46,kitsap_511.tif,0.643979
sam2_whu_4city_800_20ep_fosmix_s46,kitsap_3517.tif,0.814853
sam2_whu_4city_800_20ep_fosmix_s46,kitsap_2895.tif,0.808380
sam2_whu_4city_800_20ep_fosmix_s46,kitsap_1642.tif,0.548961
sam2_whu_4city_800_20ep_fosmix_s46,kitsap_3366.tif,0.672051
sam2_whu_4city_800_20ep_fosmix_s46,kitsap_3003.tif,1.000000
sam2_whu_4city_800_20ep_fosmix_s46,kitsap_1025.tif,0.849670
sam2_whu_4city_800_20ep_fosmix_s46,kitsap_933.tif,0.691188
sam2_whu_4city_800_20ep_fosmix_s46,kitsap_1252.tif,0.798895
sam2_whu_4city_800_20ep_fosmix_s46,kitsap_1668.tif,0.821250
sam2_whu_4city_800_20ep_fosmix_s46,kitsap_2769.tif,0.832985
sam2_whu_4city_800_20ep_fosmix_s46,kitsap_406.tif,0.282673
sam2_whu_4city_800_20ep_fosmix_s46,kitsap_1571.tif,0.757190
sam2_whu_4city_800_20ep_fosmix_s46,kitsap_860.tif,0.000000
sam2_whu_4city_800_20ep_fosmix_s46,kitsap_236.tif,0.833556
sam2_whu_4city_800_20ep_fosmix_s46,kitsap_2266.tif,0.932589
sam2_whu_4city_800_20ep_fosmix_s46,kitsap_1896.tif,0.847598
sam2_whu_4city_800_20ep_fosmix_s46,kitsap_2955.tif,0.777617
sam2_whu_4city_800_20ep_fosmix_s46,kitsap_1773.tif,0.682444
sam2_whu_4city_800_20ep_fosmix_s46,kitsap_1504.tif,0.827811
sam2_whu_4city_800_20ep_fosmix_s46,kitsap_1946.tif,0.824718
sam2_whu_4city_800_20ep_fosmix_s46,kitsap_106.tif,0.850865
sam2_whu_4city_800_20ep_fosmix_s46,kitsap_1898.tif,0.853179
sam2_whu_4city_800_20ep_fosmix_s46,kitsap_2897.tif,0.681085
sam2_whu_4city_800_20ep_fosmix_s46,kitsap_934.tif,0.711389
sam2_whu_4city_800_20ep_fosmix_s46,kitsap_1240.tif,0.525013
sam2_whu_4city_800_20ep_fosmix_s46,kitsap_1550.tif,0.886435
sam2_whu_4city_800_20ep_mixstyle_s42,kitsap_3430.tif,0.755597
sam2_whu_4city_800_20ep_mixstyle_s42,kitsap_1439.tif,0.892168
sam2_whu_4city_800_20ep_mixstyle_s42,kitsap_1113.tif,0.607662
sam2_whu_4city_800_20ep_mixstyle_s42,kitsap_763.tif,1.000000
sam2_whu_4city_800_20ep_mixstyle_s42,kitsap_2082.tif,1.000000
sam2_whu_4city_800_20ep_mixstyle_s42,kitsap_1903.tif,1.000000
sam2_whu_4city_800_20ep_mixstyle_s42,kitsap_1854.tif,0.687323
sam2_whu_4city_800_20ep_mixstyle_s42,kitsap_1545.tif,0.513002
sam2_whu_4city_800_20ep_mixstyle_s42,kitsap_750.tif,0.722712
sam2_whu_4city_800_20ep_mixstyle_s42,kitsap_1396.tif,1.000000
sam2_whu_4city_800_20ep_mixstyle_s42,kitsap_3579.tif,0.028224
sam2_whu_4city_800_20ep_mixstyle_s42,kitsap_960.tif,1.000000
sam2_whu_4city_800_20ep_mixstyle_s42,kitsap_3052.tif,0.694859
sam2_whu_4city_800_20ep_mixstyle_s42,kitsap_1358.tif,0.282392
sam2_whu_4city_800_20ep_mixstyle_s42,kitsap_3184.tif,0.260675
sam2_whu_4city_800_20ep_mixstyle_s42,kitsap_2766.tif,0.728635
sam2_whu_4city_800_20ep_mixstyle_s42,kitsap_1163.tif,0.724061
sam2_whu_4city_800_20ep_mixstyle_s42,kitsap_1145.tif,1.000000
sam2_whu_4city_800_20ep_mixstyle_s42,kitsap_1371.tif,0.662420
sam2_whu_4city_800_20ep_mixstyle_s42,kitsap_1812.tif,0.459528
sam2_whu_4city_800_20ep_mixstyle_s42,kitsap_1894.tif,1.000000
sam2_whu_4city_800_20ep_mixstyle_s42,kitsap_2958.tif,0.802127
sam2_whu_4city_800_20ep_mixstyle_s42,kitsap_3240.tif,0.237139
sam2_whu_4city_800_20ep_mixstyle_s42,kitsap_961.tif,1.000000
sam2_whu_4city_800_20ep_mixstyle_s42,kitsap_3110.tif,0.000000
sam2_whu_4city_800_20ep_mixstyle_s42,kitsap_1760.tif,0.686984
sam2_whu_4city_800_20ep_mixstyle_s42,kitsap_3501.tif,0.783352
sam2_whu_4city_800_20ep_mixstyle_s42,kitsap_538.tif,0.300855
sam2_whu_4city_800_20ep_mixstyle_s42,kitsap_864.tif,1.000000
sam2_whu_4city_800_20ep_mixstyle_s42,kitsap_2764.tif,0.899932
sam2_whu_4city_800_20ep_mixstyle_s42,kitsap_1847.tif,0.746545
sam2_whu_4city_800_20ep_mixstyle_s42,kitsap_2786.tif,0.772754
sam2_whu_4city_800_20ep_mixstyle_s42,kitsap_318.tif,1.000000
sam2_whu_4city_800_20ep_mixstyle_s42,kitsap_2085.tif,1.000000
sam2_whu_4city_800_20ep_mixstyle_s42,kitsap_1006.tif,0.485595
sam2_whu_4city_800_20ep_mixstyle_s42,kitsap_1631.tif,0.849795
sam2_whu_4city_800_20ep_mixstyle_s42,kitsap_806.tif,0.794546
sam2_whu_4city_800_20ep_mixstyle_s42,kitsap_2345.tif,0.687507
sam2_whu_4city_800_20ep_mixstyle_s42,kitsap_868.tif,0.000000
sam2_whu_4city_800_20ep_mixstyle_s42,kitsap_1628.tif,0.867374
sam2_whu_4city_800_20ep_mixstyle_s42,kitsap_736.tif,1.000000
sam2_whu_4city_800_20ep_mixstyle_s42,kitsap_234.tif,0.783578
sam2_whu_4city_800_20ep_mixstyle_s42,kitsap_873.tif,1.000000
sam2_whu_4city_800_20ep_mixstyle_s42,kitsap_91.tif,1.000000
sam2_whu_4city_800_20ep_mixstyle_s42,kitsap_2468.tif,1.000000
sam2_whu_4city_800_20ep_mixstyle_s42,kitsap_1388.tif,0.119181
sam2_whu_4city_800_20ep_mixstyle_s42,kitsap_2383.tif,1.000000
sam2_whu_4city_800_20ep_mixstyle_s42,kitsap_2349.tif,0.945958
sam2_whu_4city_800_20ep_mixstyle_s42,kitsap_706.tif,0.945946
sam2_whu_4city_800_20ep_mixstyle_s42,kitsap_1973.tif,0.743016
sam2_whu_4city_800_20ep_mixstyle_s42,kitsap_1204.tif,0.661719
sam2_whu_4city_800_20ep_mixstyle_s42,kitsap_2820.tif,0.690152
sam2_whu_4city_800_20ep_mixstyle_s42,kitsap_3047.tif,0.880916
sam2_whu_4city_800_20ep_mixstyle_s42,kitsap_1518.tif,0.598642
sam2_whu_4city_800_20ep_mixstyle_s42,kitsap_2433.tif,0.510389
sam2_whu_4city_800_20ep_mixstyle_s42,kitsap_1308.tif,0.420172
sam2_whu_4city_800_20ep_mixstyle_s42,kitsap_3069.tif,0.841437
sam2_whu_4city_800_20ep_mixstyle_s42,kitsap_2098.tif,1.000000
sam2_whu_4city_800_20ep_mixstyle_s42,kitsap_2398.tif,0.609842
sam2_whu_4city_800_20ep_mixstyle_s42,kitsap_3162.tif,0.572504
sam2_whu_4city_800_20ep_mixstyle_s42,kitsap_1757.tif,0.176710
sam2_whu_4city_800_20ep_mixstyle_s42,kitsap_1279.tif,0.724983
sam2_whu_4city_800_20ep_mixstyle_s42,kitsap_3292.tif,0.842241
sam2_whu_4city_800_20ep_mixstyle_s42,kitsap_1857.tif,0.804939
sam2_whu_4city_800_20ep_mixstyle_s42,kitsap_2097.tif,0.863426
sam2_whu_4city_800_20ep_mixstyle_s42,kitsap_823.tif,0.786031
sam2_whu_4city_800_20ep_mixstyle_s42,kitsap_735.tif,1.000000
sam2_whu_4city_800_20ep_mixstyle_s42,kitsap_1392.tif,1.000000
sam2_whu_4city_800_20ep_mixstyle_s42,kitsap_3396.tif,0.570565
sam2_whu_4city_800_20ep_mixstyle_s42,kitsap_3521.tif,0.719333
sam2_whu_4city_800_20ep_mixstyle_s42,kitsap_2818.tif,1.000000
sam2_whu_4city_800_20ep_mixstyle_s42,kitsap_2409.tif,0.275240
sam2_whu_4city_800_20ep_mixstyle_s42,kitsap_1639.tif,0.887757
sam2_whu_4city_800_20ep_mixstyle_s42,kitsap_2414.tif,0.379810
sam2_whu_4city_800_20ep_mixstyle_s42,kitsap_2365.tif,0.840909
sam2_whu_4city_800_20ep_mixstyle_s42,kitsap_1791.tif,0.687363
sam2_whu_4city_800_20ep_mixstyle_s42,kitsap_1980.tif,0.847340
sam2_whu_4city_800_20ep_mixstyle_s42,kitsap_129.tif,1.000000
sam2_whu_4city_800_20ep_mixstyle_s42,kitsap_166.tif,1.000000
sam2_whu_4city_800_20ep_mixstyle_s42,kitsap_936.tif,1.000000
sam2_whu_4city_800_20ep_mixstyle_s42,kitsap_3581.tif,0.788127
sam2_whu_4city_800_20ep_mixstyle_s42,kitsap_3068.tif,0.850667
sam2_whu_4city_800_20ep_mixstyle_s42,kitsap_1753.tif,0.626672
sam2_whu_4city_800_20ep_mixstyle_s42,kitsap_1534.tif,0.871111
sam2_whu_4city_800_20ep_mixstyle_s42,kitsap_2842.tif,0.778961
sam2_whu_4city_800_20ep_mixstyle_s42,kitsap_227.tif,0.889397
sam2_whu_4city_800_20ep_mixstyle_s42,kitsap_3346.tif,0.000000
sam2_whu_4city_800_20ep_mixstyle_s42,kitsap_3339.tif,0.000000
sam2_whu_4city_800_20ep_mixstyle_s42,kitsap_970.tif,1.000000
sam2_whu_4city_800_20ep_mixstyle_s42,kitsap_3522.tif,0.551775
sam2_whu_4city_800_20ep_mixstyle_s42,kitsap_3006.tif,1.000000
sam2_whu_4city_800_20ep_mixstyle_s42,kitsap_507.tif,0.842659
sam2_whu_4city_800_20ep_mixstyle_s42,kitsap_2500.tif,0.799240
sam2_whu_4city_800_20ep_mixstyle_s42,kitsap_2506.tif,0.697335
sam2_whu_4city_800_20ep_mixstyle_s42,kitsap_865.tif,1.000000
sam2_whu_4city_800_20ep_mixstyle_s42,kitsap_1493.tif,0.598008
sam2_whu_4city_800_20ep_mixstyle_s42,kitsap_275.tif,0.896314
sam2_whu_4city_800_20ep_mixstyle_s42,kitsap_1053.tif,1.000000
sam2_whu_4city_800_20ep_mixstyle_s42,kitsap_2699.tif,0.000000
sam2_whu_4city_800_20ep_mixstyle_s42,kitsap_3550.tif,0.816606
sam2_whu_4city_800_20ep_mixstyle_s42,kitsap_1766.tif,0.875906
sam2_whu_4city_800_20ep_mixstyle_s42,kitsap_2906.tif,0.697108
sam2_whu_4city_800_20ep_mixstyle_s42,kitsap_770.tif,1.000000
sam2_whu_4city_800_20ep_mixstyle_s42,kitsap_1407.tif,0.620509
sam2_whu_4city_800_20ep_mixstyle_s42,kitsap_2090.tif,0.788837
sam2_whu_4city_800_20ep_mixstyle_s42,kitsap_3360.tif,0.000000
sam2_whu_4city_800_20ep_mixstyle_s42,kitsap_2798.tif,0.464072
sam2_whu_4city_800_20ep_mixstyle_s42,kitsap_3538.tif,1.000000
sam2_whu_4city_800_20ep_mixstyle_s42,kitsap_2292.tif,0.431074
sam2_whu_4city_800_20ep_mixstyle_s42,kitsap_1909.tif,0.392740
sam2_whu_4city_800_20ep_mixstyle_s42,kitsap_55.tif,1.000000
sam2_whu_4city_800_20ep_mixstyle_s42,kitsap_2270.tif,1.000000
sam2_whu_4city_800_20ep_mixstyle_s42,kitsap_612.tif,1.000000
sam2_whu_4city_800_20ep_mixstyle_s42,kitsap_731.tif,0.901581
sam2_whu_4city_800_20ep_mixstyle_s42,kitsap_1533.tif,1.000000
sam2_whu_4city_800_20ep_mixstyle_s42,kitsap_3132.tif,0.676844
sam2_whu_4city_800_20ep_mixstyle_s42,kitsap_3221.tif,0.721165
sam2_whu_4city_800_20ep_mixstyle_s42,kitsap_2871.tif,0.682352
sam2_whu_4city_800_20ep_mixstyle_s42,kitsap_2962.tif,0.526363
sam2_whu_4city_800_20ep_mixstyle_s42,kitsap_3163.tif,0.071277
sam2_whu_4city_800_20ep_mixstyle_s42,kitsap_3080.tif,0.732454
sam2_whu_4city_800_20ep_mixstyle_s42,kitsap_1803.tif,0.676506
sam2_whu_4city_800_20ep_mixstyle_s42,kitsap_3462.tif,1.000000
sam2_whu_4city_800_20ep_mixstyle_s42,kitsap_2750.tif,0.837453
sam2_whu_4city_800_20ep_mixstyle_s42,kitsap_1728.tif,0.958646
sam2_whu_4city_800_20ep_mixstyle_s42,kitsap_290.tif,1.000000
sam2_whu_4city_800_20ep_mixstyle_s42,kitsap_2537.tif,0.612512
sam2_whu_4city_800_20ep_mixstyle_s42,kitsap_1961.tif,0.712171
sam2_whu_4city_800_20ep_mixstyle_s42,kitsap_3051.tif,0.774956
sam2_whu_4city_800_20ep_mixstyle_s42,kitsap_3131.tif,0.229150
sam2_whu_4city_800_20ep_mixstyle_s42,kitsap_669.tif,0.631820
sam2_whu_4city_800_20ep_mixstyle_s42,kitsap_1241.tif,0.664771
sam2_whu_4city_800_20ep_mixstyle_s42,kitsap_1302.tif,0.729780
sam2_whu_4city_800_20ep_mixstyle_s42,kitsap_2919.tif,0.828641
sam2_whu_4city_800_20ep_mixstyle_s42,kitsap_2300.tif,0.411258
sam2_whu_4city_800_20ep_mixstyle_s42,kitsap_2723.tif,0.695009
sam2_whu_4city_800_20ep_mixstyle_s42,kitsap_3143.tif,0.003277
sam2_whu_4city_800_20ep_mixstyle_s42,kitsap_291.tif,1.000000
sam2_whu_4city_800_20ep_mixstyle_s42,kitsap_2914.tif,0.698939
sam2_whu_4city_800_20ep_mixstyle_s42,kitsap_3294.tif,0.572841
sam2_whu_4city_800_20ep_mixstyle_s42,kitsap_1531.tif,1.000000
sam2_whu_4city_800_20ep_mixstyle_s42,kitsap_3558.tif,1.000000
sam2_whu_4city_800_20ep_mixstyle_s42,kitsap_3171.tif,0.797600
sam2_whu_4city_800_20ep_mixstyle_s42,kitsap_2773.tif,0.858049
sam2_whu_4city_800_20ep_mixstyle_s42,kitsap_937.tif,0.194073
sam2_whu_4city_800_20ep_mixstyle_s42,kitsap_3045.tif,0.661763
sam2_whu_4city_800_20ep_mixstyle_s42,kitsap_1321.tif,0.890518
sam2_whu_4city_800_20ep_mixstyle_s42,kitsap_2775.tif,0.839675
sam2_whu_4city_800_20ep_mixstyle_s42,kitsap_3019.tif,0.763637
sam2_whu_4city_800_20ep_mixstyle_s42,kitsap_2783.tif,1.000000
sam2_whu_4city_800_20ep_mixstyle_s42,kitsap_1187.tif,0.608323
sam2_whu_4city_800_20ep_mixstyle_s42,kitsap_2774.tif,1.000000
sam2_whu_4city_800_20ep_mixstyle_s42,kitsap_1005.tif,0.715719
sam2_whu_4city_800_20ep_mixstyle_s42,kitsap_2424.tif,0.764657
sam2_whu_4city_800_20ep_mixstyle_s42,kitsap_2979.tif,0.746110
sam2_whu_4city_800_20ep_mixstyle_s42,kitsap_1266.tif,0.838757
sam2_whu_4city_800_20ep_mixstyle_s42,kitsap_1967.tif,0.214941
sam2_whu_4city_800_20ep_mixstyle_s42,kitsap_2019.tif,1.000000
sam2_whu_4city_800_20ep_mixstyle_s42,kitsap_2164.tif,0.143289
sam2_whu_4city_800_20ep_mixstyle_s42,kitsap_3207.tif,0.732360
sam2_whu_4city_800_20ep_mixstyle_s42,kitsap_2138.tif,0.738172
sam2_whu_4city_800_20ep_mixstyle_s42,kitsap_252.tif,0.855071
sam2_whu_4city_800_20ep_mixstyle_s42,kitsap_230.tif,1.000000
sam2_whu_4city_800_20ep_mixstyle_s42,kitsap_1696.tif,1.000000
sam2_whu_4city_800_20ep_mixstyle_s42,kitsap_1747.tif,0.699341
sam2_whu_4city_800_20ep_mixstyle_s42,kitsap_1617.tif,0.565646
sam2_whu_4city_800_20ep_mixstyle_s42,kitsap_1219.tif,0.000000
sam2_whu_4city_800_20ep_mixstyle_s42,kitsap_1182.tif,0.829446
sam2_whu_4city_800_20ep_mixstyle_s42,kitsap_983.tif,0.909199
sam2_whu_4city_800_20ep_mixstyle_s42,kitsap_468.tif,1.000000
sam2_whu_4city_800_20ep_mixstyle_s42,kitsap_221.tif,1.000000
sam2_whu_4city_800_20ep_mixstyle_s42,kitsap_3253.tif,0.457409
sam2_whu_4city_800_20ep_mixstyle_s42,kitsap_263.tif,0.904400
sam2_whu_4city_800_20ep_mixstyle_s42,kitsap_2092.tif,1.000000
sam2_whu_4city_800_20ep_mixstyle_s42,kitsap_2992.tif,0.737451
sam2_whu_4city_800_20ep_mixstyle_s42,kitsap_2231.tif,1.000000
sam2_whu_4city_800_20ep_mixstyle_s42,kitsap_1033.tif,0.937002
sam2_whu_4city_800_20ep_mixstyle_s42,kitsap_545.tif,0.261203
sam2_whu_4city_800_20ep_mixstyle_s42,kitsap_2943.tif,0.673095
sam2_whu_4city_800_20ep_mixstyle_s42,kitsap_3435.tif,1.000000
sam2_whu_4city_800_20ep_mixstyle_s42,kitsap_511.tif,0.703025
sam2_whu_4city_800_20ep_mixstyle_s42,kitsap_3517.tif,0.803621
sam2_whu_4city_800_20ep_mixstyle_s42,kitsap_2895.tif,0.722258
sam2_whu_4city_800_20ep_mixstyle_s42,kitsap_1642.tif,0.603369
sam2_whu_4city_800_20ep_mixstyle_s42,kitsap_3366.tif,0.474792
sam2_whu_4city_800_20ep_mixstyle_s42,kitsap_3003.tif,1.000000
sam2_whu_4city_800_20ep_mixstyle_s42,kitsap_1025.tif,0.833731
sam2_whu_4city_800_20ep_mixstyle_s42,kitsap_933.tif,0.681293
sam2_whu_4city_800_20ep_mixstyle_s42,kitsap_1252.tif,0.804540
sam2_whu_4city_800_20ep_mixstyle_s42,kitsap_1668.tif,0.804106
sam2_whu_4city_800_20ep_mixstyle_s42,kitsap_2769.tif,0.332038
sam2_whu_4city_800_20ep_mixstyle_s42,kitsap_406.tif,0.036271
sam2_whu_4city_800_20ep_mixstyle_s42,kitsap_1571.tif,0.766094
sam2_whu_4city_800_20ep_mixstyle_s42,kitsap_860.tif,0.000000
sam2_whu_4city_800_20ep_mixstyle_s42,kitsap_236.tif,0.803946
sam2_whu_4city_800_20ep_mixstyle_s42,kitsap_2266.tif,0.911787
sam2_whu_4city_800_20ep_mixstyle_s42,kitsap_1896.tif,0.816971
sam2_whu_4city_800_20ep_mixstyle_s42,kitsap_2955.tif,0.678773
sam2_whu_4city_800_20ep_mixstyle_s42,kitsap_1773.tif,0.595561
sam2_whu_4city_800_20ep_mixstyle_s42,kitsap_1504.tif,0.902508
sam2_whu_4city_800_20ep_mixstyle_s42,kitsap_1946.tif,0.860671
sam2_whu_4city_800_20ep_mixstyle_s42,kitsap_106.tif,0.855431
sam2_whu_4city_800_20ep_mixstyle_s42,kitsap_1898.tif,0.865766
sam2_whu_4city_800_20ep_mixstyle_s42,kitsap_2897.tif,0.515464
sam2_whu_4city_800_20ep_mixstyle_s42,kitsap_934.tif,0.716725
sam2_whu_4city_800_20ep_mixstyle_s42,kitsap_1240.tif,0.240418
sam2_whu_4city_800_20ep_mixstyle_s42,kitsap_1550.tif,0.805830
sam2_whu_4city_800_20ep_mixstyle_s43,kitsap_3430.tif,0.760252
sam2_whu_4city_800_20ep_mixstyle_s43,kitsap_1439.tif,0.916265
sam2_whu_4city_800_20ep_mixstyle_s43,kitsap_1113.tif,0.441730
sam2_whu_4city_800_20ep_mixstyle_s43,kitsap_763.tif,1.000000
sam2_whu_4city_800_20ep_mixstyle_s43,kitsap_2082.tif,1.000000
sam2_whu_4city_800_20ep_mixstyle_s43,kitsap_1903.tif,1.000000
sam2_whu_4city_800_20ep_mixstyle_s43,kitsap_1854.tif,0.800399
sam2_whu_4city_800_20ep_mixstyle_s43,kitsap_1545.tif,0.581330
sam2_whu_4city_800_20ep_mixstyle_s43,kitsap_750.tif,0.774064
sam2_whu_4city_800_20ep_mixstyle_s43,kitsap_1396.tif,1.000000
sam2_whu_4city_800_20ep_mixstyle_s43,kitsap_3579.tif,0.190122
sam2_whu_4city_800_20ep_mixstyle_s43,kitsap_960.tif,1.000000
sam2_whu_4city_800_20ep_mixstyle_s43,kitsap_3052.tif,0.755172
sam2_whu_4city_800_20ep_mixstyle_s43,kitsap_1358.tif,0.496493
sam2_whu_4city_800_20ep_mixstyle_s43,kitsap_3184.tif,0.445639
sam2_whu_4city_800_20ep_mixstyle_s43,kitsap_2766.tif,0.716889
sam2_whu_4city_800_20ep_mixstyle_s43,kitsap_1163.tif,0.662738
sam2_whu_4city_800_20ep_mixstyle_s43,kitsap_1145.tif,1.000000
sam2_whu_4city_800_20ep_mixstyle_s43,kitsap_1371.tif,0.703171
sam2_whu_4city_800_20ep_mixstyle_s43,kitsap_1812.tif,0.639617
sam2_whu_4city_800_20ep_mixstyle_s43,kitsap_1894.tif,1.000000
sam2_whu_4city_800_20ep_mixstyle_s43,kitsap_2958.tif,0.848510
sam2_whu_4city_800_20ep_mixstyle_s43,kitsap_3240.tif,0.524268
sam2_whu_4city_800_20ep_mixstyle_s43,kitsap_961.tif,1.000000
sam2_whu_4city_800_20ep_mixstyle_s43,kitsap_3110.tif,0.000000
sam2_whu_4city_800_20ep_mixstyle_s43,kitsap_1760.tif,0.651647
sam2_whu_4city_800_20ep_mixstyle_s43,kitsap_3501.tif,0.793513
sam2_whu_4city_800_20ep_mixstyle_s43,kitsap_538.tif,0.310696
sam2_whu_4city_800_20ep_mixstyle_s43,kitsap_864.tif,1.000000
sam2_whu_4city_800_20ep_mixstyle_s43,kitsap_2764.tif,0.582249
sam2_whu_4city_800_20ep_mixstyle_s43,kitsap_1847.tif,0.784163
sam2_whu_4city_800_20ep_mixstyle_s43,kitsap_2786.tif,0.797373
sam2_whu_4city_800_20ep_mixstyle_s43,kitsap_318.tif,1.000000
sam2_whu_4city_800_20ep_mixstyle_s43,kitsap_2085.tif,1.000000
sam2_whu_4city_800_20ep_mixstyle_s43,kitsap_1006.tif,0.554065
sam2_whu_4city_800_20ep_mixstyle_s43,kitsap_1631.tif,0.855921
sam2_whu_4city_800_20ep_mixstyle_s43,kitsap_806.tif,0.756236
sam2_whu_4city_800_20ep_mixstyle_s43,kitsap_2345.tif,0.670739
sam2_whu_4city_800_20ep_mixstyle_s43,kitsap_868.tif,0.783290
sam2_whu_4city_800_20ep_mixstyle_s43,kitsap_1628.tif,0.845278
sam2_whu_4city_800_20ep_mixstyle_s43,kitsap_736.tif,1.000000
sam2_whu_4city_800_20ep_mixstyle_s43,kitsap_234.tif,0.762436
sam2_whu_4city_800_20ep_mixstyle_s43,kitsap_873.tif,1.000000
sam2_whu_4city_800_20ep_mixstyle_s43,kitsap_91.tif,1.000000
sam2_whu_4city_800_20ep_mixstyle_s43,kitsap_2468.tif,1.000000
sam2_whu_4city_800_20ep_mixstyle_s43,kitsap_1388.tif,0.000000
sam2_whu_4city_800_20ep_mixstyle_s43,kitsap_2383.tif,1.000000
sam2_whu_4city_800_20ep_mixstyle_s43,kitsap_2349.tif,0.947985
sam2_whu_4city_800_20ep_mixstyle_s43,kitsap_706.tif,0.974679
sam2_whu_4city_800_20ep_mixstyle_s43,kitsap_1973.tif,0.748494
sam2_whu_4city_800_20ep_mixstyle_s43,kitsap_1204.tif,0.698660
sam2_whu_4city_800_20ep_mixstyle_s43,kitsap_2820.tif,0.739517
sam2_whu_4city_800_20ep_mixstyle_s43,kitsap_3047.tif,0.818618
sam2_whu_4city_800_20ep_mixstyle_s43,kitsap_1518.tif,0.717510
sam2_whu_4city_800_20ep_mixstyle_s43,kitsap_2433.tif,0.864769
sam2_whu_4city_800_20ep_mixstyle_s43,kitsap_1308.tif,0.495484
sam2_whu_4city_800_20ep_mixstyle_s43,kitsap_3069.tif,0.823063
sam2_whu_4city_800_20ep_mixstyle_s43,kitsap_2098.tif,1.000000
sam2_whu_4city_800_20ep_mixstyle_s43,kitsap_2398.tif,0.642857
sam2_whu_4city_800_20ep_mixstyle_s43,kitsap_3162.tif,0.553972
sam2_whu_4city_800_20ep_mixstyle_s43,kitsap_1757.tif,0.329560
sam2_whu_4city_800_20ep_mixstyle_s43,kitsap_1279.tif,0.535333
sam2_whu_4city_800_20ep_mixstyle_s43,kitsap_3292.tif,0.771559
sam2_whu_4city_800_20ep_mixstyle_s43,kitsap_1857.tif,0.842712
sam2_whu_4city_800_20ep_mixstyle_s43,kitsap_2097.tif,0.855632
sam2_whu_4city_800_20ep_mixstyle_s43,kitsap_823.tif,0.718768
sam2_whu_4city_800_20ep_mixstyle_s43,kitsap_735.tif,1.000000
sam2_whu_4city_800_20ep_mixstyle_s43,kitsap_1392.tif,1.000000
sam2_whu_4city_800_20ep_mixstyle_s43,kitsap_3396.tif,0.529639
sam2_whu_4city_800_20ep_mixstyle_s43,kitsap_3521.tif,0.785867
sam2_whu_4city_800_20ep_mixstyle_s43,kitsap_2818.tif,1.000000
sam2_whu_4city_800_20ep_mixstyle_s43,kitsap_2409.tif,0.393581
sam2_whu_4city_800_20ep_mixstyle_s43,kitsap_1639.tif,0.881636
sam2_whu_4city_800_20ep_mixstyle_s43,kitsap_2414.tif,0.414803
sam2_whu_4city_800_20ep_mixstyle_s43,kitsap_2365.tif,0.760234
sam2_whu_4city_800_20ep_mixstyle_s43,kitsap_1791.tif,0.752837
sam2_whu_4city_800_20ep_mixstyle_s43,kitsap_1980.tif,0.886594
sam2_whu_4city_800_20ep_mixstyle_s43,kitsap_129.tif,1.000000
sam2_whu_4city_800_20ep_mixstyle_s43,kitsap_166.tif,1.000000
sam2_whu_4city_800_20ep_mixstyle_s43,kitsap_936.tif,1.000000
sam2_whu_4city_800_20ep_mixstyle_s43,kitsap_3581.tif,0.820112
sam2_whu_4city_800_20ep_mixstyle_s43,kitsap_3068.tif,0.899029
sam2_whu_4city_800_20ep_mixstyle_s43,kitsap_1753.tif,0.754430
sam2_whu_4city_800_20ep_mixstyle_s43,kitsap_1534.tif,0.864878
sam2_whu_4city_800_20ep_mixstyle_s43,kitsap_2842.tif,0.807569
sam2_whu_4city_800_20ep_mixstyle_s43,kitsap_227.tif,0.880332
sam2_whu_4city_800_20ep_mixstyle_s43,kitsap_3346.tif,0.000000
sam2_whu_4city_800_20ep_mixstyle_s43,kitsap_3339.tif,0.000000
sam2_whu_4city_800_20ep_mixstyle_s43,kitsap_970.tif,1.000000
sam2_whu_4city_800_20ep_mixstyle_s43,kitsap_3522.tif,0.595266
sam2_whu_4city_800_20ep_mixstyle_s43,kitsap_3006.tif,1.000000
sam2_whu_4city_800_20ep_mixstyle_s43,kitsap_507.tif,0.857032
sam2_whu_4city_800_20ep_mixstyle_s43,kitsap_2500.tif,0.816495
sam2_whu_4city_800_20ep_mixstyle_s43,kitsap_2506.tif,0.787384
sam2_whu_4city_800_20ep_mixstyle_s43,kitsap_865.tif,1.000000
sam2_whu_4city_800_20ep_mixstyle_s43,kitsap_1493.tif,0.762124
sam2_whu_4city_800_20ep_mixstyle_s43,kitsap_275.tif,0.847305
sam2_whu_4city_800_20ep_mixstyle_s43,kitsap_1053.tif,1.000000
sam2_whu_4city_800_20ep_mixstyle_s43,kitsap_2699.tif,0.000000
sam2_whu_4city_800_20ep_mixstyle_s43,kitsap_3550.tif,0.853785
sam2_whu_4city_800_20ep_mixstyle_s43,kitsap_1766.tif,0.922928
sam2_whu_4city_800_20ep_mixstyle_s43,kitsap_2906.tif,0.652364
sam2_whu_4city_800_20ep_mixstyle_s43,kitsap_770.tif,1.000000
sam2_whu_4city_800_20ep_mixstyle_s43,kitsap_1407.tif,0.841998
sam2_whu_4city_800_20ep_mixstyle_s43,kitsap_2090.tif,0.704753
sam2_whu_4city_800_20ep_mixstyle_s43,kitsap_3360.tif,0.000000
sam2_whu_4city_800_20ep_mixstyle_s43,kitsap_2798.tif,0.460199
sam2_whu_4city_800_20ep_mixstyle_s43,kitsap_3538.tif,1.000000
sam2_whu_4city_800_20ep_mixstyle_s43,kitsap_2292.tif,0.034400
sam2_whu_4city_800_20ep_mixstyle_s43,kitsap_1909.tif,0.390427
sam2_whu_4city_800_20ep_mixstyle_s43,kitsap_55.tif,1.000000
sam2_whu_4city_800_20ep_mixstyle_s43,kitsap_2270.tif,1.000000
sam2_whu_4city_800_20ep_mixstyle_s43,kitsap_612.tif,1.000000
sam2_whu_4city_800_20ep_mixstyle_s43,kitsap_731.tif,0.895321
sam2_whu_4city_800_20ep_mixstyle_s43,kitsap_1533.tif,1.000000
sam2_whu_4city_800_20ep_mixstyle_s43,kitsap_3132.tif,0.729353
sam2_whu_4city_800_20ep_mixstyle_s43,kitsap_3221.tif,0.848330
sam2_whu_4city_800_20ep_mixstyle_s43,kitsap_2871.tif,0.599553
sam2_whu_4city_800_20ep_mixstyle_s43,kitsap_2962.tif,0.598003
sam2_whu_4city_800_20ep_mixstyle_s43,kitsap_3163.tif,0.358779
sam2_whu_4city_800_20ep_mixstyle_s43,kitsap_3080.tif,0.824268
sam2_whu_4city_800_20ep_mixstyle_s43,kitsap_1803.tif,0.734016
sam2_whu_4city_800_20ep_mixstyle_s43,kitsap_3462.tif,1.000000
sam2_whu_4city_800_20ep_mixstyle_s43,kitsap_2750.tif,0.828749
sam2_whu_4city_800_20ep_mixstyle_s43,kitsap_1728.tif,0.968321
sam2_whu_4city_800_20ep_mixstyle_s43,kitsap_290.tif,1.000000
sam2_whu_4city_800_20ep_mixstyle_s43,kitsap_2537.tif,0.656061
sam2_whu_4city_800_20ep_mixstyle_s43,kitsap_1961.tif,0.523688
sam2_whu_4city_800_20ep_mixstyle_s43,kitsap_3051.tif,0.788228
sam2_whu_4city_800_20ep_mixstyle_s43,kitsap_3131.tif,0.442504
sam2_whu_4city_800_20ep_mixstyle_s43,kitsap_669.tif,0.819669
sam2_whu_4city_800_20ep_mixstyle_s43,kitsap_1241.tif,0.603225
sam2_whu_4city_800_20ep_mixstyle_s43,kitsap_1302.tif,0.747538
sam2_whu_4city_800_20ep_mixstyle_s43,kitsap_2919.tif,0.821804
sam2_whu_4city_800_20ep_mixstyle_s43,kitsap_2300.tif,0.858073
sam2_whu_4city_800_20ep_mixstyle_s43,kitsap_2723.tif,0.705316
sam2_whu_4city_800_20ep_mixstyle_s43,kitsap_3143.tif,0.458382
sam2_whu_4city_800_20ep_mixstyle_s43,kitsap_291.tif,1.000000
sam2_whu_4city_800_20ep_mixstyle_s43,kitsap_2914.tif,0.649541
sam2_whu_4city_800_20ep_mixstyle_s43,kitsap_3294.tif,0.562851
sam2_whu_4city_800_20ep_mixstyle_s43,kitsap_1531.tif,1.000000
sam2_whu_4city_800_20ep_mixstyle_s43,kitsap_3558.tif,1.000000
sam2_whu_4city_800_20ep_mixstyle_s43,kitsap_3171.tif,0.803472
sam2_whu_4city_800_20ep_mixstyle_s43,kitsap_2773.tif,0.833793
sam2_whu_4city_800_20ep_mixstyle_s43,kitsap_937.tif,0.211082
sam2_whu_4city_800_20ep_mixstyle_s43,kitsap_3045.tif,0.695428
sam2_whu_4city_800_20ep_mixstyle_s43,kitsap_1321.tif,0.898263
sam2_whu_4city_800_20ep_mixstyle_s43,kitsap_2775.tif,0.795258
sam2_whu_4city_800_20ep_mixstyle_s43,kitsap_3019.tif,0.733439
sam2_whu_4city_800_20ep_mixstyle_s43,kitsap_2783.tif,1.000000
sam2_whu_4city_800_20ep_mixstyle_s43,kitsap_1187.tif,0.511220
sam2_whu_4city_800_20ep_mixstyle_s43,kitsap_2774.tif,1.000000
sam2_whu_4city_800_20ep_mixstyle_s43,kitsap_1005.tif,0.809052
sam2_whu_4city_800_20ep_mixstyle_s43,kitsap_2424.tif,0.796248
sam2_whu_4city_800_20ep_mixstyle_s43,kitsap_2979.tif,0.770656
sam2_whu_4city_800_20ep_mixstyle_s43,kitsap_1266.tif,0.758662
sam2_whu_4city_800_20ep_mixstyle_s43,kitsap_1967.tif,0.142257
sam2_whu_4city_800_20ep_mixstyle_s43,kitsap_2019.tif,1.000000
sam2_whu_4city_800_20ep_mixstyle_s43,kitsap_2164.tif,0.134985
sam2_whu_4city_800_20ep_mixstyle_s43,kitsap_3207.tif,0.060827
sam2_whu_4city_800_20ep_mixstyle_s43,kitsap_2138.tif,0.348504
sam2_whu_4city_800_20ep_mixstyle_s43,kitsap_252.tif,0.793025
sam2_whu_4city_800_20ep_mixstyle_s43,kitsap_230.tif,1.000000
sam2_whu_4city_800_20ep_mixstyle_s43,kitsap_1696.tif,1.000000
sam2_whu_4city_800_20ep_mixstyle_s43,kitsap_1747.tif,0.870277
sam2_whu_4city_800_20ep_mixstyle_s43,kitsap_1617.tif,0.593872
sam2_whu_4city_800_20ep_mixstyle_s43,kitsap_1219.tif,0.140557
sam2_whu_4city_800_20ep_mixstyle_s43,kitsap_1182.tif,0.850309
sam2_whu_4city_800_20ep_mixstyle_s43,kitsap_983.tif,0.911266
sam2_whu_4city_800_20ep_mixstyle_s43,kitsap_468.tif,1.000000
sam2_whu_4city_800_20ep_mixstyle_s43,kitsap_221.tif,1.000000
sam2_whu_4city_800_20ep_mixstyle_s43,kitsap_3253.tif,0.571601
sam2_whu_4city_800_20ep_mixstyle_s43,kitsap_263.tif,0.903330
sam2_whu_4city_800_20ep_mixstyle_s43,kitsap_2092.tif,1.000000
sam2_whu_4city_800_20ep_mixstyle_s43,kitsap_2992.tif,0.766775
sam2_whu_4city_800_20ep_mixstyle_s43,kitsap_2231.tif,1.000000
sam2_whu_4city_800_20ep_mixstyle_s43,kitsap_1033.tif,0.899192
sam2_whu_4city_800_20ep_mixstyle_s43,kitsap_545.tif,0.197242
sam2_whu_4city_800_20ep_mixstyle_s43,kitsap_2943.tif,0.623863
sam2_whu_4city_800_20ep_mixstyle_s43,kitsap_3435.tif,1.000000
sam2_whu_4city_800_20ep_mixstyle_s43,kitsap_511.tif,0.639420
sam2_whu_4city_800_20ep_mixstyle_s43,kitsap_3517.tif,0.803312
sam2_whu_4city_800_20ep_mixstyle_s43,kitsap_2895.tif,0.771015
sam2_whu_4city_800_20ep_mixstyle_s43,kitsap_1642.tif,0.659721
sam2_whu_4city_800_20ep_mixstyle_s43,kitsap_3366.tif,0.494190
sam2_whu_4city_800_20ep_mixstyle_s43,kitsap_3003.tif,1.000000
sam2_whu_4city_800_20ep_mixstyle_s43,kitsap_1025.tif,0.839848
sam2_whu_4city_800_20ep_mixstyle_s43,kitsap_933.tif,0.648296
sam2_whu_4city_800_20ep_mixstyle_s43,kitsap_1252.tif,0.884190
sam2_whu_4city_800_20ep_mixstyle_s43,kitsap_1668.tif,0.880829
sam2_whu_4city_800_20ep_mixstyle_s43,kitsap_2769.tif,0.539866
sam2_whu_4city_800_20ep_mixstyle_s43,kitsap_406.tif,0.294672
sam2_whu_4city_800_20ep_mixstyle_s43,kitsap_1571.tif,0.786061
sam2_whu_4city_800_20ep_mixstyle_s43,kitsap_860.tif,0.000000
sam2_whu_4city_800_20ep_mixstyle_s43,kitsap_236.tif,0.830460
sam2_whu_4city_800_20ep_mixstyle_s43,kitsap_2266.tif,0.869846
sam2_whu_4city_800_20ep_mixstyle_s43,kitsap_1896.tif,0.852625
sam2_whu_4city_800_20ep_mixstyle_s43,kitsap_2955.tif,0.766186
sam2_whu_4city_800_20ep_mixstyle_s43,kitsap_1773.tif,0.675190
sam2_whu_4city_800_20ep_mixstyle_s43,kitsap_1504.tif,0.853531
sam2_whu_4city_800_20ep_mixstyle_s43,kitsap_1946.tif,0.817210
sam2_whu_4city_800_20ep_mixstyle_s43,kitsap_106.tif,0.857405
sam2_whu_4city_800_20ep_mixstyle_s43,kitsap_1898.tif,0.884817
sam2_whu_4city_800_20ep_mixstyle_s43,kitsap_2897.tif,0.287154
sam2_whu_4city_800_20ep_mixstyle_s43,kitsap_934.tif,0.720287
sam2_whu_4city_800_20ep_mixstyle_s43,kitsap_1240.tif,0.248470
sam2_whu_4city_800_20ep_mixstyle_s43,kitsap_1550.tif,0.813287
sam2_whu_4city_800_20ep_mixstyle_s44,kitsap_3430.tif,0.779258
sam2_whu_4city_800_20ep_mixstyle_s44,kitsap_1439.tif,0.864495
sam2_whu_4city_800_20ep_mixstyle_s44,kitsap_1113.tif,0.779868
sam2_whu_4city_800_20ep_mixstyle_s44,kitsap_763.tif,1.000000
sam2_whu_4city_800_20ep_mixstyle_s44,kitsap_2082.tif,1.000000
sam2_whu_4city_800_20ep_mixstyle_s44,kitsap_1903.tif,1.000000
sam2_whu_4city_800_20ep_mixstyle_s44,kitsap_1854.tif,0.778501
sam2_whu_4city_800_20ep_mixstyle_s44,kitsap_1545.tif,0.509930
sam2_whu_4city_800_20ep_mixstyle_s44,kitsap_750.tif,0.757041
sam2_whu_4city_800_20ep_mixstyle_s44,kitsap_1396.tif,1.000000
sam2_whu_4city_800_20ep_mixstyle_s44,kitsap_3579.tif,0.307371
sam2_whu_4city_800_20ep_mixstyle_s44,kitsap_960.tif,1.000000
sam2_whu_4city_800_20ep_mixstyle_s44,kitsap_3052.tif,0.716754
sam2_whu_4city_800_20ep_mixstyle_s44,kitsap_1358.tif,0.291667
sam2_whu_4city_800_20ep_mixstyle_s44,kitsap_3184.tif,0.498328
sam2_whu_4city_800_20ep_mixstyle_s44,kitsap_2766.tif,0.762902
sam2_whu_4city_800_20ep_mixstyle_s44,kitsap_1163.tif,0.835247
sam2_whu_4city_800_20ep_mixstyle_s44,kitsap_1145.tif,1.000000
sam2_whu_4city_800_20ep_mixstyle_s44,kitsap_1371.tif,0.698333
sam2_whu_4city_800_20ep_mixstyle_s44,kitsap_1812.tif,0.540110
sam2_whu_4city_800_20ep_mixstyle_s44,kitsap_1894.tif,1.000000
sam2_whu_4city_800_20ep_mixstyle_s44,kitsap_2958.tif,0.785111
sam2_whu_4city_800_20ep_mixstyle_s44,kitsap_3240.tif,0.631089
sam2_whu_4city_800_20ep_mixstyle_s44,kitsap_961.tif,1.000000
sam2_whu_4city_800_20ep_mixstyle_s44,kitsap_3110.tif,0.000000
sam2_whu_4city_800_20ep_mixstyle_s44,kitsap_1760.tif,0.751222
sam2_whu_4city_800_20ep_mixstyle_s44,kitsap_3501.tif,0.805600
sam2_whu_4city_800_20ep_mixstyle_s44,kitsap_538.tif,0.300855
sam2_whu_4city_800_20ep_mixstyle_s44,kitsap_864.tif,1.000000
sam2_whu_4city_800_20ep_mixstyle_s44,kitsap_2764.tif,0.820755
sam2_whu_4city_800_20ep_mixstyle_s44,kitsap_1847.tif,0.744436
sam2_whu_4city_800_20ep_mixstyle_s44,kitsap_2786.tif,0.783667
sam2_whu_4city_800_20ep_mixstyle_s44,kitsap_318.tif,1.000000
sam2_whu_4city_800_20ep_mixstyle_s44,kitsap_2085.tif,1.000000
sam2_whu_4city_800_20ep_mixstyle_s44,kitsap_1006.tif,0.654207
sam2_whu_4city_800_20ep_mixstyle_s44,kitsap_1631.tif,0.832159
sam2_whu_4city_800_20ep_mixstyle_s44,kitsap_806.tif,0.767459
sam2_whu_4city_800_20ep_mixstyle_s44,kitsap_2345.tif,0.670050
sam2_whu_4city_800_20ep_mixstyle_s44,kitsap_868.tif,0.827586
sam2_whu_4city_800_20ep_mixstyle_s44,kitsap_1628.tif,0.855717
sam2_whu_4city_800_20ep_mixstyle_s44,kitsap_736.tif,1.000000
sam2_whu_4city_800_20ep_mixstyle_s44,kitsap_234.tif,0.798250
sam2_whu_4city_800_20ep_mixstyle_s44,kitsap_873.tif,0.000000
sam2_whu_4city_800_20ep_mixstyle_s44,kitsap_91.tif,1.000000
sam2_whu_4city_800_20ep_mixstyle_s44,kitsap_2468.tif,1.000000
sam2_whu_4city_800_20ep_mixstyle_s44,kitsap_1388.tif,0.604089
sam2_whu_4city_800_20ep_mixstyle_s44,kitsap_2383.tif,1.000000
sam2_whu_4city_800_20ep_mixstyle_s44,kitsap_2349.tif,0.947803
sam2_whu_4city_800_20ep_mixstyle_s44,kitsap_706.tif,0.963900
sam2_whu_4city_800_20ep_mixstyle_s44,kitsap_1973.tif,0.733343
sam2_whu_4city_800_20ep_mixstyle_s44,kitsap_1204.tif,0.730108
sam2_whu_4city_800_20ep_mixstyle_s44,kitsap_2820.tif,0.803025
sam2_whu_4city_800_20ep_mixstyle_s44,kitsap_3047.tif,0.752066
sam2_whu_4city_800_20ep_mixstyle_s44,kitsap_1518.tif,0.435585
sam2_whu_4city_800_20ep_mixstyle_s44,kitsap_2433.tif,0.506829
sam2_whu_4city_800_20ep_mixstyle_s44,kitsap_1308.tif,0.531458
sam2_whu_4city_800_20ep_mixstyle_s44,kitsap_3069.tif,0.857446
sam2_whu_4city_800_20ep_mixstyle_s44,kitsap_2098.tif,1.000000
sam2_whu_4city_800_20ep_mixstyle_s44,kitsap_2398.tif,0.697841
sam2_whu_4city_800_20ep_mixstyle_s44,kitsap_3162.tif,0.621187
sam2_whu_4city_800_20ep_mixstyle_s44,kitsap_1757.tif,0.313473
sam2_whu_4city_800_20ep_mixstyle_s44,kitsap_1279.tif,0.821913
sam2_whu_4city_800_20ep_mixstyle_s44,kitsap_3292.tif,0.020354
sam2_whu_4city_800_20ep_mixstyle_s44,kitsap_1857.tif,0.831982
sam2_whu_4city_800_20ep_mixstyle_s44,kitsap_2097.tif,0.860743
sam2_whu_4city_800_20ep_mixstyle_s44,kitsap_823.tif,0.714837
sam2_whu_4city_800_20ep_mixstyle_s44,kitsap_735.tif,1.000000
sam2_whu_4city_800_20ep_mixstyle_s44,kitsap_1392.tif,1.000000
sam2_whu_4city_800_20ep_mixstyle_s44,kitsap_3396.tif,0.654145
sam2_whu_4city_800_20ep_mixstyle_s44,kitsap_3521.tif,0.802698
sam2_whu_4city_800_20ep_mixstyle_s44,kitsap_2818.tif,1.000000
sam2_whu_4city_800_20ep_mixstyle_s44,kitsap_2409.tif,0.162008
sam2_whu_4city_800_20ep_mixstyle_s44,kitsap_1639.tif,0.902167
sam2_whu_4city_800_20ep_mixstyle_s44,kitsap_2414.tif,0.410529
sam2_whu_4city_800_20ep_mixstyle_s44,kitsap_2365.tif,0.787234
sam2_whu_4city_800_20ep_mixstyle_s44,kitsap_1791.tif,0.757994
sam2_whu_4city_800_20ep_mixstyle_s44,kitsap_1980.tif,0.866481
sam2_whu_4city_800_20ep_mixstyle_s44,kitsap_129.tif,1.000000
sam2_whu_4city_800_20ep_mixstyle_s44,kitsap_166.tif,1.000000
sam2_whu_4city_800_20ep_mixstyle_s44,kitsap_936.tif,1.000000
sam2_whu_4city_800_20ep_mixstyle_s44,kitsap_3581.tif,0.825612
sam2_whu_4city_800_20ep_mixstyle_s44,kitsap_3068.tif,0.885555
sam2_whu_4city_800_20ep_mixstyle_s44,kitsap_1753.tif,0.731470
sam2_whu_4city_800_20ep_mixstyle_s44,kitsap_1534.tif,0.881073
sam2_whu_4city_800_20ep_mixstyle_s44,kitsap_2842.tif,0.798977
sam2_whu_4city_800_20ep_mixstyle_s44,kitsap_227.tif,0.830432
sam2_whu_4city_800_20ep_mixstyle_s44,kitsap_3346.tif,0.000000
sam2_whu_4city_800_20ep_mixstyle_s44,kitsap_3339.tif,0.000000
sam2_whu_4city_800_20ep_mixstyle_s44,kitsap_970.tif,1.000000
sam2_whu_4city_800_20ep_mixstyle_s44,kitsap_3522.tif,0.624896
sam2_whu_4city_800_20ep_mixstyle_s44,kitsap_3006.tif,1.000000
sam2_whu_4city_800_20ep_mixstyle_s44,kitsap_507.tif,0.867748
sam2_whu_4city_800_20ep_mixstyle_s44,kitsap_2500.tif,0.897618
sam2_whu_4city_800_20ep_mixstyle_s44,kitsap_2506.tif,0.802363
sam2_whu_4city_800_20ep_mixstyle_s44,kitsap_865.tif,1.000000
sam2_whu_4city_800_20ep_mixstyle_s44,kitsap_1493.tif,0.705938
sam2_whu_4city_800_20ep_mixstyle_s44,kitsap_275.tif,0.836407
sam2_whu_4city_800_20ep_mixstyle_s44,kitsap_1053.tif,1.000000
sam2_whu_4city_800_20ep_mixstyle_s44,kitsap_2699.tif,0.000000
sam2_whu_4city_800_20ep_mixstyle_s44,kitsap_3550.tif,0.831907
sam2_whu_4city_800_20ep_mixstyle_s44,kitsap_1766.tif,0.916627
sam2_whu_4city_800_20ep_mixstyle_s44,kitsap_2906.tif,0.720017
sam2_whu_4city_800_20ep_mixstyle_s44,kitsap_770.tif,1.000000
sam2_whu_4city_800_20ep_mixstyle_s44,kitsap_1407.tif,0.314466
sam2_whu_4city_800_20ep_mixstyle_s44,kitsap_2090.tif,0.767985
sam2_whu_4city_800_20ep_mixstyle_s44,kitsap_3360.tif,0.171109
sam2_whu_4city_800_20ep_mixstyle_s44,kitsap_2798.tif,0.473341
sam2_whu_4city_800_20ep_mixstyle_s44,kitsap_3538.tif,1.000000
sam2_whu_4city_800_20ep_mixstyle_s44,kitsap_2292.tif,0.247604
sam2_whu_4city_800_20ep_mixstyle_s44,kitsap_1909.tif,0.595265
sam2_whu_4city_800_20ep_mixstyle_s44,kitsap_55.tif,1.000000
sam2_whu_4city_800_20ep_mixstyle_s44,kitsap_2270.tif,1.000000
sam2_whu_4city_800_20ep_mixstyle_s44,kitsap_612.tif,1.000000
sam2_whu_4city_800_20ep_mixstyle_s44,kitsap_731.tif,0.876673
sam2_whu_4city_800_20ep_mixstyle_s44,kitsap_1533.tif,1.000000
sam2_whu_4city_800_20ep_mixstyle_s44,kitsap_3132.tif,0.806937
sam2_whu_4city_800_20ep_mixstyle_s44,kitsap_3221.tif,0.852801
sam2_whu_4city_800_20ep_mixstyle_s44,kitsap_2871.tif,0.733685
sam2_whu_4city_800_20ep_mixstyle_s44,kitsap_2962.tif,0.646568
sam2_whu_4city_800_20ep_mixstyle_s44,kitsap_3163.tif,0.855516
sam2_whu_4city_800_20ep_mixstyle_s44,kitsap_3080.tif,0.782785
sam2_whu_4city_800_20ep_mixstyle_s44,kitsap_1803.tif,0.700274
sam2_whu_4city_800_20ep_mixstyle_s44,kitsap_3462.tif,1.000000
sam2_whu_4city_800_20ep_mixstyle_s44,kitsap_2750.tif,0.796660
sam2_whu_4city_800_20ep_mixstyle_s44,kitsap_1728.tif,0.962558
sam2_whu_4city_800_20ep_mixstyle_s44,kitsap_290.tif,1.000000
sam2_whu_4city_800_20ep_mixstyle_s44,kitsap_2537.tif,0.717785
sam2_whu_4city_800_20ep_mixstyle_s44,kitsap_1961.tif,0.823487
sam2_whu_4city_800_20ep_mixstyle_s44,kitsap_3051.tif,0.829678
sam2_whu_4city_800_20ep_mixstyle_s44,kitsap_3131.tif,0.478544
sam2_whu_4city_800_20ep_mixstyle_s44,kitsap_669.tif,0.778390
sam2_whu_4city_800_20ep_mixstyle_s44,kitsap_1241.tif,0.598500
sam2_whu_4city_800_20ep_mixstyle_s44,kitsap_1302.tif,0.758173
sam2_whu_4city_800_20ep_mixstyle_s44,kitsap_2919.tif,0.835294
sam2_whu_4city_800_20ep_mixstyle_s44,kitsap_2300.tif,0.436968
sam2_whu_4city_800_20ep_mixstyle_s44,kitsap_2723.tif,0.705027
sam2_whu_4city_800_20ep_mixstyle_s44,kitsap_3143.tif,0.474088
sam2_whu_4city_800_20ep_mixstyle_s44,kitsap_291.tif,1.000000
sam2_whu_4city_800_20ep_mixstyle_s44,kitsap_2914.tif,0.713252
sam2_whu_4city_800_20ep_mixstyle_s44,kitsap_3294.tif,0.731010
sam2_whu_4city_800_20ep_mixstyle_s44,kitsap_1531.tif,1.000000
sam2_whu_4city_800_20ep_mixstyle_s44,kitsap_3558.tif,1.000000
sam2_whu_4city_800_20ep_mixstyle_s44,kitsap_3171.tif,0.805656
sam2_whu_4city_800_20ep_mixstyle_s44,kitsap_2773.tif,0.837277
sam2_whu_4city_800_20ep_mixstyle_s44,kitsap_937.tif,0.204706
sam2_whu_4city_800_20ep_mixstyle_s44,kitsap_3045.tif,0.706703
sam2_whu_4city_800_20ep_mixstyle_s44,kitsap_1321.tif,0.888169
sam2_whu_4city_800_20ep_mixstyle_s44,kitsap_2775.tif,0.803820
sam2_whu_4city_800_20ep_mixstyle_s44,kitsap_3019.tif,0.796413
sam2_whu_4city_800_20ep_mixstyle_s44,kitsap_2783.tif,1.000000
sam2_whu_4city_800_20ep_mixstyle_s44,kitsap_1187.tif,0.613867
sam2_whu_4city_800_20ep_mixstyle_s44,kitsap_2774.tif,1.000000
sam2_whu_4city_800_20ep_mixstyle_s44,kitsap_1005.tif,0.812315
sam2_whu_4city_800_20ep_mixstyle_s44,kitsap_2424.tif,0.645581
sam2_whu_4city_800_20ep_mixstyle_s44,kitsap_2979.tif,0.789032
sam2_whu_4city_800_20ep_mixstyle_s44,kitsap_1266.tif,0.889492
sam2_whu_4city_800_20ep_mixstyle_s44,kitsap_1967.tif,0.543902
sam2_whu_4city_800_20ep_mixstyle_s44,kitsap_2019.tif,1.000000
sam2_whu_4city_800_20ep_mixstyle_s44,kitsap_2164.tif,0.307489
sam2_whu_4city_800_20ep_mixstyle_s44,kitsap_3207.tif,0.000000
sam2_whu_4city_800_20ep_mixstyle_s44,kitsap_2138.tif,0.740794
sam2_whu_4city_800_20ep_mixstyle_s44,kitsap_252.tif,0.746255
sam2_whu_4city_800_20ep_mixstyle_s44,kitsap_230.tif,1.000000
sam2_whu_4city_800_20ep_mixstyle_s44,kitsap_1696.tif,1.000000
sam2_whu_4city_800_20ep_mixstyle_s44,kitsap_1747.tif,0.753180
sam2_whu_4city_800_20ep_mixstyle_s44,kitsap_1617.tif,0.799814
sam2_whu_4city_800_20ep_mixstyle_s44,kitsap_1219.tif,0.480283
sam2_whu_4city_800_20ep_mixstyle_s44,kitsap_1182.tif,0.949030
sam2_whu_4city_800_20ep_mixstyle_s44,kitsap_983.tif,0.803393
sam2_whu_4city_800_20ep_mixstyle_s44,kitsap_468.tif,1.000000
sam2_whu_4city_800_20ep_mixstyle_s44,kitsap_221.tif,1.000000
sam2_whu_4city_800_20ep_mixstyle_s44,kitsap_3253.tif,0.574546
sam2_whu_4city_800_20ep_mixstyle_s44,kitsap_263.tif,0.899583
sam2_whu_4city_800_20ep_mixstyle_s44,kitsap_2092.tif,1.000000
sam2_whu_4city_800_20ep_mixstyle_s44,kitsap_2992.tif,0.715402
sam2_whu_4city_800_20ep_mixstyle_s44,kitsap_2231.tif,1.000000
sam2_whu_4city_800_20ep_mixstyle_s44,kitsap_1033.tif,0.892508
sam2_whu_4city_800_20ep_mixstyle_s44,kitsap_545.tif,0.306258
sam2_whu_4city_800_20ep_mixstyle_s44,kitsap_2943.tif,0.779601
sam2_whu_4city_800_20ep_mixstyle_s44,kitsap_3435.tif,1.000000
sam2_whu_4city_800_20ep_mixstyle_s44,kitsap_511.tif,0.674118
sam2_whu_4city_800_20ep_mixstyle_s44,kitsap_3517.tif,0.810841
sam2_whu_4city_800_20ep_mixstyle_s44,kitsap_2895.tif,0.686004
sam2_whu_4city_800_20ep_mixstyle_s44,kitsap_1642.tif,0.666817
sam2_whu_4city_800_20ep_mixstyle_s44,kitsap_3366.tif,0.678442
sam2_whu_4city_800_20ep_mixstyle_s44,kitsap_3003.tif,1.000000
sam2_whu_4city_800_20ep_mixstyle_s44,kitsap_1025.tif,0.784190
sam2_whu_4city_800_20ep_mixstyle_s44,kitsap_933.tif,0.653874
sam2_whu_4city_800_20ep_mixstyle_s44,kitsap_1252.tif,0.807951
sam2_whu_4city_800_20ep_mixstyle_s44,kitsap_1668.tif,0.722228
sam2_whu_4city_800_20ep_mixstyle_s44,kitsap_2769.tif,0.547687
sam2_whu_4city_800_20ep_mixstyle_s44,kitsap_406.tif,0.444603
sam2_whu_4city_800_20ep_mixstyle_s44,kitsap_1571.tif,0.690821
sam2_whu_4city_800_20ep_mixstyle_s44,kitsap_860.tif,0.000000
sam2_whu_4city_800_20ep_mixstyle_s44,kitsap_236.tif,0.834489
sam2_whu_4city_800_20ep_mixstyle_s44,kitsap_2266.tif,0.774717
sam2_whu_4city_800_20ep_mixstyle_s44,kitsap_1896.tif,0.831124
sam2_whu_4city_800_20ep_mixstyle_s44,kitsap_2955.tif,0.762570
sam2_whu_4city_800_20ep_mixstyle_s44,kitsap_1773.tif,0.491641
sam2_whu_4city_800_20ep_mixstyle_s44,kitsap_1504.tif,0.750618
sam2_whu_4city_800_20ep_mixstyle_s44,kitsap_1946.tif,0.592708
sam2_whu_4city_800_20ep_mixstyle_s44,kitsap_106.tif,0.861146
sam2_whu_4city_800_20ep_mixstyle_s44,kitsap_1898.tif,0.872030
sam2_whu_4city_800_20ep_mixstyle_s44,kitsap_2897.tif,0.582050
sam2_whu_4city_800_20ep_mixstyle_s44,kitsap_934.tif,0.820924
sam2_whu_4city_800_20ep_mixstyle_s44,kitsap_1240.tif,0.685598
sam2_whu_4city_800_20ep_mixstyle_s44,kitsap_1550.tif,0.841758
sam2_whu_4city_800_20ep_mixstyle_s45,kitsap_3430.tif,0.777173
sam2_whu_4city_800_20ep_mixstyle_s45,kitsap_1439.tif,0.860867
sam2_whu_4city_800_20ep_mixstyle_s45,kitsap_1113.tif,0.699955
sam2_whu_4city_800_20ep_mixstyle_s45,kitsap_763.tif,1.000000
sam2_whu_4city_800_20ep_mixstyle_s45,kitsap_2082.tif,1.000000
sam2_whu_4city_800_20ep_mixstyle_s45,kitsap_1903.tif,1.000000
sam2_whu_4city_800_20ep_mixstyle_s45,kitsap_1854.tif,0.715690
sam2_whu_4city_800_20ep_mixstyle_s45,kitsap_1545.tif,0.668126
sam2_whu_4city_800_20ep_mixstyle_s45,kitsap_750.tif,0.773304
sam2_whu_4city_800_20ep_mixstyle_s45,kitsap_1396.tif,1.000000
sam2_whu_4city_800_20ep_mixstyle_s45,kitsap_3579.tif,0.212165
sam2_whu_4city_800_20ep_mixstyle_s45,kitsap_960.tif,1.000000
sam2_whu_4city_800_20ep_mixstyle_s45,kitsap_3052.tif,0.723576
sam2_whu_4city_800_20ep_mixstyle_s45,kitsap_1358.tif,0.480989
sam2_whu_4city_800_20ep_mixstyle_s45,kitsap_3184.tif,0.498216
sam2_whu_4city_800_20ep_mixstyle_s45,kitsap_2766.tif,0.820634
sam2_whu_4city_800_20ep_mixstyle_s45,kitsap_1163.tif,0.568503
sam2_whu_4city_800_20ep_mixstyle_s45,kitsap_1145.tif,1.000000
sam2_whu_4city_800_20ep_mixstyle_s45,kitsap_1371.tif,0.655637
sam2_whu_4city_800_20ep_mixstyle_s45,kitsap_1812.tif,0.564834
sam2_whu_4city_800_20ep_mixstyle_s45,kitsap_1894.tif,1.000000
sam2_whu_4city_800_20ep_mixstyle_s45,kitsap_2958.tif,0.813735
sam2_whu_4city_800_20ep_mixstyle_s45,kitsap_3240.tif,0.644826
sam2_whu_4city_800_20ep_mixstyle_s45,kitsap_961.tif,1.000000
sam2_whu_4city_800_20ep_mixstyle_s45,kitsap_3110.tif,0.000000
sam2_whu_4city_800_20ep_mixstyle_s45,kitsap_1760.tif,0.732350
sam2_whu_4city_800_20ep_mixstyle_s45,kitsap_3501.tif,0.762826
sam2_whu_4city_800_20ep_mixstyle_s45,kitsap_538.tif,0.329915
sam2_whu_4city_800_20ep_mixstyle_s45,kitsap_864.tif,1.000000
sam2_whu_4city_800_20ep_mixstyle_s45,kitsap_2764.tif,0.901643
sam2_whu_4city_800_20ep_mixstyle_s45,kitsap_1847.tif,0.758445
sam2_whu_4city_800_20ep_mixstyle_s45,kitsap_2786.tif,0.830961
sam2_whu_4city_800_20ep_mixstyle_s45,kitsap_318.tif,1.000000
sam2_whu_4city_800_20ep_mixstyle_s45,kitsap_2085.tif,1.000000
sam2_whu_4city_800_20ep_mixstyle_s45,kitsap_1006.tif,0.377324
sam2_whu_4city_800_20ep_mixstyle_s45,kitsap_1631.tif,0.889768
sam2_whu_4city_800_20ep_mixstyle_s45,kitsap_806.tif,0.768056
sam2_whu_4city_800_20ep_mixstyle_s45,kitsap_2345.tif,0.761777
sam2_whu_4city_800_20ep_mixstyle_s45,kitsap_868.tif,0.721785
sam2_whu_4city_800_20ep_mixstyle_s45,kitsap_1628.tif,0.879121
sam2_whu_4city_800_20ep_mixstyle_s45,kitsap_736.tif,1.000000
sam2_whu_4city_800_20ep_mixstyle_s45,kitsap_234.tif,0.773157
sam2_whu_4city_800_20ep_mixstyle_s45,kitsap_873.tif,0.000000
sam2_whu_4city_800_20ep_mixstyle_s45,kitsap_91.tif,1.000000
sam2_whu_4city_800_20ep_mixstyle_s45,kitsap_2468.tif,1.000000
sam2_whu_4city_800_20ep_mixstyle_s45,kitsap_1388.tif,0.000000
sam2_whu_4city_800_20ep_mixstyle_s45,kitsap_2383.tif,1.000000
sam2_whu_4city_800_20ep_mixstyle_s45,kitsap_2349.tif,0.938271
sam2_whu_4city_800_20ep_mixstyle_s45,kitsap_706.tif,0.949662
sam2_whu_4city_800_20ep_mixstyle_s45,kitsap_1973.tif,0.755085
sam2_whu_4city_800_20ep_mixstyle_s45,kitsap_1204.tif,0.695450
sam2_whu_4city_800_20ep_mixstyle_s45,kitsap_2820.tif,0.770951
sam2_whu_4city_800_20ep_mixstyle_s45,kitsap_3047.tif,0.767942
sam2_whu_4city_800_20ep_mixstyle_s45,kitsap_1518.tif,0.697811
sam2_whu_4city_800_20ep_mixstyle_s45,kitsap_2433.tif,0.655234
sam2_whu_4city_800_20ep_mixstyle_s45,kitsap_1308.tif,0.659933
sam2_whu_4city_800_20ep_mixstyle_s45,kitsap_3069.tif,0.787456
sam2_whu_4city_800_20ep_mixstyle_s45,kitsap_2098.tif,1.000000
sam2_whu_4city_800_20ep_mixstyle_s45,kitsap_2398.tif,0.597881
sam2_whu_4city_800_20ep_mixstyle_s45,kitsap_3162.tif,0.621335
sam2_whu_4city_800_20ep_mixstyle_s45,kitsap_1757.tif,0.301960
sam2_whu_4city_800_20ep_mixstyle_s45,kitsap_1279.tif,0.819774
sam2_whu_4city_800_20ep_mixstyle_s45,kitsap_3292.tif,0.813313
sam2_whu_4city_800_20ep_mixstyle_s45,kitsap_1857.tif,0.830649
sam2_whu_4city_800_20ep_mixstyle_s45,kitsap_2097.tif,0.845150
sam2_whu_4city_800_20ep_mixstyle_s45,kitsap_823.tif,0.718429
sam2_whu_4city_800_20ep_mixstyle_s45,kitsap_735.tif,1.000000
sam2_whu_4city_800_20ep_mixstyle_s45,kitsap_1392.tif,1.000000
sam2_whu_4city_800_20ep_mixstyle_s45,kitsap_3396.tif,0.697231
sam2_whu_4city_800_20ep_mixstyle_s45,kitsap_3521.tif,0.777639
sam2_whu_4city_800_20ep_mixstyle_s45,kitsap_2818.tif,1.000000
sam2_whu_4city_800_20ep_mixstyle_s45,kitsap_2409.tif,0.156649
sam2_whu_4city_800_20ep_mixstyle_s45,kitsap_1639.tif,0.898484
sam2_whu_4city_800_20ep_mixstyle_s45,kitsap_2414.tif,0.402423
sam2_whu_4city_800_20ep_mixstyle_s45,kitsap_2365.tif,0.000000
sam2_whu_4city_800_20ep_mixstyle_s45,kitsap_1791.tif,0.690869
sam2_whu_4city_800_20ep_mixstyle_s45,kitsap_1980.tif,0.871327
sam2_whu_4city_800_20ep_mixstyle_s45,kitsap_129.tif,1.000000
sam2_whu_4city_800_20ep_mixstyle_s45,kitsap_166.tif,1.000000
sam2_whu_4city_800_20ep_mixstyle_s45,kitsap_936.tif,1.000000
sam2_whu_4city_800_20ep_mixstyle_s45,kitsap_3581.tif,0.727375
sam2_whu_4city_800_20ep_mixstyle_s45,kitsap_3068.tif,0.891577
sam2_whu_4city_800_20ep_mixstyle_s45,kitsap_1753.tif,0.709773
sam2_whu_4city_800_20ep_mixstyle_s45,kitsap_1534.tif,0.869760
sam2_whu_4city_800_20ep_mixstyle_s45,kitsap_2842.tif,0.766653
sam2_whu_4city_800_20ep_mixstyle_s45,kitsap_227.tif,0.857648
sam2_whu_4city_800_20ep_mixstyle_s45,kitsap_3346.tif,0.825000
sam2_whu_4city_800_20ep_mixstyle_s45,kitsap_3339.tif,0.818868
sam2_whu_4city_800_20ep_mixstyle_s45,kitsap_970.tif,1.000000
sam2_whu_4city_800_20ep_mixstyle_s45,kitsap_3522.tif,0.544535
sam2_whu_4city_800_20ep_mixstyle_s45,kitsap_3006.tif,1.000000
sam2_whu_4city_800_20ep_mixstyle_s45,kitsap_507.tif,0.858922
sam2_whu_4city_800_20ep_mixstyle_s45,kitsap_2500.tif,0.850850
sam2_whu_4city_800_20ep_mixstyle_s45,kitsap_2506.tif,0.728895
sam2_whu_4city_800_20ep_mixstyle_s45,kitsap_865.tif,1.000000
sam2_whu_4city_800_20ep_mixstyle_s45,kitsap_1493.tif,0.781580
sam2_whu_4city_800_20ep_mixstyle_s45,kitsap_275.tif,0.914470
sam2_whu_4city_800_20ep_mixstyle_s45,kitsap_1053.tif,1.000000
sam2_whu_4city_800_20ep_mixstyle_s45,kitsap_2699.tif,0.000000
sam2_whu_4city_800_20ep_mixstyle_s45,kitsap_3550.tif,0.851483
sam2_whu_4city_800_20ep_mixstyle_s45,kitsap_1766.tif,0.896018
sam2_whu_4city_800_20ep_mixstyle_s45,kitsap_2906.tif,0.679750
sam2_whu_4city_800_20ep_mixstyle_s45,kitsap_770.tif,1.000000
sam2_whu_4city_800_20ep_mixstyle_s45,kitsap_1407.tif,0.481587
sam2_whu_4city_800_20ep_mixstyle_s45,kitsap_2090.tif,0.808852
sam2_whu_4city_800_20ep_mixstyle_s45,kitsap_3360.tif,0.168820
sam2_whu_4city_800_20ep_mixstyle_s45,kitsap_2798.tif,0.476549
sam2_whu_4city_800_20ep_mixstyle_s45,kitsap_3538.tif,1.000000
sam2_whu_4city_800_20ep_mixstyle_s45,kitsap_2292.tif,0.253480
sam2_whu_4city_800_20ep_mixstyle_s45,kitsap_1909.tif,0.540679
sam2_whu_4city_800_20ep_mixstyle_s45,kitsap_55.tif,1.000000
sam2_whu_4city_800_20ep_mixstyle_s45,kitsap_2270.tif,1.000000
sam2_whu_4city_800_20ep_mixstyle_s45,kitsap_612.tif,1.000000
sam2_whu_4city_800_20ep_mixstyle_s45,kitsap_731.tif,0.892487
sam2_whu_4city_800_20ep_mixstyle_s45,kitsap_1533.tif,1.000000
sam2_whu_4city_800_20ep_mixstyle_s45,kitsap_3132.tif,0.768109
sam2_whu_4city_800_20ep_mixstyle_s45,kitsap_3221.tif,0.860408
sam2_whu_4city_800_20ep_mixstyle_s45,kitsap_2871.tif,0.623552
sam2_whu_4city_800_20ep_mixstyle_s45,kitsap_2962.tif,0.491978
sam2_whu_4city_800_20ep_mixstyle_s45,kitsap_3163.tif,0.878762
sam2_whu_4city_800_20ep_mixstyle_s45,kitsap_3080.tif,0.753427
sam2_whu_4city_800_20ep_mixstyle_s45,kitsap_1803.tif,0.715122
sam2_whu_4city_800_20ep_mixstyle_s45,kitsap_3462.tif,1.000000
sam2_whu_4city_800_20ep_mixstyle_s45,kitsap_2750.tif,0.813884
sam2_whu_4city_800_20ep_mixstyle_s45,kitsap_1728.tif,0.967796
sam2_whu_4city_800_20ep_mixstyle_s45,kitsap_290.tif,1.000000
sam2_whu_4city_800_20ep_mixstyle_s45,kitsap_2537.tif,0.653586
sam2_whu_4city_800_20ep_mixstyle_s45,kitsap_1961.tif,0.755337
sam2_whu_4city_800_20ep_mixstyle_s45,kitsap_3051.tif,0.813146
sam2_whu_4city_800_20ep_mixstyle_s45,kitsap_3131.tif,0.577682
sam2_whu_4city_800_20ep_mixstyle_s45,kitsap_669.tif,0.845143
sam2_whu_4city_800_20ep_mixstyle_s45,kitsap_1241.tif,0.683591
sam2_whu_4city_800_20ep_mixstyle_s45,kitsap_1302.tif,0.824966
sam2_whu_4city_800_20ep_mixstyle_s45,kitsap_2919.tif,0.822259
sam2_whu_4city_800_20ep_mixstyle_s45,kitsap_2300.tif,0.381859
sam2_whu_4city_800_20ep_mixstyle_s45,kitsap_2723.tif,0.715590
sam2_whu_4city_800_20ep_mixstyle_s45,kitsap_3143.tif,0.658354
sam2_whu_4city_800_20ep_mixstyle_s45,kitsap_291.tif,1.000000
sam2_whu_4city_800_20ep_mixstyle_s45,kitsap_2914.tif,0.593368
sam2_whu_4city_800_20ep_mixstyle_s45,kitsap_3294.tif,0.571334
sam2_whu_4city_800_20ep_mixstyle_s45,kitsap_1531.tif,1.000000
sam2_whu_4city_800_20ep_mixstyle_s45,kitsap_3558.tif,1.000000
sam2_whu_4city_800_20ep_mixstyle_s45,kitsap_3171.tif,0.807015
sam2_whu_4city_800_20ep_mixstyle_s45,kitsap_2773.tif,0.884532
sam2_whu_4city_800_20ep_mixstyle_s45,kitsap_937.tif,0.208226
sam2_whu_4city_800_20ep_mixstyle_s45,kitsap_3045.tif,0.649738
sam2_whu_4city_800_20ep_mixstyle_s45,kitsap_1321.tif,0.894195
sam2_whu_4city_800_20ep_mixstyle_s45,kitsap_2775.tif,0.584574
sam2_whu_4city_800_20ep_mixstyle_s45,kitsap_3019.tif,0.729913
sam2_whu_4city_800_20ep_mixstyle_s45,kitsap_2783.tif,1.000000
sam2_whu_4city_800_20ep_mixstyle_s45,kitsap_1187.tif,0.627081
sam2_whu_4city_800_20ep_mixstyle_s45,kitsap_2774.tif,1.000000
sam2_whu_4city_800_20ep_mixstyle_s45,kitsap_1005.tif,0.766478
sam2_whu_4city_800_20ep_mixstyle_s45,kitsap_2424.tif,0.729064
sam2_whu_4city_800_20ep_mixstyle_s45,kitsap_2979.tif,0.775743
sam2_whu_4city_800_20ep_mixstyle_s45,kitsap_1266.tif,0.827212
sam2_whu_4city_800_20ep_mixstyle_s45,kitsap_1967.tif,0.576628
sam2_whu_4city_800_20ep_mixstyle_s45,kitsap_2019.tif,1.000000
sam2_whu_4city_800_20ep_mixstyle_s45,kitsap_2164.tif,0.542293
sam2_whu_4city_800_20ep_mixstyle_s45,kitsap_3207.tif,0.745742
sam2_whu_4city_800_20ep_mixstyle_s45,kitsap_2138.tif,0.747780
sam2_whu_4city_800_20ep_mixstyle_s45,kitsap_252.tif,0.795874
sam2_whu_4city_800_20ep_mixstyle_s45,kitsap_230.tif,1.000000
sam2_whu_4city_800_20ep_mixstyle_s45,kitsap_1696.tif,1.000000
sam2_whu_4city_800_20ep_mixstyle_s45,kitsap_1747.tif,0.709405
sam2_whu_4city_800_20ep_mixstyle_s45,kitsap_1617.tif,0.760037
sam2_whu_4city_800_20ep_mixstyle_s45,kitsap_1219.tif,0.583927
sam2_whu_4city_800_20ep_mixstyle_s45,kitsap_1182.tif,0.932198
sam2_whu_4city_800_20ep_mixstyle_s45,kitsap_983.tif,0.878168
sam2_whu_4city_800_20ep_mixstyle_s45,kitsap_468.tif,1.000000
sam2_whu_4city_800_20ep_mixstyle_s45,kitsap_221.tif,1.000000
sam2_whu_4city_800_20ep_mixstyle_s45,kitsap_3253.tif,0.621354
sam2_whu_4city_800_20ep_mixstyle_s45,kitsap_263.tif,0.911705
sam2_whu_4city_800_20ep_mixstyle_s45,kitsap_2092.tif,1.000000
sam2_whu_4city_800_20ep_mixstyle_s45,kitsap_2992.tif,0.730666
sam2_whu_4city_800_20ep_mixstyle_s45,kitsap_2231.tif,1.000000
sam2_whu_4city_800_20ep_mixstyle_s45,kitsap_1033.tif,0.932229
sam2_whu_4city_800_20ep_mixstyle_s45,kitsap_545.tif,0.591682
sam2_whu_4city_800_20ep_mixstyle_s45,kitsap_2943.tif,0.677604
sam2_whu_4city_800_20ep_mixstyle_s45,kitsap_3435.tif,1.000000
sam2_whu_4city_800_20ep_mixstyle_s45,kitsap_511.tif,0.686470
sam2_whu_4city_800_20ep_mixstyle_s45,kitsap_3517.tif,0.781759
sam2_whu_4city_800_20ep_mixstyle_s45,kitsap_2895.tif,0.849788
sam2_whu_4city_800_20ep_mixstyle_s45,kitsap_1642.tif,0.582880
sam2_whu_4city_800_20ep_mixstyle_s45,kitsap_3366.tif,0.720765
sam2_whu_4city_800_20ep_mixstyle_s45,kitsap_3003.tif,1.000000
sam2_whu_4city_800_20ep_mixstyle_s45,kitsap_1025.tif,0.846346
sam2_whu_4city_800_20ep_mixstyle_s45,kitsap_933.tif,0.623810
sam2_whu_4city_800_20ep_mixstyle_s45,kitsap_1252.tif,0.877336
sam2_whu_4city_800_20ep_mixstyle_s45,kitsap_1668.tif,0.810106
sam2_whu_4city_800_20ep_mixstyle_s45,kitsap_2769.tif,0.660724
sam2_whu_4city_800_20ep_mixstyle_s45,kitsap_406.tif,0.355713
sam2_whu_4city_800_20ep_mixstyle_s45,kitsap_1571.tif,0.654545
sam2_whu_4city_800_20ep_mixstyle_s45,kitsap_860.tif,0.000000
sam2_whu_4city_800_20ep_mixstyle_s45,kitsap_236.tif,0.824921
sam2_whu_4city_800_20ep_mixstyle_s45,kitsap_2266.tif,0.816353
sam2_whu_4city_800_20ep_mixstyle_s45,kitsap_1896.tif,0.811463
sam2_whu_4city_800_20ep_mixstyle_s45,kitsap_2955.tif,0.748868
sam2_whu_4city_800_20ep_mixstyle_s45,kitsap_1773.tif,0.657783
sam2_whu_4city_800_20ep_mixstyle_s45,kitsap_1504.tif,0.860652
sam2_whu_4city_800_20ep_mixstyle_s45,kitsap_1946.tif,0.899568
sam2_whu_4city_800_20ep_mixstyle_s45,kitsap_106.tif,0.878783
sam2_whu_4city_800_20ep_mixstyle_s45,kitsap_1898.tif,0.872225
sam2_whu_4city_800_20ep_mixstyle_s45,kitsap_2897.tif,0.667917
sam2_whu_4city_800_20ep_mixstyle_s45,kitsap_934.tif,0.718909
sam2_whu_4city_800_20ep_mixstyle_s45,kitsap_1240.tif,0.581371
sam2_whu_4city_800_20ep_mixstyle_s45,kitsap_1550.tif,0.811183
sam2_whu_4city_800_20ep_mixstyle_s46,kitsap_3430.tif,0.803514
sam2_whu_4city_800_20ep_mixstyle_s46,kitsap_1439.tif,0.861896
sam2_whu_4city_800_20ep_mixstyle_s46,kitsap_1113.tif,0.518606
sam2_whu_4city_800_20ep_mixstyle_s46,kitsap_763.tif,1.000000
sam2_whu_4city_800_20ep_mixstyle_s46,kitsap_2082.tif,1.000000
sam2_whu_4city_800_20ep_mixstyle_s46,kitsap_1903.tif,1.000000
sam2_whu_4city_800_20ep_mixstyle_s46,kitsap_1854.tif,0.706789
sam2_whu_4city_800_20ep_mixstyle_s46,kitsap_1545.tif,0.788246
sam2_whu_4city_800_20ep_mixstyle_s46,kitsap_750.tif,0.748757
sam2_whu_4city_800_20ep_mixstyle_s46,kitsap_1396.tif,1.000000
sam2_whu_4city_800_20ep_mixstyle_s46,kitsap_3579.tif,0.208937
sam2_whu_4city_800_20ep_mixstyle_s46,kitsap_960.tif,1.000000
sam2_whu_4city_800_20ep_mixstyle_s46,kitsap_3052.tif,0.733078
sam2_whu_4city_800_20ep_mixstyle_s46,kitsap_1358.tif,0.686397
sam2_whu_4city_800_20ep_mixstyle_s46,kitsap_3184.tif,0.480639
sam2_whu_4city_800_20ep_mixstyle_s46,kitsap_2766.tif,0.762185
sam2_whu_4city_800_20ep_mixstyle_s46,kitsap_1163.tif,0.847825
sam2_whu_4city_800_20ep_mixstyle_s46,kitsap_1145.tif,1.000000
sam2_whu_4city_800_20ep_mixstyle_s46,kitsap_1371.tif,0.707738
sam2_whu_4city_800_20ep_mixstyle_s46,kitsap_1812.tif,0.622968
sam2_whu_4city_800_20ep_mixstyle_s46,kitsap_1894.tif,1.000000
sam2_whu_4city_800_20ep_mixstyle_s46,kitsap_2958.tif,0.784176
sam2_whu_4city_800_20ep_mixstyle_s46,kitsap_3240.tif,0.247980
sam2_whu_4city_800_20ep_mixstyle_s46,kitsap_961.tif,1.000000
sam2_whu_4city_800_20ep_mixstyle_s46,kitsap_3110.tif,0.000000
sam2_whu_4city_800_20ep_mixstyle_s46,kitsap_1760.tif,0.682804
sam2_whu_4city_800_20ep_mixstyle_s46,kitsap_3501.tif,0.761832
sam2_whu_4city_800_20ep_mixstyle_s46,kitsap_538.tif,0.277027
sam2_whu_4city_800_20ep_mixstyle_s46,kitsap_864.tif,1.000000
sam2_whu_4city_800_20ep_mixstyle_s46,kitsap_2764.tif,0.870236
sam2_whu_4city_800_20ep_mixstyle_s46,kitsap_1847.tif,0.725555
sam2_whu_4city_800_20ep_mixstyle_s46,kitsap_2786.tif,0.796447
sam2_whu_4city_800_20ep_mixstyle_s46,kitsap_318.tif,1.000000
sam2_whu_4city_800_20ep_mixstyle_s46,kitsap_2085.tif,1.000000
sam2_whu_4city_800_20ep_mixstyle_s46,kitsap_1006.tif,0.389672
sam2_whu_4city_800_20ep_mixstyle_s46,kitsap_1631.tif,0.837683
sam2_whu_4city_800_20ep_mixstyle_s46,kitsap_806.tif,0.815979
sam2_whu_4city_800_20ep_mixstyle_s46,kitsap_2345.tif,0.695606
sam2_whu_4city_800_20ep_mixstyle_s46,kitsap_868.tif,0.759302
sam2_whu_4city_800_20ep_mixstyle_s46,kitsap_1628.tif,0.880766
sam2_whu_4city_800_20ep_mixstyle_s46,kitsap_736.tif,1.000000
sam2_whu_4city_800_20ep_mixstyle_s46,kitsap_234.tif,0.666930
sam2_whu_4city_800_20ep_mixstyle_s46,kitsap_873.tif,0.000000
sam2_whu_4city_800_20ep_mixstyle_s46,kitsap_91.tif,1.000000
sam2_whu_4city_800_20ep_mixstyle_s46,kitsap_2468.tif,1.000000
sam2_whu_4city_800_20ep_mixstyle_s46,kitsap_1388.tif,0.020484
sam2_whu_4city_800_20ep_mixstyle_s46,kitsap_2383.tif,1.000000
sam2_whu_4city_800_20ep_mixstyle_s46,kitsap_2349.tif,0.948216
sam2_whu_4city_800_20ep_mixstyle_s46,kitsap_706.tif,0.969267
sam2_whu_4city_800_20ep_mixstyle_s46,kitsap_1973.tif,0.788756
sam2_whu_4city_800_20ep_mixstyle_s46,kitsap_1204.tif,0.494878
sam2_whu_4city_800_20ep_mixstyle_s46,kitsap_2820.tif,0.708520
sam2_whu_4city_800_20ep_mixstyle_s46,kitsap_3047.tif,0.862383
sam2_whu_4city_800_20ep_mixstyle_s46,kitsap_1518.tif,0.433453
sam2_whu_4city_800_20ep_mixstyle_s46,kitsap_2433.tif,0.517522
sam2_whu_4city_800_20ep_mixstyle_s46,kitsap_1308.tif,0.359230
sam2_whu_4city_800_20ep_mixstyle_s46,kitsap_3069.tif,0.836476
sam2_whu_4city_800_20ep_mixstyle_s46,kitsap_2098.tif,1.000000
sam2_whu_4city_800_20ep_mixstyle_s46,kitsap_2398.tif,0.628396
sam2_whu_4city_800_20ep_mixstyle_s46,kitsap_3162.tif,0.586594
sam2_whu_4city_800_20ep_mixstyle_s46,kitsap_1757.tif,0.902706
sam2_whu_4city_800_20ep_mixstyle_s46,kitsap_1279.tif,0.530185
sam2_whu_4city_800_20ep_mixstyle_s46,kitsap_3292.tif,0.000000
sam2_whu_4city_800_20ep_mixstyle_s46,kitsap_1857.tif,0.826608
sam2_whu_4city_800_20ep_mixstyle_s46,kitsap_2097.tif,0.871259
sam2_whu_4city_800_20ep_mixstyle_s46,kitsap_823.tif,0.664892
sam2_whu_4city_800_20ep_mixstyle_s46,kitsap_735.tif,1.000000
sam2_whu_4city_800_20ep_mixstyle_s46,kitsap_1392.tif,1.000000
sam2_whu_4city_800_20ep_mixstyle_s46,kitsap_3396.tif,0.523160
sam2_whu_4city_800_20ep_mixstyle_s46,kitsap_3521.tif,0.770131
sam2_whu_4city_800_20ep_mixstyle_s46,kitsap_2818.tif,1.000000
sam2_whu_4city_800_20ep_mixstyle_s46,kitsap_2409.tif,0.177849
sam2_whu_4city_800_20ep_mixstyle_s46,kitsap_1639.tif,0.903835
sam2_whu_4city_800_20ep_mixstyle_s46,kitsap_2414.tif,0.429502
sam2_whu_4city_800_20ep_mixstyle_s46,kitsap_2365.tif,0.752475
sam2_whu_4city_800_20ep_mixstyle_s46,kitsap_1791.tif,0.785088
sam2_whu_4city_800_20ep_mixstyle_s46,kitsap_1980.tif,0.878532
sam2_whu_4city_800_20ep_mixstyle_s46,kitsap_129.tif,1.000000
sam2_whu_4city_800_20ep_mixstyle_s46,kitsap_166.tif,1.000000
sam2_whu_4city_800_20ep_mixstyle_s46,kitsap_936.tif,1.000000
sam2_whu_4city_800_20ep_mixstyle_s46,kitsap_3581.tif,0.827380
sam2_whu_4city_800_20ep_mixstyle_s46,kitsap_3068.tif,0.877049
sam2_whu_4city_800_20ep_mixstyle_s46,kitsap_1753.tif,0.750225
sam2_whu_4city_800_20ep_mixstyle_s46,kitsap_1534.tif,0.725793
sam2_whu_4city_800_20ep_mixstyle_s46,kitsap_2842.tif,0.794727
sam2_whu_4city_800_20ep_mixstyle_s46,kitsap_227.tif,0.665663
sam2_whu_4city_800_20ep_mixstyle_s46,kitsap_3346.tif,0.000000
sam2_whu_4city_800_20ep_mixstyle_s46,kitsap_3339.tif,0.000000
sam2_whu_4city_800_20ep_mixstyle_s46,kitsap_970.tif,1.000000
sam2_whu_4city_800_20ep_mixstyle_s46,kitsap_3522.tif,0.613658
sam2_whu_4city_800_20ep_mixstyle_s46,kitsap_3006.tif,1.000000
sam2_whu_4city_800_20ep_mixstyle_s46,kitsap_507.tif,0.857170
sam2_whu_4city_800_20ep_mixstyle_s46,kitsap_2500.tif,0.866841
sam2_whu_4city_800_20ep_mixstyle_s46,kitsap_2506.tif,0.705692
sam2_whu_4city_800_20ep_mixstyle_s46,kitsap_865.tif,1.000000
sam2_whu_4city_800_20ep_mixstyle_s46,kitsap_1493.tif,0.587451
sam2_whu_4city_800_20ep_mixstyle_s46,kitsap_275.tif,0.574313
sam2_whu_4city_800_20ep_mixstyle_s46,kitsap_1053.tif,1.000000
sam2_whu_4city_800_20ep_mixstyle_s46,kitsap_2699.tif,0.000000
sam2_whu_4city_800_20ep_mixstyle_s46,kitsap_3550.tif,0.829692
sam2_whu_4city_800_20ep_mixstyle_s46,kitsap_1766.tif,0.899630
sam2_whu_4city_800_20ep_mixstyle_s46,kitsap_2906.tif,0.681723
sam2_whu_4city_800_20ep_mixstyle_s46,kitsap_770.tif,1.000000
sam2_whu_4city_800_20ep_mixstyle_s46,kitsap_1407.tif,0.204249
sam2_whu_4city_800_20ep_mixstyle_s46,kitsap_2090.tif,0.699815
sam2_whu_4city_800_20ep_mixstyle_s46,kitsap_3360.tif,0.239659
sam2_whu_4city_800_20ep_mixstyle_s46,kitsap_2798.tif,0.481794
sam2_whu_4city_800_20ep_mixstyle_s46,kitsap_3538.tif,1.000000
sam2_whu_4city_800_20ep_mixstyle_s46,kitsap_2292.tif,0.239419
sam2_whu_4city_800_20ep_mixstyle_s46,kitsap_1909.tif,0.625753
sam2_whu_4city_800_20ep_mixstyle_s46,kitsap_55.tif,1.000000
sam2_whu_4city_800_20ep_mixstyle_s46,kitsap_2270.tif,1.000000
sam2_whu_4city_800_20ep_mixstyle_s46,kitsap_612.tif,1.000000
sam2_whu_4city_800_20ep_mixstyle_s46,kitsap_731.tif,0.888693
sam2_whu_4city_800_20ep_mixstyle_s46,kitsap_1533.tif,1.000000
sam2_whu_4city_800_20ep_mixstyle_s46,kitsap_3132.tif,0.783326
sam2_whu_4city_800_20ep_mixstyle_s46,kitsap_3221.tif,0.832330
sam2_whu_4city_800_20ep_mixstyle_s46,kitsap_2871.tif,0.582425
sam2_whu_4city_800_20ep_mixstyle_s46,kitsap_2962.tif,0.562723
sam2_whu_4city_800_20ep_mixstyle_s46,kitsap_3163.tif,0.796307
sam2_whu_4city_800_20ep_mixstyle_s46,kitsap_3080.tif,0.826742
sam2_whu_4city_800_20ep_mixstyle_s46,kitsap_1803.tif,0.726879
sam2_whu_4city_800_20ep_mixstyle_s46,kitsap_3462.tif,1.000000
sam2_whu_4city_800_20ep_mixstyle_s46,kitsap_2750.tif,0.686469
sam2_whu_4city_800_20ep_mixstyle_s46,kitsap_1728.tif,0.965995
sam2_whu_4city_800_20ep_mixstyle_s46,kitsap_290.tif,1.000000
sam2_whu_4city_800_20ep_mixstyle_s46,kitsap_2537.tif,0.758049
sam2_whu_4city_800_20ep_mixstyle_s46,kitsap_1961.tif,0.646455
sam2_whu_4city_800_20ep_mixstyle_s46,kitsap_3051.tif,0.837695
sam2_whu_4city_800_20ep_mixstyle_s46,kitsap_3131.tif,0.279654
sam2_whu_4city_800_20ep_mixstyle_s46,kitsap_669.tif,0.782218
sam2_whu_4city_800_20ep_mixstyle_s46,kitsap_1241.tif,0.623028
sam2_whu_4city_800_20ep_mixstyle_s46,kitsap_1302.tif,0.788453
sam2_whu_4city_800_20ep_mixstyle_s46,kitsap_2919.tif,0.812289
sam2_whu_4city_800_20ep_mixstyle_s46,kitsap_2300.tif,0.711060
sam2_whu_4city_800_20ep_mixstyle_s46,kitsap_2723.tif,0.719326
sam2_whu_4city_800_20ep_mixstyle_s46,kitsap_3143.tif,0.515008
sam2_whu_4city_800_20ep_mixstyle_s46,kitsap_291.tif,1.000000
sam2_whu_4city_800_20ep_mixstyle_s46,kitsap_2914.tif,0.615599
sam2_whu_4city_800_20ep_mixstyle_s46,kitsap_3294.tif,0.737480
sam2_whu_4city_800_20ep_mixstyle_s46,kitsap_1531.tif,1.000000
sam2_whu_4city_800_20ep_mixstyle_s46,kitsap_3558.tif,1.000000
sam2_whu_4city_800_20ep_mixstyle_s46,kitsap_3171.tif,0.768893
sam2_whu_4city_800_20ep_mixstyle_s46,kitsap_2773.tif,0.890936
sam2_whu_4city_800_20ep_mixstyle_s46,kitsap_937.tif,0.209413
sam2_whu_4city_800_20ep_mixstyle_s46,kitsap_3045.tif,0.774581
sam2_whu_4city_800_20ep_mixstyle_s46,kitsap_1321.tif,0.890849
sam2_whu_4city_800_20ep_mixstyle_s46,kitsap_2775.tif,0.747738
sam2_whu_4city_800_20ep_mixstyle_s46,kitsap_3019.tif,0.761288
sam2_whu_4city_800_20ep_mixstyle_s46,kitsap_2783.tif,1.000000
sam2_whu_4city_800_20ep_mixstyle_s46,kitsap_1187.tif,0.664288
sam2_whu_4city_800_20ep_mixstyle_s46,kitsap_2774.tif,1.000000
sam2_whu_4city_800_20ep_mixstyle_s46,kitsap_1005.tif,0.670752
sam2_whu_4city_800_20ep_mixstyle_s46,kitsap_2424.tif,0.236914
sam2_whu_4city_800_20ep_mixstyle_s46,kitsap_2979.tif,0.758986
sam2_whu_4city_800_20ep_mixstyle_s46,kitsap_1266.tif,0.742021
sam2_whu_4city_800_20ep_mixstyle_s46,kitsap_1967.tif,0.186399
sam2_whu_4city_800_20ep_mixstyle_s46,kitsap_2019.tif,1.000000
sam2_whu_4city_800_20ep_mixstyle_s46,kitsap_2164.tif,0.153674
sam2_whu_4city_800_20ep_mixstyle_s46,kitsap_3207.tif,0.929742
sam2_whu_4city_800_20ep_mixstyle_s46,kitsap_2138.tif,0.739597
sam2_whu_4city_800_20ep_mixstyle_s46,kitsap_252.tif,0.843442
sam2_whu_4city_800_20ep_mixstyle_s46,kitsap_230.tif,1.000000
sam2_whu_4city_800_20ep_mixstyle_s46,kitsap_1696.tif,1.000000
sam2_whu_4city_800_20ep_mixstyle_s46,kitsap_1747.tif,0.279963
sam2_whu_4city_800_20ep_mixstyle_s46,kitsap_1617.tif,0.797476
sam2_whu_4city_800_20ep_mixstyle_s46,kitsap_1219.tif,0.657619
sam2_whu_4city_800_20ep_mixstyle_s46,kitsap_1182.tif,0.901808
sam2_whu_4city_800_20ep_mixstyle_s46,kitsap_983.tif,0.874913
sam2_whu_4city_800_20ep_mixstyle_s46,kitsap_468.tif,1.000000
sam2_whu_4city_800_20ep_mixstyle_s46,kitsap_221.tif,1.000000
sam2_whu_4city_800_20ep_mixstyle_s46,kitsap_3253.tif,0.565154
sam2_whu_4city_800_20ep_mixstyle_s46,kitsap_263.tif,0.899647
sam2_whu_4city_800_20ep_mixstyle_s46,kitsap_2092.tif,1.000000
sam2_whu_4city_800_20ep_mixstyle_s46,kitsap_2992.tif,0.825140
sam2_whu_4city_800_20ep_mixstyle_s46,kitsap_2231.tif,1.000000
sam2_whu_4city_800_20ep_mixstyle_s46,kitsap_1033.tif,0.853313
sam2_whu_4city_800_20ep_mixstyle_s46,kitsap_545.tif,0.310299
sam2_whu_4city_800_20ep_mixstyle_s46,kitsap_2943.tif,0.541554
sam2_whu_4city_800_20ep_mixstyle_s46,kitsap_3435.tif,1.000000
sam2_whu_4city_800_20ep_mixstyle_s46,kitsap_511.tif,0.701196
sam2_whu_4city_800_20ep_mixstyle_s46,kitsap_3517.tif,0.755733
sam2_whu_4city_800_20ep_mixstyle_s46,kitsap_2895.tif,0.770013
sam2_whu_4city_800_20ep_mixstyle_s46,kitsap_1642.tif,0.585388
sam2_whu_4city_800_20ep_mixstyle_s46,kitsap_3366.tif,0.573693
sam2_whu_4city_800_20ep_mixstyle_s46,kitsap_3003.tif,1.000000
sam2_whu_4city_800_20ep_mixstyle_s46,kitsap_1025.tif,0.797276
sam2_whu_4city_800_20ep_mixstyle_s46,kitsap_933.tif,0.660073
sam2_whu_4city_800_20ep_mixstyle_s46,kitsap_1252.tif,0.892051
sam2_whu_4city_800_20ep_mixstyle_s46,kitsap_1668.tif,0.788277
sam2_whu_4city_800_20ep_mixstyle_s46,kitsap_2769.tif,0.417703
sam2_whu_4city_800_20ep_mixstyle_s46,kitsap_406.tif,0.395582
sam2_whu_4city_800_20ep_mixstyle_s46,kitsap_1571.tif,0.632317
sam2_whu_4city_800_20ep_mixstyle_s46,kitsap_860.tif,0.000000
sam2_whu_4city_800_20ep_mixstyle_s46,kitsap_236.tif,0.821953
sam2_whu_4city_800_20ep_mixstyle_s46,kitsap_2266.tif,0.747828
sam2_whu_4city_800_20ep_mixstyle_s46,kitsap_1896.tif,0.834056
sam2_whu_4city_800_20ep_mixstyle_s46,kitsap_2955.tif,0.759274
sam2_whu_4city_800_20ep_mixstyle_s46,kitsap_1773.tif,0.719905
sam2_whu_4city_800_20ep_mixstyle_s46,kitsap_1504.tif,0.818379
sam2_whu_4city_800_20ep_mixstyle_s46,kitsap_1946.tif,0.912153
sam2_whu_4city_800_20ep_mixstyle_s46,kitsap_106.tif,0.805775
sam2_whu_4city_800_20ep_mixstyle_s46,kitsap_1898.tif,0.867709
sam2_whu_4city_800_20ep_mixstyle_s46,kitsap_2897.tif,0.413144
sam2_whu_4city_800_20ep_mixstyle_s46,kitsap_934.tif,0.765149
sam2_whu_4city_800_20ep_mixstyle_s46,kitsap_1240.tif,0.571647
sam2_whu_4city_800_20ep_mixstyle_s46,kitsap_1550.tif,0.817324
