split,city,source_name,tile_name,row,column,x_start,y_start,valid_width,valid_height,building_ratio,image_path,mask_path
train,dunedin,whu_mix,dunedin_650.tif,0,0,0,0,512,512,0.17217636,data/raw/WHU_Mix_cities/dunedin/image/dunedin_650.tif,data/raw/WHU_Mix_cities/dunedin/label/dunedin_650.tif
train,dunedin,whu_mix,dunedin_913.tif,0,0,0,0,512,512,0.32194138,data/raw/WHU_Mix_cities/dunedin/image/dunedin_913.tif,data/raw/WHU_Mix_cities/dunedin/label/dunedin_913.tif
train,dunedin,whu_mix,dunedin_744.tif,0,0,0,0,512,512,0.20579529,data/raw/WHU_Mix_cities/dunedin/image/dunedin_744.tif,data/raw/WHU_Mix_cities/dunedin/label/dunedin_744.tif
train,dunedin,whu_mix,dunedin_404.tif,0,0,0,0,512,512,0.00000000,data/raw/WHU_Mix_cities/dunedin/image/dunedin_404.tif,data/raw/WHU_Mix_cities/dunedin/label/dunedin_404.tif
train,dunedin,whu_mix,dunedin_768.tif,0,0,0,0,512,512,0.32913589,data/raw/WHU_Mix_cities/dunedin/image/dunedin_768.tif,data/raw/WHU_Mix_cities/dunedin/label/dunedin_768.tif
train,dunedin,whu_mix,dunedin_209.tif,0,0,0,0,512,512,0.00000000,data/raw/WHU_Mix_cities/dunedin/image/dunedin_209.tif,data/raw/WHU_Mix_cities/dunedin/label/dunedin_209.tif
train,dunedin,whu_mix,dunedin_1240.tif,0,0,0,0,512,512,0.23054123,data/raw/WHU_Mix_cities/dunedin/image/dunedin_1240.tif,data/raw/WHU_Mix_cities/dunedin/label/dunedin_1240.tif
train,dunedin,whu_mix,dunedin_1027.tif,0,0,0,0,512,512,0.25475311,data/raw/WHU_Mix_cities/dunedin/image/dunedin_1027.tif,data/raw/WHU_Mix_cities/dunedin/label/dunedin_1027.tif
train,dunedin,whu_mix,dunedin_81.tif,0,0,0,0,512,512,0.02857590,data/raw/WHU_Mix_cities/dunedin/image/dunedin_81.tif,data/raw/WHU_Mix_cities/dunedin/label/dunedin_81.tif
train,dunedin,whu_mix,dunedin_496.tif,0,0,0,0,512,512,0.13383484,data/raw/WHU_Mix_cities/dunedin/image/dunedin_496.tif,data/raw/WHU_Mix_cities/dunedin/label/dunedin_496.tif
train,dunedin,whu_mix,dunedin_804.tif,0,0,0,0,512,512,0.17436600,data/raw/WHU_Mix_cities/dunedin/image/dunedin_804.tif,data/raw/WHU_Mix_cities/dunedin/label/dunedin_804.tif
train,dunedin,whu_mix,dunedin_640.tif,0,0,0,0,512,512,0.00594711,data/raw/WHU_Mix_cities/dunedin/image/dunedin_640.tif,data/raw/WHU_Mix_cities/dunedin/label/dunedin_640.tif
train,dunedin,whu_mix,dunedin_1030.tif,0,0,0,0,512,512,0.23925018,data/raw/WHU_Mix_cities/dunedin/image/dunedin_1030.tif,data/raw/WHU_Mix_cities/dunedin/label/dunedin_1030.tif
train,dunedin,whu_mix,dunedin_642.tif,0,0,0,0,512,512,0.15692139,data/raw/WHU_Mix_cities/dunedin/image/dunedin_642.tif,data/raw/WHU_Mix_cities/dunedin/label/dunedin_642.tif
train,dunedin,whu_mix,dunedin_165.tif,0,0,0,0,512,512,0.20578003,data/raw/WHU_Mix_cities/dunedin/image/dunedin_165.tif,data/raw/WHU_Mix_cities/dunedin/label/dunedin_165.tif
train,dunedin,whu_mix,dunedin_533.tif,0,0,0,0,512,512,0.14395142,data/raw/WHU_Mix_cities/dunedin/image/dunedin_533.tif,data/raw/WHU_Mix_cities/dunedin/label/dunedin_533.tif
train,dunedin,whu_mix,dunedin_169.tif,0,0,0,0,512,512,0.00801468,data/raw/WHU_Mix_cities/dunedin/image/dunedin_169.tif,data/raw/WHU_Mix_cities/dunedin/label/dunedin_169.tif
train,dunedin,whu_mix,dunedin_74.tif,0,0,0,0,512,512,0.00000000,data/raw/WHU_Mix_cities/dunedin/image/dunedin_74.tif,data/raw/WHU_Mix_cities/dunedin/label/dunedin_74.tif
train,dunedin,whu_mix,dunedin_1062.tif,0,0,0,0,512,512,0.30849075,data/raw/WHU_Mix_cities/dunedin/image/dunedin_1062.tif,data/raw/WHU_Mix_cities/dunedin/label/dunedin_1062.tif
train,dunedin,whu_mix,dunedin_149.tif,0,0,0,0,512,512,0.07157135,data/raw/WHU_Mix_cities/dunedin/image/dunedin_149.tif,data/raw/WHU_Mix_cities/dunedin/label/dunedin_149.tif
train,dunedin,whu_mix,dunedin_370.tif,0,0,0,0,512,512,0.22297668,data/raw/WHU_Mix_cities/dunedin/image/dunedin_370.tif,data/raw/WHU_Mix_cities/dunedin/label/dunedin_370.tif
train,dunedin,whu_mix,dunedin_812.tif,0,0,0,0,512,512,0.27272415,data/raw/WHU_Mix_cities/dunedin/image/dunedin_812.tif,data/raw/WHU_Mix_cities/dunedin/label/dunedin_812.tif
train,dunedin,whu_mix,dunedin_1107.tif,0,0,0,0,512,512,0.31395721,data/raw/WHU_Mix_cities/dunedin/image/dunedin_1107.tif,data/raw/WHU_Mix_cities/dunedin/label/dunedin_1107.tif
train,dunedin,whu_mix,dunedin_1219.tif,0,0,0,0,512,512,0.01025009,data/raw/WHU_Mix_cities/dunedin/image/dunedin_1219.tif,data/raw/WHU_Mix_cities/dunedin/label/dunedin_1219.tif
train,dunedin,whu_mix,dunedin_1207.tif,0,0,0,0,512,512,0.09808350,data/raw/WHU_Mix_cities/dunedin/image/dunedin_1207.tif,data/raw/WHU_Mix_cities/dunedin/label/dunedin_1207.tif
train,dunedin,whu_mix,dunedin_1181.tif,0,0,0,0,512,512,0.27267838,data/raw/WHU_Mix_cities/dunedin/image/dunedin_1181.tif,data/raw/WHU_Mix_cities/dunedin/label/dunedin_1181.tif
train,dunedin,whu_mix,dunedin_851.tif,0,0,0,0,512,512,0.12734222,data/raw/WHU_Mix_cities/dunedin/image/dunedin_851.tif,data/raw/WHU_Mix_cities/dunedin/label/dunedin_851.tif
train,dunedin,whu_mix,dunedin_1016.tif,0,0,0,0,512,512,0.10042953,data/raw/WHU_Mix_cities/dunedin/image/dunedin_1016.tif,data/raw/WHU_Mix_cities/dunedin/label/dunedin_1016.tif
train,dunedin,whu_mix,dunedin_752.tif,0,0,0,0,512,512,0.25774765,data/raw/WHU_Mix_cities/dunedin/image/dunedin_752.tif,data/raw/WHU_Mix_cities/dunedin/label/dunedin_752.tif
train,dunedin,whu_mix,dunedin_1222.tif,0,0,0,0,512,512,0.00000000,data/raw/WHU_Mix_cities/dunedin/image/dunedin_1222.tif,data/raw/WHU_Mix_cities/dunedin/label/dunedin_1222.tif
train,dunedin,whu_mix,dunedin_869.tif,0,0,0,0,512,512,0.33433914,data/raw/WHU_Mix_cities/dunedin/image/dunedin_869.tif,data/raw/WHU_Mix_cities/dunedin/label/dunedin_869.tif
train,dunedin,whu_mix,dunedin_762.tif,0,0,0,0,512,512,0.35469055,data/raw/WHU_Mix_cities/dunedin/image/dunedin_762.tif,data/raw/WHU_Mix_cities/dunedin/label/dunedin_762.tif
train,dunedin,whu_mix,dunedin_672.tif,0,0,0,0,512,512,0.09945679,data/raw/WHU_Mix_cities/dunedin/image/dunedin_672.tif,data/raw/WHU_Mix_cities/dunedin/label/dunedin_672.tif
train,dunedin,whu_mix,dunedin_431.tif,0,0,0,0,512,512,0.09285355,data/raw/WHU_Mix_cities/dunedin/image/dunedin_431.tif,data/raw/WHU_Mix_cities/dunedin/label/dunedin_431.tif
train,dunedin,whu_mix,dunedin_675.tif,0,0,0,0,512,512,0.02352142,data/raw/WHU_Mix_cities/dunedin/image/dunedin_675.tif,data/raw/WHU_Mix_cities/dunedin/label/dunedin_675.tif
train,dunedin,whu_mix,dunedin_602.tif,0,0,0,0,512,512,0.00000000,data/raw/WHU_Mix_cities/dunedin/image/dunedin_602.tif,data/raw/WHU_Mix_cities/dunedin/label/dunedin_602.tif
train,dunedin,whu_mix,dunedin_210.tif,0,0,0,0,512,512,0.00000000,data/raw/WHU_Mix_cities/dunedin/image/dunedin_210.tif,data/raw/WHU_Mix_cities/dunedin/label/dunedin_210.tif
train,dunedin,whu_mix,dunedin_1224.tif,0,0,0,0,512,512,0.00000000,data/raw/WHU_Mix_cities/dunedin/image/dunedin_1224.tif,data/raw/WHU_Mix_cities/dunedin/label/dunedin_1224.tif
train,dunedin,whu_mix,dunedin_1296.tif,0,0,0,0,512,512,0.00000000,data/raw/WHU_Mix_cities/dunedin/image/dunedin_1296.tif,data/raw/WHU_Mix_cities/dunedin/label/dunedin_1296.tif
train,dunedin,whu_mix,dunedin_35.tif,0,0,0,0,512,512,0.45580673,data/raw/WHU_Mix_cities/dunedin/image/dunedin_35.tif,data/raw/WHU_Mix_cities/dunedin/label/dunedin_35.tif
train,dunedin,whu_mix,dunedin_962.tif,0,0,0,0,512,512,0.25837708,data/raw/WHU_Mix_cities/dunedin/image/dunedin_962.tif,data/raw/WHU_Mix_cities/dunedin/label/dunedin_962.tif
train,dunedin,whu_mix,dunedin_338.tif,0,0,0,0,512,512,0.00000000,data/raw/WHU_Mix_cities/dunedin/image/dunedin_338.tif,data/raw/WHU_Mix_cities/dunedin/label/dunedin_338.tif
train,dunedin,whu_mix,dunedin_864.tif,0,0,0,0,512,512,0.17173004,data/raw/WHU_Mix_cities/dunedin/image/dunedin_864.tif,data/raw/WHU_Mix_cities/dunedin/label/dunedin_864.tif
train,dunedin,whu_mix,dunedin_635.tif,0,0,0,0,512,512,0.00000000,data/raw/WHU_Mix_cities/dunedin/image/dunedin_635.tif,data/raw/WHU_Mix_cities/dunedin/label/dunedin_635.tif
train,dunedin,whu_mix,dunedin_375.tif,0,0,0,0,512,512,0.19246292,data/raw/WHU_Mix_cities/dunedin/image/dunedin_375.tif,data/raw/WHU_Mix_cities/dunedin/label/dunedin_375.tif
train,dunedin,whu_mix,dunedin_143.tif,0,0,0,0,512,512,0.02884674,data/raw/WHU_Mix_cities/dunedin/image/dunedin_143.tif,data/raw/WHU_Mix_cities/dunedin/label/dunedin_143.tif
train,dunedin,whu_mix,dunedin_785.tif,0,0,0,0,512,512,0.19182205,data/raw/WHU_Mix_cities/dunedin/image/dunedin_785.tif,data/raw/WHU_Mix_cities/dunedin/label/dunedin_785.tif
train,dunedin,whu_mix,dunedin_901.tif,0,0,0,0,512,512,0.14743805,data/raw/WHU_Mix_cities/dunedin/image/dunedin_901.tif,data/raw/WHU_Mix_cities/dunedin/label/dunedin_901.tif
train,dunedin,whu_mix,dunedin_397.tif,0,0,0,0,512,512,0.10145569,data/raw/WHU_Mix_cities/dunedin/image/dunedin_397.tif,data/raw/WHU_Mix_cities/dunedin/label/dunedin_397.tif
train,dunedin,whu_mix,dunedin_676.tif,0,0,0,0,512,512,0.00000000,data/raw/WHU_Mix_cities/dunedin/image/dunedin_676.tif,data/raw/WHU_Mix_cities/dunedin/label/dunedin_676.tif
train,dunedin,whu_mix,dunedin_47.tif,0,0,0,0,512,512,0.10114670,data/raw/WHU_Mix_cities/dunedin/image/dunedin_47.tif,data/raw/WHU_Mix_cities/dunedin/label/dunedin_47.tif
train,dunedin,whu_mix,dunedin_1161.tif,0,0,0,0,512,512,0.00000000,data/raw/WHU_Mix_cities/dunedin/image/dunedin_1161.tif,data/raw/WHU_Mix_cities/dunedin/label/dunedin_1161.tif
train,dunedin,whu_mix,dunedin_826.tif,0,0,0,0,512,512,0.14730453,data/raw/WHU_Mix_cities/dunedin/image/dunedin_826.tif,data/raw/WHU_Mix_cities/dunedin/label/dunedin_826.tif
train,dunedin,whu_mix,dunedin_824.tif,0,0,0,0,512,512,0.25882339,data/raw/WHU_Mix_cities/dunedin/image/dunedin_824.tif,data/raw/WHU_Mix_cities/dunedin/label/dunedin_824.tif
train,dunedin,whu_mix,dunedin_926.tif,0,0,0,0,512,512,0.24266815,data/raw/WHU_Mix_cities/dunedin/image/dunedin_926.tif,data/raw/WHU_Mix_cities/dunedin/label/dunedin_926.tif
train,dunedin,whu_mix,dunedin_410.tif,0,0,0,0,512,512,0.15407944,data/raw/WHU_Mix_cities/dunedin/image/dunedin_410.tif,data/raw/WHU_Mix_cities/dunedin/label/dunedin_410.tif
train,dunedin,whu_mix,dunedin_118.tif,0,0,0,0,512,512,0.10300827,data/raw/WHU_Mix_cities/dunedin/image/dunedin_118.tif,data/raw/WHU_Mix_cities/dunedin/label/dunedin_118.tif
train,dunedin,whu_mix,dunedin_1303.tif,0,0,0,0,512,512,0.00000000,data/raw/WHU_Mix_cities/dunedin/image/dunedin_1303.tif,data/raw/WHU_Mix_cities/dunedin/label/dunedin_1303.tif
train,dunedin,whu_mix,dunedin_1283.tif,0,0,0,0,512,512,0.05856323,data/raw/WHU_Mix_cities/dunedin/image/dunedin_1283.tif,data/raw/WHU_Mix_cities/dunedin/label/dunedin_1283.tif
train,dunedin,whu_mix,dunedin_100.tif,0,0,0,0,512,512,0.09074783,data/raw/WHU_Mix_cities/dunedin/image/dunedin_100.tif,data/raw/WHU_Mix_cities/dunedin/label/dunedin_100.tif
train,dunedin,whu_mix,dunedin_436.tif,0,0,0,0,512,512,0.08117676,data/raw/WHU_Mix_cities/dunedin/image/dunedin_436.tif,data/raw/WHU_Mix_cities/dunedin/label/dunedin_436.tif
train,dunedin,whu_mix,dunedin_384.tif,0,0,0,0,512,512,0.04188538,data/raw/WHU_Mix_cities/dunedin/image/dunedin_384.tif,data/raw/WHU_Mix_cities/dunedin/label/dunedin_384.tif
train,dunedin,whu_mix,dunedin_73.tif,0,0,0,0,512,512,0.29140091,data/raw/WHU_Mix_cities/dunedin/image/dunedin_73.tif,data/raw/WHU_Mix_cities/dunedin/label/dunedin_73.tif
train,dunedin,whu_mix,dunedin_120.tif,0,0,0,0,512,512,0.13636780,data/raw/WHU_Mix_cities/dunedin/image/dunedin_120.tif,data/raw/WHU_Mix_cities/dunedin/label/dunedin_120.tif
train,dunedin,whu_mix,dunedin_861.tif,0,0,0,0,512,512,0.19900513,data/raw/WHU_Mix_cities/dunedin/image/dunedin_861.tif,data/raw/WHU_Mix_cities/dunedin/label/dunedin_861.tif
train,dunedin,whu_mix,dunedin_1177.tif,0,0,0,0,512,512,0.27839279,data/raw/WHU_Mix_cities/dunedin/image/dunedin_1177.tif,data/raw/WHU_Mix_cities/dunedin/label/dunedin_1177.tif
train,dunedin,whu_mix,dunedin_473.tif,0,0,0,0,512,512,0.14487076,data/raw/WHU_Mix_cities/dunedin/image/dunedin_473.tif,data/raw/WHU_Mix_cities/dunedin/label/dunedin_473.tif
train,dunedin,whu_mix,dunedin_1198.tif,0,0,0,0,512,512,0.00000000,data/raw/WHU_Mix_cities/dunedin/image/dunedin_1198.tif,data/raw/WHU_Mix_cities/dunedin/label/dunedin_1198.tif
train,dunedin,whu_mix,dunedin_500.tif,0,0,0,0,512,512,0.13142395,data/raw/WHU_Mix_cities/dunedin/image/dunedin_500.tif,data/raw/WHU_Mix_cities/dunedin/label/dunedin_500.tif
train,dunedin,whu_mix,dunedin_523.tif,0,0,0,0,512,512,0.02263641,data/raw/WHU_Mix_cities/dunedin/image/dunedin_523.tif,data/raw/WHU_Mix_cities/dunedin/label/dunedin_523.tif
train,dunedin,whu_mix,dunedin_365.tif,0,0,0,0,512,512,0.16175842,data/raw/WHU_Mix_cities/dunedin/image/dunedin_365.tif,data/raw/WHU_Mix_cities/dunedin/label/dunedin_365.tif
train,dunedin,whu_mix,dunedin_604.tif,0,0,0,0,512,512,0.25339890,data/raw/WHU_Mix_cities/dunedin/image/dunedin_604.tif,data/raw/WHU_Mix_cities/dunedin/label/dunedin_604.tif
train,dunedin,whu_mix,dunedin_526.tif,0,0,0,0,512,512,0.23038101,data/raw/WHU_Mix_cities/dunedin/image/dunedin_526.tif,data/raw/WHU_Mix_cities/dunedin/label/dunedin_526.tif
train,dunedin,whu_mix,dunedin_758.tif,0,0,0,0,512,512,0.28533173,data/raw/WHU_Mix_cities/dunedin/image/dunedin_758.tif,data/raw/WHU_Mix_cities/dunedin/label/dunedin_758.tif
train,dunedin,whu_mix,dunedin_982.tif,0,0,0,0,512,512,0.08103561,data/raw/WHU_Mix_cities/dunedin/image/dunedin_982.tif,data/raw/WHU_Mix_cities/dunedin/label/dunedin_982.tif
train,dunedin,whu_mix,dunedin_1120.tif,0,0,0,0,512,512,0.00319290,data/raw/WHU_Mix_cities/dunedin/image/dunedin_1120.tif,data/raw/WHU_Mix_cities/dunedin/label/dunedin_1120.tif
train,dunedin,whu_mix,dunedin_682.tif,0,0,0,0,512,512,0.06162262,data/raw/WHU_Mix_cities/dunedin/image/dunedin_682.tif,data/raw/WHU_Mix_cities/dunedin/label/dunedin_682.tif
train,dunedin,whu_mix,dunedin_1290.tif,0,0,0,0,512,512,0.00000000,data/raw/WHU_Mix_cities/dunedin/image/dunedin_1290.tif,data/raw/WHU_Mix_cities/dunedin/label/dunedin_1290.tif
train,dunedin,whu_mix,dunedin_23.tif,0,0,0,0,512,512,0.02406693,data/raw/WHU_Mix_cities/dunedin/image/dunedin_23.tif,data/raw/WHU_Mix_cities/dunedin/label/dunedin_23.tif
train,dunedin,whu_mix,dunedin_549.tif,0,0,0,0,512,512,0.01848984,data/raw/WHU_Mix_cities/dunedin/image/dunedin_549.tif,data/raw/WHU_Mix_cities/dunedin/label/dunedin_549.tif
train,dunedin,whu_mix,dunedin_1214.tif,0,0,0,0,512,512,0.00931931,data/raw/WHU_Mix_cities/dunedin/image/dunedin_1214.tif,data/raw/WHU_Mix_cities/dunedin/label/dunedin_1214.tif
train,dunedin,whu_mix,dunedin_1220.tif,0,0,0,0,512,512,0.00166702,data/raw/WHU_Mix_cities/dunedin/image/dunedin_1220.tif,data/raw/WHU_Mix_cities/dunedin/label/dunedin_1220.tif
train,dunedin,whu_mix,dunedin_1266.tif,0,0,0,0,512,512,0.00000000,data/raw/WHU_Mix_cities/dunedin/image/dunedin_1266.tif,data/raw/WHU_Mix_cities/dunedin/label/dunedin_1266.tif
train,dunedin,whu_mix,dunedin_535.tif,0,0,0,0,512,512,0.00000000,data/raw/WHU_Mix_cities/dunedin/image/dunedin_535.tif,data/raw/WHU_Mix_cities/dunedin/label/dunedin_535.tif
train,dunedin,whu_mix,dunedin_357.tif,0,0,0,0,512,512,0.17368317,data/raw/WHU_Mix_cities/dunedin/image/dunedin_357.tif,data/raw/WHU_Mix_cities/dunedin/label/dunedin_357.tif
train,dunedin,whu_mix,dunedin_783.tif,0,0,0,0,512,512,0.25352097,data/raw/WHU_Mix_cities/dunedin/image/dunedin_783.tif,data/raw/WHU_Mix_cities/dunedin/label/dunedin_783.tif
train,dunedin,whu_mix,dunedin_1147.tif,0,0,0,0,512,512,0.00000000,data/raw/WHU_Mix_cities/dunedin/image/dunedin_1147.tif,data/raw/WHU_Mix_cities/dunedin/label/dunedin_1147.tif
train,dunedin,whu_mix,dunedin_192.tif,0,0,0,0,512,512,0.23094559,data/raw/WHU_Mix_cities/dunedin/image/dunedin_192.tif,data/raw/WHU_Mix_cities/dunedin/label/dunedin_192.tif
train,dunedin,whu_mix,dunedin_1123.tif,0,0,0,0,512,512,0.00000000,data/raw/WHU_Mix_cities/dunedin/image/dunedin_1123.tif,data/raw/WHU_Mix_cities/dunedin/label/dunedin_1123.tif
train,dunedin,whu_mix,dunedin_224.tif,0,0,0,0,512,512,0.08791351,data/raw/WHU_Mix_cities/dunedin/image/dunedin_224.tif,data/raw/WHU_Mix_cities/dunedin/label/dunedin_224.tif
train,dunedin,whu_mix,dunedin_1168.tif,0,0,0,0,512,512,0.32680130,data/raw/WHU_Mix_cities/dunedin/image/dunedin_1168.tif,data/raw/WHU_Mix_cities/dunedin/label/dunedin_1168.tif
train,dunedin,whu_mix,dunedin_1297.tif,0,0,0,0,512,512,0.00000000,data/raw/WHU_Mix_cities/dunedin/image/dunedin_1297.tif,data/raw/WHU_Mix_cities/dunedin/label/dunedin_1297.tif
train,dunedin,whu_mix,dunedin_242.tif,0,0,0,0,512,512,0.21961594,data/raw/WHU_Mix_cities/dunedin/image/dunedin_242.tif,data/raw/WHU_Mix_cities/dunedin/label/dunedin_242.tif
train,dunedin,whu_mix,dunedin_84.tif,0,0,0,0,512,512,0.17650604,data/raw/WHU_Mix_cities/dunedin/image/dunedin_84.tif,data/raw/WHU_Mix_cities/dunedin/label/dunedin_84.tif
train,dunedin,whu_mix,dunedin_1051.tif,0,0,0,0,512,512,0.00000000,data/raw/WHU_Mix_cities/dunedin/image/dunedin_1051.tif,data/raw/WHU_Mix_cities/dunedin/label/dunedin_1051.tif
train,dunedin,whu_mix,dunedin_409.tif,0,0,0,0,512,512,0.15420532,data/raw/WHU_Mix_cities/dunedin/image/dunedin_409.tif,data/raw/WHU_Mix_cities/dunedin/label/dunedin_409.tif
train,dunedin,whu_mix,dunedin_214.tif,0,0,0,0,512,512,0.02482986,data/raw/WHU_Mix_cities/dunedin/image/dunedin_214.tif,data/raw/WHU_Mix_cities/dunedin/label/dunedin_214.tif
train,dunedin,whu_mix,dunedin_297.tif,0,0,0,0,512,512,0.24844742,data/raw/WHU_Mix_cities/dunedin/image/dunedin_297.tif,data/raw/WHU_Mix_cities/dunedin/label/dunedin_297.tif
train,dunedin,whu_mix,dunedin_1230.tif,0,0,0,0,512,512,0.00000000,data/raw/WHU_Mix_cities/dunedin/image/dunedin_1230.tif,data/raw/WHU_Mix_cities/dunedin/label/dunedin_1230.tif
train,dunedin,whu_mix,dunedin_1191.tif,0,0,0,0,512,512,0.00000000,data/raw/WHU_Mix_cities/dunedin/image/dunedin_1191.tif,data/raw/WHU_Mix_cities/dunedin/label/dunedin_1191.tif
train,dunedin,whu_mix,dunedin_90.tif,0,0,0,0,512,512,0.05337906,data/raw/WHU_Mix_cities/dunedin/image/dunedin_90.tif,data/raw/WHU_Mix_cities/dunedin/label/dunedin_90.tif
train,dunedin,whu_mix,dunedin_1155.tif,0,0,0,0,512,512,0.00000000,data/raw/WHU_Mix_cities/dunedin/image/dunedin_1155.tif,data/raw/WHU_Mix_cities/dunedin/label/dunedin_1155.tif
train,dunedin,whu_mix,dunedin_1043.tif,0,0,0,0,512,512,0.19207764,data/raw/WHU_Mix_cities/dunedin/image/dunedin_1043.tif,data/raw/WHU_Mix_cities/dunedin/label/dunedin_1043.tif
train,dunedin,whu_mix,dunedin_153.tif,0,0,0,0,512,512,0.15942764,data/raw/WHU_Mix_cities/dunedin/image/dunedin_153.tif,data/raw/WHU_Mix_cities/dunedin/label/dunedin_153.tif
train,dunedin,whu_mix,dunedin_366.tif,0,0,0,0,512,512,0.20445251,data/raw/WHU_Mix_cities/dunedin/image/dunedin_366.tif,data/raw/WHU_Mix_cities/dunedin/label/dunedin_366.tif
train,dunedin,whu_mix,dunedin_751.tif,0,0,0,0,512,512,0.19194794,data/raw/WHU_Mix_cities/dunedin/image/dunedin_751.tif,data/raw/WHU_Mix_cities/dunedin/label/dunedin_751.tif
train,dunedin,whu_mix,dunedin_59.tif,0,0,0,0,512,512,0.15557861,data/raw/WHU_Mix_cities/dunedin/image/dunedin_59.tif,data/raw/WHU_Mix_cities/dunedin/label/dunedin_59.tif
train,dunedin,whu_mix,dunedin_21.tif,0,0,0,0,512,512,0.09681320,data/raw/WHU_Mix_cities/dunedin/image/dunedin_21.tif,data/raw/WHU_Mix_cities/dunedin/label/dunedin_21.tif
train,dunedin,whu_mix,dunedin_1024.tif,0,0,0,0,512,512,0.25440216,data/raw/WHU_Mix_cities/dunedin/image/dunedin_1024.tif,data/raw/WHU_Mix_cities/dunedin/label/dunedin_1024.tif
train,dunedin,whu_mix,dunedin_790.tif,0,0,0,0,512,512,0.15146637,data/raw/WHU_Mix_cities/dunedin/image/dunedin_790.tif,data/raw/WHU_Mix_cities/dunedin/label/dunedin_790.tif
train,dunedin,whu_mix,dunedin_681.tif,0,0,0,0,512,512,0.15412140,data/raw/WHU_Mix_cities/dunedin/image/dunedin_681.tif,data/raw/WHU_Mix_cities/dunedin/label/dunedin_681.tif
train,dunedin,whu_mix,dunedin_448.tif,0,0,0,0,512,512,0.13764191,data/raw/WHU_Mix_cities/dunedin/image/dunedin_448.tif,data/raw/WHU_Mix_cities/dunedin/label/dunedin_448.tif
train,dunedin,whu_mix,dunedin_1032.tif,0,0,0,0,512,512,0.25654984,data/raw/WHU_Mix_cities/dunedin/image/dunedin_1032.tif,data/raw/WHU_Mix_cities/dunedin/label/dunedin_1032.tif
train,dunedin,whu_mix,dunedin_1309.tif,0,0,0,0,512,512,0.00000000,data/raw/WHU_Mix_cities/dunedin/image/dunedin_1309.tif,data/raw/WHU_Mix_cities/dunedin/label/dunedin_1309.tif
train,dunedin,whu_mix,dunedin_935.tif,0,0,0,0,512,512,0.20499039,data/raw/WHU_Mix_cities/dunedin/image/dunedin_935.tif,data/raw/WHU_Mix_cities/dunedin/label/dunedin_935.tif
train,dunedin,whu_mix,dunedin_1121.tif,0,0,0,0,512,512,0.00000000,data/raw/WHU_Mix_cities/dunedin/image/dunedin_1121.tif,data/raw/WHU_Mix_cities/dunedin/label/dunedin_1121.tif
train,dunedin,whu_mix,dunedin_45.tif,0,0,0,0,512,512,0.02024460,data/raw/WHU_Mix_cities/dunedin/image/dunedin_45.tif,data/raw/WHU_Mix_cities/dunedin/label/dunedin_45.tif
train,dunedin,whu_mix,dunedin_654.tif,0,0,0,0,512,512,0.32827759,data/raw/WHU_Mix_cities/dunedin/image/dunedin_654.tif,data/raw/WHU_Mix_cities/dunedin/label/dunedin_654.tif
train,dunedin,whu_mix,dunedin_38.tif,0,0,0,0,512,512,0.02141571,data/raw/WHU_Mix_cities/dunedin/image/dunedin_38.tif,data/raw/WHU_Mix_cities/dunedin/label/dunedin_38.tif
train,dunedin,whu_mix,dunedin_351.tif,0,0,0,0,512,512,0.00000000,data/raw/WHU_Mix_cities/dunedin/image/dunedin_351.tif,data/raw/WHU_Mix_cities/dunedin/label/dunedin_351.tif
train,dunedin,whu_mix,dunedin_666.tif,0,0,0,0,512,512,0.45736313,data/raw/WHU_Mix_cities/dunedin/image/dunedin_666.tif,data/raw/WHU_Mix_cities/dunedin/label/dunedin_666.tif
train,dunedin,whu_mix,dunedin_661.tif,0,0,0,0,512,512,0.44551468,data/raw/WHU_Mix_cities/dunedin/image/dunedin_661.tif,data/raw/WHU_Mix_cities/dunedin/label/dunedin_661.tif
train,dunedin,whu_mix,dunedin_774.tif,0,0,0,0,512,512,0.30574799,data/raw/WHU_Mix_cities/dunedin/image/dunedin_774.tif,data/raw/WHU_Mix_cities/dunedin/label/dunedin_774.tif
train,dunedin,whu_mix,dunedin_969.tif,0,0,0,0,512,512,0.21459579,data/raw/WHU_Mix_cities/dunedin/image/dunedin_969.tif,data/raw/WHU_Mix_cities/dunedin/label/dunedin_969.tif
train,dunedin,whu_mix,dunedin_671.tif,0,0,0,0,512,512,0.13956070,data/raw/WHU_Mix_cities/dunedin/image/dunedin_671.tif,data/raw/WHU_Mix_cities/dunedin/label/dunedin_671.tif
train,dunedin,whu_mix,dunedin_686.tif,0,0,0,0,512,512,0.30629730,data/raw/WHU_Mix_cities/dunedin/image/dunedin_686.tif,data/raw/WHU_Mix_cities/dunedin/label/dunedin_686.tif
train,dunedin,whu_mix,dunedin_222.tif,0,0,0,0,512,512,0.08446503,data/raw/WHU_Mix_cities/dunedin/image/dunedin_222.tif,data/raw/WHU_Mix_cities/dunedin/label/dunedin_222.tif
train,dunedin,whu_mix,dunedin_643.tif,0,0,0,0,512,512,0.15744019,data/raw/WHU_Mix_cities/dunedin/image/dunedin_643.tif,data/raw/WHU_Mix_cities/dunedin/label/dunedin_643.tif
train,dunedin,whu_mix,dunedin_909.tif,0,0,0,0,512,512,0.22826385,data/raw/WHU_Mix_cities/dunedin/image/dunedin_909.tif,data/raw/WHU_Mix_cities/dunedin/label/dunedin_909.tif
train,dunedin,whu_mix,dunedin_998.tif,0,0,0,0,512,512,0.35834885,data/raw/WHU_Mix_cities/dunedin/image/dunedin_998.tif,data/raw/WHU_Mix_cities/dunedin/label/dunedin_998.tif
train,dunedin,whu_mix,dunedin_803.tif,0,0,0,0,512,512,0.26619339,data/raw/WHU_Mix_cities/dunedin/image/dunedin_803.tif,data/raw/WHU_Mix_cities/dunedin/label/dunedin_803.tif
train,dunedin,whu_mix,dunedin_558.tif,0,0,0,0,512,512,0.05393982,data/raw/WHU_Mix_cities/dunedin/image/dunedin_558.tif,data/raw/WHU_Mix_cities/dunedin/label/dunedin_558.tif
train,dunedin,whu_mix,dunedin_138.tif,0,0,0,0,512,512,0.20619583,data/raw/WHU_Mix_cities/dunedin/image/dunedin_138.tif,data/raw/WHU_Mix_cities/dunedin/label/dunedin_138.tif
train,dunedin,whu_mix,dunedin_721.tif,0,0,0,0,512,512,0.29813766,data/raw/WHU_Mix_cities/dunedin/image/dunedin_721.tif,data/raw/WHU_Mix_cities/dunedin/label/dunedin_721.tif
train,dunedin,whu_mix,dunedin_593.tif,0,0,0,0,512,512,0.00157547,data/raw/WHU_Mix_cities/dunedin/image/dunedin_593.tif,data/raw/WHU_Mix_cities/dunedin/label/dunedin_593.tif
train,dunedin,whu_mix,dunedin_814.tif,0,0,0,0,512,512,0.18604279,data/raw/WHU_Mix_cities/dunedin/image/dunedin_814.tif,data/raw/WHU_Mix_cities/dunedin/label/dunedin_814.tif
train,dunedin,whu_mix,dunedin_383.tif,0,0,0,0,512,512,0.07948303,data/raw/WHU_Mix_cities/dunedin/image/dunedin_383.tif,data/raw/WHU_Mix_cities/dunedin/label/dunedin_383.tif
train,dunedin,whu_mix,dunedin_936.tif,0,0,0,0,512,512,0.20866013,data/raw/WHU_Mix_cities/dunedin/image/dunedin_936.tif,data/raw/WHU_Mix_cities/dunedin/label/dunedin_936.tif
train,dunedin,whu_mix,dunedin_283.tif,0,0,0,0,512,512,0.21397018,data/raw/WHU_Mix_cities/dunedin/image/dunedin_283.tif,data/raw/WHU_Mix_cities/dunedin/label/dunedin_283.tif
train,dunedin,whu_mix,dunedin_1255.tif,0,0,0,0,512,512,0.00000000,data/raw/WHU_Mix_cities/dunedin/image/dunedin_1255.tif,data/raw/WHU_Mix_cities/dunedin/label/dunedin_1255.tif
train,dunedin,whu_mix,dunedin_160.tif,0,0,0,0,512,512,0.15914536,data/raw/WHU_Mix_cities/dunedin/image/dunedin_160.tif,data/raw/WHU_Mix_cities/dunedin/label/dunedin_160.tif
train,dunedin,whu_mix,dunedin_544.tif,0,0,0,0,512,512,0.18886948,data/raw/WHU_Mix_cities/dunedin/image/dunedin_544.tif,data/raw/WHU_Mix_cities/dunedin/label/dunedin_544.tif
train,dunedin,whu_mix,dunedin_50.tif,0,0,0,0,512,512,0.00000000,data/raw/WHU_Mix_cities/dunedin/image/dunedin_50.tif,data/raw/WHU_Mix_cities/dunedin/label/dunedin_50.tif
train,dunedin,whu_mix,dunedin_139.tif,0,0,0,0,512,512,0.20968628,data/raw/WHU_Mix_cities/dunedin/image/dunedin_139.tif,data/raw/WHU_Mix_cities/dunedin/label/dunedin_139.tif
train,dunedin,whu_mix,dunedin_1102.tif,0,0,0,0,512,512,0.25707626,data/raw/WHU_Mix_cities/dunedin/image/dunedin_1102.tif,data/raw/WHU_Mix_cities/dunedin/label/dunedin_1102.tif
train,dunedin,whu_mix,dunedin_1206.tif,0,0,0,0,512,512,0.26284027,data/raw/WHU_Mix_cities/dunedin/image/dunedin_1206.tif,data/raw/WHU_Mix_cities/dunedin/label/dunedin_1206.tif
train,dunedin,whu_mix,dunedin_742.tif,0,0,0,0,512,512,0.12862015,data/raw/WHU_Mix_cities/dunedin/image/dunedin_742.tif,data/raw/WHU_Mix_cities/dunedin/label/dunedin_742.tif
train,dunedin,whu_mix,dunedin_492.tif,0,0,0,0,512,512,0.17705917,data/raw/WHU_Mix_cities/dunedin/image/dunedin_492.tif,data/raw/WHU_Mix_cities/dunedin/label/dunedin_492.tif
train,dunedin,whu_mix,dunedin_764.tif,0,0,0,0,512,512,0.29652786,data/raw/WHU_Mix_cities/dunedin/image/dunedin_764.tif,data/raw/WHU_Mix_cities/dunedin/label/dunedin_764.tif
train,dunedin,whu_mix,dunedin_1008.tif,0,0,0,0,512,512,0.21462250,data/raw/WHU_Mix_cities/dunedin/image/dunedin_1008.tif,data/raw/WHU_Mix_cities/dunedin/label/dunedin_1008.tif
train,dunedin,whu_mix,dunedin_1237.tif,0,0,0,0,512,512,0.00000000,data/raw/WHU_Mix_cities/dunedin/image/dunedin_1237.tif,data/raw/WHU_Mix_cities/dunedin/label/dunedin_1237.tif
train,dunedin,whu_mix,dunedin_337.tif,0,0,0,0,512,512,0.05300522,data/raw/WHU_Mix_cities/dunedin/image/dunedin_337.tif,data/raw/WHU_Mix_cities/dunedin/label/dunedin_337.tif
train,dunedin,whu_mix,dunedin_1001.tif,0,0,0,0,512,512,0.00608826,data/raw/WHU_Mix_cities/dunedin/image/dunedin_1001.tif,data/raw/WHU_Mix_cities/dunedin/label/dunedin_1001.tif
train,dunedin,whu_mix,dunedin_1167.tif,0,0,0,0,512,512,0.35435486,data/raw/WHU_Mix_cities/dunedin/image/dunedin_1167.tif,data/raw/WHU_Mix_cities/dunedin/label/dunedin_1167.tif
train,dunedin,whu_mix,dunedin_703.tif,0,0,0,0,512,512,0.25654984,data/raw/WHU_Mix_cities/dunedin/image/dunedin_703.tif,data/raw/WHU_Mix_cities/dunedin/label/dunedin_703.tif
train,dunedin,whu_mix,dunedin_798.tif,0,0,0,0,512,512,0.03194046,data/raw/WHU_Mix_cities/dunedin/image/dunedin_798.tif,data/raw/WHU_Mix_cities/dunedin/label/dunedin_798.tif
train,dunedin,whu_mix,dunedin_1165.tif,0,0,0,0,512,512,0.24853897,data/raw/WHU_Mix_cities/dunedin/image/dunedin_1165.tif,data/raw/WHU_Mix_cities/dunedin/label/dunedin_1165.tif
train,dunedin,whu_mix,dunedin_586.tif,0,0,0,0,512,512,0.48215866,data/raw/WHU_Mix_cities/dunedin/image/dunedin_586.tif,data/raw/WHU_Mix_cities/dunedin/label/dunedin_586.tif
train,dunedin,whu_mix,dunedin_1015.tif,0,0,0,0,512,512,0.06710815,data/raw/WHU_Mix_cities/dunedin/image/dunedin_1015.tif,data/raw/WHU_Mix_cities/dunedin/label/dunedin_1015.tif
train,dunedin,whu_mix,dunedin_187.tif,0,0,0,0,512,512,0.29292679,data/raw/WHU_Mix_cities/dunedin/image/dunedin_187.tif,data/raw/WHU_Mix_cities/dunedin/label/dunedin_187.tif
train,dunedin,whu_mix,dunedin_829.tif,0,0,0,0,512,512,0.15875626,data/raw/WHU_Mix_cities/dunedin/image/dunedin_829.tif,data/raw/WHU_Mix_cities/dunedin/label/dunedin_829.tif
train,dunedin,whu_mix,dunedin_1293.tif,0,0,0,0,512,512,0.00000000,data/raw/WHU_Mix_cities/dunedin/image/dunedin_1293.tif,data/raw/WHU_Mix_cities/dunedin/label/dunedin_1293.tif
train,dunedin,whu_mix,dunedin_18.tif,0,0,0,0,512,512,0.13816833,data/raw/WHU_Mix_cities/dunedin/image/dunedin_18.tif,data/raw/WHU_Mix_cities/dunedin/label/dunedin_18.tif
train,dunedin,whu_mix,dunedin_1271.tif,0,0,0,0,512,512,0.00000000,data/raw/WHU_Mix_cities/dunedin/image/dunedin_1271.tif,data/raw/WHU_Mix_cities/dunedin/label/dunedin_1271.tif
train,dunedin,whu_mix,dunedin_731.tif,0,0,0,0,512,512,0.56903839,data/raw/WHU_Mix_cities/dunedin/image/dunedin_731.tif,data/raw/WHU_Mix_cities/dunedin/label/dunedin_731.tif
train,dunedin,whu_mix,dunedin_157.tif,0,0,0,0,512,512,0.00000000,data/raw/WHU_Mix_cities/dunedin/image/dunedin_157.tif,data/raw/WHU_Mix_cities/dunedin/label/dunedin_157.tif
train,dunedin,whu_mix,dunedin_7.tif,0,0,0,0,512,512,0.16690063,data/raw/WHU_Mix_cities/dunedin/image/dunedin_7.tif,data/raw/WHU_Mix_cities/dunedin/label/dunedin_7.tif
train,dunedin,whu_mix,dunedin_1235.tif,0,0,0,0,512,512,0.00000000,data/raw/WHU_Mix_cities/dunedin/image/dunedin_1235.tif,data/raw/WHU_Mix_cities/dunedin/label/dunedin_1235.tif
train,dunedin,whu_mix,dunedin_0.tif,0,0,0,0,512,512,0.16413116,data/raw/WHU_Mix_cities/dunedin/image/dunedin_0.tif,data/raw/WHU_Mix_cities/dunedin/label/dunedin_0.tif
train,dunedin,whu_mix,dunedin_171.tif,0,0,0,0,512,512,0.04176331,data/raw/WHU_Mix_cities/dunedin/image/dunedin_171.tif,data/raw/WHU_Mix_cities/dunedin/label/dunedin_171.tif
train,dunedin,whu_mix,dunedin_569.tif,0,0,0,0,512,512,0.01308441,data/raw/WHU_Mix_cities/dunedin/image/dunedin_569.tif,data/raw/WHU_Mix_cities/dunedin/label/dunedin_569.tif
train,dunedin,whu_mix,dunedin_697.tif,0,0,0,0,512,512,0.17098236,data/raw/WHU_Mix_cities/dunedin/image/dunedin_697.tif,data/raw/WHU_Mix_cities/dunedin/label/dunedin_697.tif
train,dunedin,whu_mix,dunedin_430.tif,0,0,0,0,512,512,0.01398087,data/raw/WHU_Mix_cities/dunedin/image/dunedin_430.tif,data/raw/WHU_Mix_cities/dunedin/label/dunedin_430.tif
train,dunedin,whu_mix,dunedin_1174.tif,0,0,0,0,512,512,0.03795624,data/raw/WHU_Mix_cities/dunedin/image/dunedin_1174.tif,data/raw/WHU_Mix_cities/dunedin/label/dunedin_1174.tif
train,dunedin,whu_mix,dunedin_1286.tif,0,0,0,0,512,512,0.00000000,data/raw/WHU_Mix_cities/dunedin/image/dunedin_1286.tif,data/raw/WHU_Mix_cities/dunedin/label/dunedin_1286.tif
train,dunedin,whu_mix,dunedin_773.tif,0,0,0,0,512,512,0.27874756,data/raw/WHU_Mix_cities/dunedin/image/dunedin_773.tif,data/raw/WHU_Mix_cities/dunedin/label/dunedin_773.tif
train,dunedin,whu_mix,dunedin_1232.tif,0,0,0,0,512,512,0.00000000,data/raw/WHU_Mix_cities/dunedin/image/dunedin_1232.tif,data/raw/WHU_Mix_cities/dunedin/label/dunedin_1232.tif
train,dunedin,whu_mix,dunedin_1163.tif,0,0,0,0,512,512,0.00000000,data/raw/WHU_Mix_cities/dunedin/image/dunedin_1163.tif,data/raw/WHU_Mix_cities/dunedin/label/dunedin_1163.tif
train,dunedin,whu_mix,dunedin_1179.tif,0,0,0,0,512,512,0.29885864,data/raw/WHU_Mix_cities/dunedin/image/dunedin_1179.tif,data/raw/WHU_Mix_cities/dunedin/label/dunedin_1179.tif
train,dunedin,whu_mix,dunedin_1151.tif,0,0,0,0,512,512,0.00488281,data/raw/WHU_Mix_cities/dunedin/image/dunedin_1151.tif,data/raw/WHU_Mix_cities/dunedin/label/dunedin_1151.tif
train,dunedin,whu_mix,dunedin_4.tif,0,0,0,0,512,512,0.05445099,data/raw/WHU_Mix_cities/dunedin/image/dunedin_4.tif,data/raw/WHU_Mix_cities/dunedin/label/dunedin_4.tif
train,dunedin,whu_mix,dunedin_761.tif,0,0,0,0,512,512,0.22211456,data/raw/WHU_Mix_cities/dunedin/image/dunedin_761.tif,data/raw/WHU_Mix_cities/dunedin/label/dunedin_761.tif
train,dunedin,whu_mix,dunedin_852.tif,0,0,0,0,512,512,0.22702408,data/raw/WHU_Mix_cities/dunedin/image/dunedin_852.tif,data/raw/WHU_Mix_cities/dunedin/label/dunedin_852.tif
train,dunedin,whu_mix,dunedin_799.tif,0,0,0,0,512,512,0.32377625,data/raw/WHU_Mix_cities/dunedin/image/dunedin_799.tif,data/raw/WHU_Mix_cities/dunedin/label/dunedin_799.tif
train,dunedin,whu_mix,dunedin_1192.tif,0,0,0,0,512,512,0.00000000,data/raw/WHU_Mix_cities/dunedin/image/dunedin_1192.tif,data/raw/WHU_Mix_cities/dunedin/label/dunedin_1192.tif
train,dunedin,whu_mix,dunedin_1126.tif,0,0,0,0,512,512,0.00000000,data/raw/WHU_Mix_cities/dunedin/image/dunedin_1126.tif,data/raw/WHU_Mix_cities/dunedin/label/dunedin_1126.tif
train,dunedin,whu_mix,dunedin_825.tif,0,0,0,0,512,512,0.16665649,data/raw/WHU_Mix_cities/dunedin/image/dunedin_825.tif,data/raw/WHU_Mix_cities/dunedin/label/dunedin_825.tif
train,dunedin,whu_mix,dunedin_101.tif,0,0,0,0,512,512,0.23528290,data/raw/WHU_Mix_cities/dunedin/image/dunedin_101.tif,data/raw/WHU_Mix_cities/dunedin/label/dunedin_101.tif
train,dunedin,whu_mix,dunedin_239.tif,0,0,0,0,512,512,0.17631149,data/raw/WHU_Mix_cities/dunedin/image/dunedin_239.tif,data/raw/WHU_Mix_cities/dunedin/label/dunedin_239.tif
train,dunedin,whu_mix,dunedin_941.tif,0,0,0,0,512,512,0.09611511,data/raw/WHU_Mix_cities/dunedin/image/dunedin_941.tif,data/raw/WHU_Mix_cities/dunedin/label/dunedin_941.tif
train,dunedin,whu_mix,dunedin_140.tif,0,0,0,0,512,512,0.28625488,data/raw/WHU_Mix_cities/dunedin/image/dunedin_140.tif,data/raw/WHU_Mix_cities/dunedin/label/dunedin_140.tif
train,dunedin,whu_mix,dunedin_378.tif,0,0,0,0,512,512,0.16150284,data/raw/WHU_Mix_cities/dunedin/image/dunedin_378.tif,data/raw/WHU_Mix_cities/dunedin/label/dunedin_378.tif
train,dunedin,whu_mix,dunedin_276.tif,0,0,0,0,512,512,0.15931702,data/raw/WHU_Mix_cities/dunedin/image/dunedin_276.tif,data/raw/WHU_Mix_cities/dunedin/label/dunedin_276.tif
train,dunedin,whu_mix,dunedin_1128.tif,0,0,0,0,512,512,0.12967300,data/raw/WHU_Mix_cities/dunedin/image/dunedin_1128.tif,data/raw/WHU_Mix_cities/dunedin/label/dunedin_1128.tif
train,dunedin,whu_mix,dunedin_80.tif,0,0,0,0,512,512,0.00000000,data/raw/WHU_Mix_cities/dunedin/image/dunedin_80.tif,data/raw/WHU_Mix_cities/dunedin/label/dunedin_80.tif
train,dunedin,whu_mix,dunedin_279.tif,0,0,0,0,512,512,0.18293762,data/raw/WHU_Mix_cities/dunedin/image/dunedin_279.tif,data/raw/WHU_Mix_cities/dunedin/label/dunedin_279.tif
train,dunedin,whu_mix,dunedin_573.tif,0,0,0,0,512,512,0.22639084,data/raw/WHU_Mix_cities/dunedin/image/dunedin_573.tif,data/raw/WHU_Mix_cities/dunedin/label/dunedin_573.tif
train,dunedin,whu_mix,dunedin_441.tif,0,0,0,0,512,512,0.09436798,data/raw/WHU_Mix_cities/dunedin/image/dunedin_441.tif,data/raw/WHU_Mix_cities/dunedin/label/dunedin_441.tif
train,dunedin,whu_mix,dunedin_440.tif,0,0,0,0,512,512,0.22747040,data/raw/WHU_Mix_cities/dunedin/image/dunedin_440.tif,data/raw/WHU_Mix_cities/dunedin/label/dunedin_440.tif
train,dunedin,whu_mix,dunedin_1059.tif,0,0,0,0,512,512,0.28809357,data/raw/WHU_Mix_cities/dunedin/image/dunedin_1059.tif,data/raw/WHU_Mix_cities/dunedin/label/dunedin_1059.tif
train,dunedin,whu_mix,dunedin_43.tif,0,0,0,0,512,512,0.03849792,data/raw/WHU_Mix_cities/dunedin/image/dunedin_43.tif,data/raw/WHU_Mix_cities/dunedin/label/dunedin_43.tif
train,dunedin,whu_mix,dunedin_1000.tif,0,0,0,0,512,512,0.07934570,data/raw/WHU_Mix_cities/dunedin/image/dunedin_1000.tif,data/raw/WHU_Mix_cities/dunedin/label/dunedin_1000.tif
train,dunedin,whu_mix,dunedin_44.tif,0,0,0,0,512,512,0.09233856,data/raw/WHU_Mix_cities/dunedin/image/dunedin_44.tif,data/raw/WHU_Mix_cities/dunedin/label/dunedin_44.tif
train,dunedin,whu_mix,dunedin_1.tif,0,0,0,0,512,512,0.16480637,data/raw/WHU_Mix_cities/dunedin/image/dunedin_1.tif,data/raw/WHU_Mix_cities/dunedin/label/dunedin_1.tif
train,dunedin,whu_mix,dunedin_1185.tif,0,0,0,0,512,512,0.00000000,data/raw/WHU_Mix_cities/dunedin/image/dunedin_1185.tif,data/raw/WHU_Mix_cities/dunedin/label/dunedin_1185.tif
train,dunedin,whu_mix,dunedin_1136.tif,0,0,0,0,512,512,0.17655182,data/raw/WHU_Mix_cities/dunedin/image/dunedin_1136.tif,data/raw/WHU_Mix_cities/dunedin/label/dunedin_1136.tif
train,dunedin,whu_mix,dunedin_1244.tif,0,0,0,0,512,512,0.29008102,data/raw/WHU_Mix_cities/dunedin/image/dunedin_1244.tif,data/raw/WHU_Mix_cities/dunedin/label/dunedin_1244.tif
train,dunedin,whu_mix,dunedin_31.tif,0,0,0,0,512,512,0.06747055,data/raw/WHU_Mix_cities/dunedin/image/dunedin_31.tif,data/raw/WHU_Mix_cities/dunedin/label/dunedin_31.tif
train,dunedin,whu_mix,dunedin_669.tif,0,0,0,0,512,512,0.14516830,data/raw/WHU_Mix_cities/dunedin/image/dunedin_669.tif,data/raw/WHU_Mix_cities/dunedin/label/dunedin_669.tif
train,dunedin,whu_mix,dunedin_1252.tif,0,0,0,0,512,512,0.00000000,data/raw/WHU_Mix_cities/dunedin/image/dunedin_1252.tif,data/raw/WHU_Mix_cities/dunedin/label/dunedin_1252.tif
train,dunedin,whu_mix,dunedin_529.tif,0,0,0,0,512,512,0.05760574,data/raw/WHU_Mix_cities/dunedin/image/dunedin_529.tif,data/raw/WHU_Mix_cities/dunedin/label/dunedin_529.tif
train,dunedin,whu_mix,dunedin_326.tif,0,0,0,0,512,512,0.00000000,data/raw/WHU_Mix_cities/dunedin/image/dunedin_326.tif,data/raw/WHU_Mix_cities/dunedin/label/dunedin_326.tif
train,dunedin,whu_mix,dunedin_1284.tif,0,0,0,0,512,512,0.02863312,data/raw/WHU_Mix_cities/dunedin/image/dunedin_1284.tif,data/raw/WHU_Mix_cities/dunedin/label/dunedin_1284.tif
train,dunedin,whu_mix,dunedin_1083.tif,0,0,0,0,512,512,0.00000000,data/raw/WHU_Mix_cities/dunedin/image/dunedin_1083.tif,data/raw/WHU_Mix_cities/dunedin/label/dunedin_1083.tif
train,dunedin,whu_mix,dunedin_243.tif,0,0,0,0,512,512,0.22707748,data/raw/WHU_Mix_cities/dunedin/image/dunedin_243.tif,data/raw/WHU_Mix_cities/dunedin/label/dunedin_243.tif
train,dunedin,whu_mix,dunedin_1035.tif,0,0,0,0,512,512,0.27860641,data/raw/WHU_Mix_cities/dunedin/image/dunedin_1035.tif,data/raw/WHU_Mix_cities/dunedin/label/dunedin_1035.tif
train,dunedin,whu_mix,dunedin_597.tif,0,0,0,0,512,512,0.00000000,data/raw/WHU_Mix_cities/dunedin/image/dunedin_597.tif,data/raw/WHU_Mix_cities/dunedin/label/dunedin_597.tif
train,dunedin,whu_mix,dunedin_664.tif,0,0,0,0,512,512,0.27816772,data/raw/WHU_Mix_cities/dunedin/image/dunedin_664.tif,data/raw/WHU_Mix_cities/dunedin/label/dunedin_664.tif
train,dunedin,whu_mix,dunedin_1096.tif,0,0,0,0,512,512,0.31869125,data/raw/WHU_Mix_cities/dunedin/image/dunedin_1096.tif,data/raw/WHU_Mix_cities/dunedin/label/dunedin_1096.tif
train,dunedin,whu_mix,dunedin_372.tif,0,0,0,0,512,512,0.22435379,data/raw/WHU_Mix_cities/dunedin/image/dunedin_372.tif,data/raw/WHU_Mix_cities/dunedin/label/dunedin_372.tif
train,dunedin,whu_mix,dunedin_1213.tif,0,0,0,0,512,512,0.16038513,data/raw/WHU_Mix_cities/dunedin/image/dunedin_1213.tif,data/raw/WHU_Mix_cities/dunedin/label/dunedin_1213.tif
train,dunedin,whu_mix,dunedin_1307.tif,0,0,0,0,512,512,0.00000000,data/raw/WHU_Mix_cities/dunedin/image/dunedin_1307.tif,data/raw/WHU_Mix_cities/dunedin/label/dunedin_1307.tif
train,dunedin,whu_mix,dunedin_750.tif,0,0,0,0,512,512,0.19717407,data/raw/WHU_Mix_cities/dunedin/image/dunedin_750.tif,data/raw/WHU_Mix_cities/dunedin/label/dunedin_750.tif
train,dunedin,whu_mix,dunedin_221.tif,0,0,0,0,512,512,0.00000000,data/raw/WHU_Mix_cities/dunedin/image/dunedin_221.tif,data/raw/WHU_Mix_cities/dunedin/label/dunedin_221.tif
train,dunedin,whu_mix,dunedin_414.tif,0,0,0,0,512,512,0.12776566,data/raw/WHU_Mix_cities/dunedin/image/dunedin_414.tif,data/raw/WHU_Mix_cities/dunedin/label/dunedin_414.tif
train,dunedin,whu_mix,dunedin_940.tif,0,0,0,0,512,512,0.22042465,data/raw/WHU_Mix_cities/dunedin/image/dunedin_940.tif,data/raw/WHU_Mix_cities/dunedin/label/dunedin_940.tif
train,dunedin,whu_mix,dunedin_238.tif,0,0,0,0,512,512,0.12874985,data/raw/WHU_Mix_cities/dunedin/image/dunedin_238.tif,data/raw/WHU_Mix_cities/dunedin/label/dunedin_238.tif
train,dunedin,whu_mix,dunedin_230.tif,0,0,0,0,512,512,0.20764160,data/raw/WHU_Mix_cities/dunedin/image/dunedin_230.tif,data/raw/WHU_Mix_cities/dunedin/label/dunedin_230.tif
train,dunedin,whu_mix,dunedin_334.tif,0,0,0,0,512,512,0.25125504,data/raw/WHU_Mix_cities/dunedin/image/dunedin_334.tif,data/raw/WHU_Mix_cities/dunedin/label/dunedin_334.tif
train,dunedin,whu_mix,dunedin_1064.tif,0,0,0,0,512,512,0.27339172,data/raw/WHU_Mix_cities/dunedin/image/dunedin_1064.tif,data/raw/WHU_Mix_cities/dunedin/label/dunedin_1064.tif
train,dunedin,whu_mix,dunedin_53.tif,0,0,0,0,512,512,0.00000000,data/raw/WHU_Mix_cities/dunedin/image/dunedin_53.tif,data/raw/WHU_Mix_cities/dunedin/label/dunedin_53.tif
train,dunedin,whu_mix,dunedin_723.tif,0,0,0,0,512,512,0.34814072,data/raw/WHU_Mix_cities/dunedin/image/dunedin_723.tif,data/raw/WHU_Mix_cities/dunedin/label/dunedin_723.tif
train,dunedin,whu_mix,dunedin_608.tif,0,0,0,0,512,512,0.10475922,data/raw/WHU_Mix_cities/dunedin/image/dunedin_608.tif,data/raw/WHU_Mix_cities/dunedin/label/dunedin_608.tif
train,dunedin,whu_mix,dunedin_1011.tif,0,0,0,0,512,512,0.07956314,data/raw/WHU_Mix_cities/dunedin/image/dunedin_1011.tif,data/raw/WHU_Mix_cities/dunedin/label/dunedin_1011.tif
train,dunedin,whu_mix,dunedin_509.tif,0,0,0,0,512,512,0.13283539,data/raw/WHU_Mix_cities/dunedin/image/dunedin_509.tif,data/raw/WHU_Mix_cities/dunedin/label/dunedin_509.tif
train,dunedin,whu_mix,dunedin_877.tif,0,0,0,0,512,512,0.32862854,data/raw/WHU_Mix_cities/dunedin/image/dunedin_877.tif,data/raw/WHU_Mix_cities/dunedin/label/dunedin_877.tif
train,dunedin,whu_mix,dunedin_1100.tif,0,0,0,0,512,512,0.25934601,data/raw/WHU_Mix_cities/dunedin/image/dunedin_1100.tif,data/raw/WHU_Mix_cities/dunedin/label/dunedin_1100.tif
train,dunedin,whu_mix,dunedin_280.tif,0,0,0,0,512,512,0.25385284,data/raw/WHU_Mix_cities/dunedin/image/dunedin_280.tif,data/raw/WHU_Mix_cities/dunedin/label/dunedin_280.tif
train,dunedin,whu_mix,dunedin_739.tif,0,0,0,0,512,512,0.35691452,data/raw/WHU_Mix_cities/dunedin/image/dunedin_739.tif,data/raw/WHU_Mix_cities/dunedin/label/dunedin_739.tif
train,dunedin,whu_mix,dunedin_215.tif,0,0,0,0,512,512,0.05950165,data/raw/WHU_Mix_cities/dunedin/image/dunedin_215.tif,data/raw/WHU_Mix_cities/dunedin/label/dunedin_215.tif
train,dunedin,whu_mix,dunedin_426.tif,0,0,0,0,512,512,0.04577255,data/raw/WHU_Mix_cities/dunedin/image/dunedin_426.tif,data/raw/WHU_Mix_cities/dunedin/label/dunedin_426.tif
train,dunedin,whu_mix,dunedin_808.tif,0,0,0,0,512,512,0.31251144,data/raw/WHU_Mix_cities/dunedin/image/dunedin_808.tif,data/raw/WHU_Mix_cities/dunedin/label/dunedin_808.tif
train,dunedin,whu_mix,dunedin_879.tif,0,0,0,0,512,512,0.32885742,data/raw/WHU_Mix_cities/dunedin/image/dunedin_879.tif,data/raw/WHU_Mix_cities/dunedin/label/dunedin_879.tif
train,dunedin,whu_mix,dunedin_1022.tif,0,0,0,0,512,512,0.27684784,data/raw/WHU_Mix_cities/dunedin/image/dunedin_1022.tif,data/raw/WHU_Mix_cities/dunedin/label/dunedin_1022.tif
train,dunedin,whu_mix,dunedin_868.tif,0,0,0,0,512,512,0.27016068,data/raw/WHU_Mix_cities/dunedin/image/dunedin_868.tif,data/raw/WHU_Mix_cities/dunedin/label/dunedin_868.tif
train,dunedin,whu_mix,dunedin_645.tif,0,0,0,0,512,512,0.08269119,data/raw/WHU_Mix_cities/dunedin/image/dunedin_645.tif,data/raw/WHU_Mix_cities/dunedin/label/dunedin_645.tif
train,dunedin,whu_mix,dunedin_882.tif,0,0,0,0,512,512,0.35080719,data/raw/WHU_Mix_cities/dunedin/image/dunedin_882.tif,data/raw/WHU_Mix_cities/dunedin/label/dunedin_882.tif
train,dunedin,whu_mix,dunedin_886.tif,0,0,0,0,512,512,0.27183914,data/raw/WHU_Mix_cities/dunedin/image/dunedin_886.tif,data/raw/WHU_Mix_cities/dunedin/label/dunedin_886.tif
train,dunedin,whu_mix,dunedin_565.tif,0,0,0,0,512,512,0.06798935,data/raw/WHU_Mix_cities/dunedin/image/dunedin_565.tif,data/raw/WHU_Mix_cities/dunedin/label/dunedin_565.tif
train,dunedin,whu_mix,dunedin_354.tif,0,0,0,0,512,512,0.09976959,data/raw/WHU_Mix_cities/dunedin/image/dunedin_354.tif,data/raw/WHU_Mix_cities/dunedin/label/dunedin_354.tif
train,dunedin,whu_mix,dunedin_108.tif,0,0,0,0,512,512,0.13846970,data/raw/WHU_Mix_cities/dunedin/image/dunedin_108.tif,data/raw/WHU_Mix_cities/dunedin/label/dunedin_108.tif
train,dunedin,whu_mix,dunedin_198.tif,0,0,0,0,512,512,0.07365036,data/raw/WHU_Mix_cities/dunedin/image/dunedin_198.tif,data/raw/WHU_Mix_cities/dunedin/label/dunedin_198.tif
train,dunedin,whu_mix,dunedin_131.tif,0,0,0,0,512,512,0.00633621,data/raw/WHU_Mix_cities/dunedin/image/dunedin_131.tif,data/raw/WHU_Mix_cities/dunedin/label/dunedin_131.tif
train,dunedin,whu_mix,dunedin_250.tif,0,0,0,0,512,512,0.15023804,data/raw/WHU_Mix_cities/dunedin/image/dunedin_250.tif,data/raw/WHU_Mix_cities/dunedin/label/dunedin_250.tif
train,dunedin,whu_mix,dunedin_196.tif,0,0,0,0,512,512,0.00000000,data/raw/WHU_Mix_cities/dunedin/image/dunedin_196.tif,data/raw/WHU_Mix_cities/dunedin/label/dunedin_196.tif
train,dunedin,whu_mix,dunedin_1069.tif,0,0,0,0,512,512,0.29867554,data/raw/WHU_Mix_cities/dunedin/image/dunedin_1069.tif,data/raw/WHU_Mix_cities/dunedin/label/dunedin_1069.tif
train,dunedin,whu_mix,dunedin_534.tif,0,0,0,0,512,512,0.00149918,data/raw/WHU_Mix_cities/dunedin/image/dunedin_534.tif,data/raw/WHU_Mix_cities/dunedin/label/dunedin_534.tif
train,dunedin,whu_mix,dunedin_295.tif,0,0,0,0,512,512,0.15179443,data/raw/WHU_Mix_cities/dunedin/image/dunedin_295.tif,data/raw/WHU_Mix_cities/dunedin/label/dunedin_295.tif
train,dunedin,whu_mix,dunedin_919.tif,0,0,0,0,512,512,0.35470200,data/raw/WHU_Mix_cities/dunedin/image/dunedin_919.tif,data/raw/WHU_Mix_cities/dunedin/label/dunedin_919.tif
train,dunedin,whu_mix,dunedin_722.tif,0,0,0,0,512,512,0.26160812,data/raw/WHU_Mix_cities/dunedin/image/dunedin_722.tif,data/raw/WHU_Mix_cities/dunedin/label/dunedin_722.tif
train,dunedin,whu_mix,dunedin_922.tif,0,0,0,0,512,512,0.37794876,data/raw/WHU_Mix_cities/dunedin/image/dunedin_922.tif,data/raw/WHU_Mix_cities/dunedin/label/dunedin_922.tif
train,dunedin,whu_mix,dunedin_94.tif,0,0,0,0,512,512,0.03360367,data/raw/WHU_Mix_cities/dunedin/image/dunedin_94.tif,data/raw/WHU_Mix_cities/dunedin/label/dunedin_94.tif
train,dunedin,whu_mix,dunedin_950.tif,0,0,0,0,512,512,0.28207016,data/raw/WHU_Mix_cities/dunedin/image/dunedin_950.tif,data/raw/WHU_Mix_cities/dunedin/label/dunedin_950.tif
train,dunedin,whu_mix,dunedin_579.tif,0,0,0,0,512,512,0.08943176,data/raw/WHU_Mix_cities/dunedin/image/dunedin_579.tif,data/raw/WHU_Mix_cities/dunedin/label/dunedin_579.tif
train,dunedin,whu_mix,dunedin_1250.tif,0,0,0,0,512,512,0.02178955,data/raw/WHU_Mix_cities/dunedin/image/dunedin_1250.tif,data/raw/WHU_Mix_cities/dunedin/label/dunedin_1250.tif
train,dunedin,whu_mix,dunedin_1299.tif,0,0,0,0,512,512,0.00000000,data/raw/WHU_Mix_cities/dunedin/image/dunedin_1299.tif,data/raw/WHU_Mix_cities/dunedin/label/dunedin_1299.tif
train,dunedin,whu_mix,dunedin_1227.tif,0,0,0,0,512,512,0.00000000,data/raw/WHU_Mix_cities/dunedin/image/dunedin_1227.tif,data/raw/WHU_Mix_cities/dunedin/label/dunedin_1227.tif
train,dunedin,whu_mix,dunedin_481.tif,0,0,0,0,512,512,0.10788345,data/raw/WHU_Mix_cities/dunedin/image/dunedin_481.tif,data/raw/WHU_Mix_cities/dunedin/label/dunedin_481.tif
train,dunedin,whu_mix,dunedin_978.tif,0,0,0,0,512,512,0.09869003,data/raw/WHU_Mix_cities/dunedin/image/dunedin_978.tif,data/raw/WHU_Mix_cities/dunedin/label/dunedin_978.tif
train,dunedin,whu_mix,dunedin_427.tif,0,0,0,0,512,512,0.08609009,data/raw/WHU_Mix_cities/dunedin/image/dunedin_427.tif,data/raw/WHU_Mix_cities/dunedin/label/dunedin_427.tif
train,dunedin,whu_mix,dunedin_265.tif,0,0,0,0,512,512,0.15191269,data/raw/WHU_Mix_cities/dunedin/image/dunedin_265.tif,data/raw/WHU_Mix_cities/dunedin/label/dunedin_265.tif
train,dunedin,whu_mix,dunedin_964.tif,0,0,0,0,512,512,0.13096619,data/raw/WHU_Mix_cities/dunedin/image/dunedin_964.tif,data/raw/WHU_Mix_cities/dunedin/label/dunedin_964.tif
train,dunedin,whu_mix,dunedin_281.tif,0,0,0,0,512,512,0.24901962,data/raw/WHU_Mix_cities/dunedin/image/dunedin_281.tif,data/raw/WHU_Mix_cities/dunedin/label/dunedin_281.tif
train,dunedin,whu_mix,dunedin_173.tif,0,0,0,0,512,512,0.17250443,data/raw/WHU_Mix_cities/dunedin/image/dunedin_173.tif,data/raw/WHU_Mix_cities/dunedin/label/dunedin_173.tif
train,dunedin,whu_mix,dunedin_958.tif,0,0,0,0,512,512,0.33551025,data/raw/WHU_Mix_cities/dunedin/image/dunedin_958.tif,data/raw/WHU_Mix_cities/dunedin/label/dunedin_958.tif
train,dunedin,whu_mix,dunedin_489.tif,0,0,0,0,512,512,0.20183945,data/raw/WHU_Mix_cities/dunedin/image/dunedin_489.tif,data/raw/WHU_Mix_cities/dunedin/label/dunedin_489.tif
train,dunedin,whu_mix,dunedin_730.tif,0,0,0,0,512,512,0.45256042,data/raw/WHU_Mix_cities/dunedin/image/dunedin_730.tif,data/raw/WHU_Mix_cities/dunedin/label/dunedin_730.tif
train,dunedin,whu_mix,dunedin_296.tif,0,0,0,0,512,512,0.22426224,data/raw/WHU_Mix_cities/dunedin/image/dunedin_296.tif,data/raw/WHU_Mix_cities/dunedin/label/dunedin_296.tif
train,dunedin,whu_mix,dunedin_412.tif,0,0,0,0,512,512,0.00000000,data/raw/WHU_Mix_cities/dunedin/image/dunedin_412.tif,data/raw/WHU_Mix_cities/dunedin/label/dunedin_412.tif
train,dunedin,whu_mix,dunedin_1265.tif,0,0,0,0,512,512,0.00000000,data/raw/WHU_Mix_cities/dunedin/image/dunedin_1265.tif,data/raw/WHU_Mix_cities/dunedin/label/dunedin_1265.tif
train,dunedin,whu_mix,dunedin_1145.tif,0,0,0,0,512,512,0.13875580,data/raw/WHU_Mix_cities/dunedin/image/dunedin_1145.tif,data/raw/WHU_Mix_cities/dunedin/label/dunedin_1145.tif
train,dunedin,whu_mix,dunedin_461.tif,0,0,0,0,512,512,0.08486557,data/raw/WHU_Mix_cities/dunedin/image/dunedin_461.tif,data/raw/WHU_Mix_cities/dunedin/label/dunedin_461.tif
train,dunedin,whu_mix,dunedin_65.tif,0,0,0,0,512,512,0.00000000,data/raw/WHU_Mix_cities/dunedin/image/dunedin_65.tif,data/raw/WHU_Mix_cities/dunedin/label/dunedin_65.tif
train,dunedin,whu_mix,dunedin_871.tif,0,0,0,0,512,512,0.30068970,data/raw/WHU_Mix_cities/dunedin/image/dunedin_871.tif,data/raw/WHU_Mix_cities/dunedin/label/dunedin_871.tif
train,dunedin,whu_mix,dunedin_228.tif,0,0,0,0,512,512,0.17996597,data/raw/WHU_Mix_cities/dunedin/image/dunedin_228.tif,data/raw/WHU_Mix_cities/dunedin/label/dunedin_228.tif
train,dunedin,whu_mix,dunedin_1095.tif,0,0,0,0,512,512,0.30743790,data/raw/WHU_Mix_cities/dunedin/image/dunedin_1095.tif,data/raw/WHU_Mix_cities/dunedin/label/dunedin_1095.tif
train,dunedin,whu_mix,dunedin_213.tif,0,0,0,0,512,512,0.03845596,data/raw/WHU_Mix_cities/dunedin/image/dunedin_213.tif,data/raw/WHU_Mix_cities/dunedin/label/dunedin_213.tif
train,dunedin,whu_mix,dunedin_99.tif,0,0,0,0,512,512,0.00000000,data/raw/WHU_Mix_cities/dunedin/image/dunedin_99.tif,data/raw/WHU_Mix_cities/dunedin/label/dunedin_99.tif
train,dunedin,whu_mix,dunedin_315.tif,0,0,0,0,512,512,0.16911316,data/raw/WHU_Mix_cities/dunedin/image/dunedin_315.tif,data/raw/WHU_Mix_cities/dunedin/label/dunedin_315.tif
train,dunedin,whu_mix,dunedin_185.tif,0,0,0,0,512,512,0.08967209,data/raw/WHU_Mix_cities/dunedin/image/dunedin_185.tif,data/raw/WHU_Mix_cities/dunedin/label/dunedin_185.tif
train,dunedin,whu_mix,dunedin_834.tif,0,0,0,0,512,512,0.22538376,data/raw/WHU_Mix_cities/dunedin/image/dunedin_834.tif,data/raw/WHU_Mix_cities/dunedin/label/dunedin_834.tif
train,dunedin,whu_mix,dunedin_1202.tif,0,0,0,0,512,512,0.25385666,data/raw/WHU_Mix_cities/dunedin/image/dunedin_1202.tif,data/raw/WHU_Mix_cities/dunedin/label/dunedin_1202.tif
train,dunedin,whu_mix,dunedin_298.tif,0,0,0,0,512,512,0.03757095,data/raw/WHU_Mix_cities/dunedin/image/dunedin_298.tif,data/raw/WHU_Mix_cities/dunedin/label/dunedin_298.tif
train,dunedin,whu_mix,dunedin_26.tif,0,0,0,0,512,512,0.01799011,data/raw/WHU_Mix_cities/dunedin/image/dunedin_26.tif,data/raw/WHU_Mix_cities/dunedin/label/dunedin_26.tif
train,dunedin,whu_mix,dunedin_14.tif,0,0,0,0,512,512,0.04825974,data/raw/WHU_Mix_cities/dunedin/image/dunedin_14.tif,data/raw/WHU_Mix_cities/dunedin/label/dunedin_14.tif
train,dunedin,whu_mix,dunedin_881.tif,0,0,0,0,512,512,0.32987595,data/raw/WHU_Mix_cities/dunedin/image/dunedin_881.tif,data/raw/WHU_Mix_cities/dunedin/label/dunedin_881.tif
train,dunedin,whu_mix,dunedin_655.tif,0,0,0,0,512,512,0.51339722,data/raw/WHU_Mix_cities/dunedin/image/dunedin_655.tif,data/raw/WHU_Mix_cities/dunedin/label/dunedin_655.tif
train,dunedin,whu_mix,dunedin_576.tif,0,0,0,0,512,512,0.07139587,data/raw/WHU_Mix_cities/dunedin/image/dunedin_576.tif,data/raw/WHU_Mix_cities/dunedin/label/dunedin_576.tif
train,dunedin,whu_mix,dunedin_9.tif,0,0,0,0,512,512,0.00260162,data/raw/WHU_Mix_cities/dunedin/image/dunedin_9.tif,data/raw/WHU_Mix_cities/dunedin/label/dunedin_9.tif
train,dunedin,whu_mix,dunedin_1090.tif,0,0,0,0,512,512,0.15940475,data/raw/WHU_Mix_cities/dunedin/image/dunedin_1090.tif,data/raw/WHU_Mix_cities/dunedin/label/dunedin_1090.tif
train,dunedin,whu_mix,dunedin_708.tif,0,0,0,0,512,512,0.21843719,data/raw/WHU_Mix_cities/dunedin/image/dunedin_708.tif,data/raw/WHU_Mix_cities/dunedin/label/dunedin_708.tif
train,dunedin,whu_mix,dunedin_1137.tif,0,0,0,0,512,512,0.23584366,data/raw/WHU_Mix_cities/dunedin/image/dunedin_1137.tif,data/raw/WHU_Mix_cities/dunedin/label/dunedin_1137.tif
train,dunedin,whu_mix,dunedin_821.tif,0,0,0,0,512,512,0.25051498,data/raw/WHU_Mix_cities/dunedin/image/dunedin_821.tif,data/raw/WHU_Mix_cities/dunedin/label/dunedin_821.tif
train,dunedin,whu_mix,dunedin_1287.tif,0,0,0,0,512,512,0.00000000,data/raw/WHU_Mix_cities/dunedin/image/dunedin_1287.tif,data/raw/WHU_Mix_cities/dunedin/label/dunedin_1287.tif
train,dunedin,whu_mix,dunedin_929.tif,0,0,0,0,512,512,0.20489502,data/raw/WHU_Mix_cities/dunedin/image/dunedin_929.tif,data/raw/WHU_Mix_cities/dunedin/label/dunedin_929.tif
train,dunedin,whu_mix,dunedin_88.tif,0,0,0,0,512,512,0.24488068,data/raw/WHU_Mix_cities/dunedin/image/dunedin_88.tif,data/raw/WHU_Mix_cities/dunedin/label/dunedin_88.tif
train,dunedin,whu_mix,dunedin_770.tif,0,0,0,0,512,512,0.28523636,data/raw/WHU_Mix_cities/dunedin/image/dunedin_770.tif,data/raw/WHU_Mix_cities/dunedin/label/dunedin_770.tif
train,dunedin,whu_mix,dunedin_29.tif,0,0,0,0,512,512,0.03397751,data/raw/WHU_Mix_cities/dunedin/image/dunedin_29.tif,data/raw/WHU_Mix_cities/dunedin/label/dunedin_29.tif
train,dunedin,whu_mix,dunedin_177.tif,0,0,0,0,512,512,0.20387268,data/raw/WHU_Mix_cities/dunedin/image/dunedin_177.tif,data/raw/WHU_Mix_cities/dunedin/label/dunedin_177.tif
train,dunedin,whu_mix,dunedin_390.tif,0,0,0,0,512,512,0.07497406,data/raw/WHU_Mix_cities/dunedin/image/dunedin_390.tif,data/raw/WHU_Mix_cities/dunedin/label/dunedin_390.tif
train,dunedin,whu_mix,dunedin_502.tif,0,0,0,0,512,512,0.03318024,data/raw/WHU_Mix_cities/dunedin/image/dunedin_502.tif,data/raw/WHU_Mix_cities/dunedin/label/dunedin_502.tif
train,dunedin,whu_mix,dunedin_911.tif,0,0,0,0,512,512,0.11940002,data/raw/WHU_Mix_cities/dunedin/image/dunedin_911.tif,data/raw/WHU_Mix_cities/dunedin/label/dunedin_911.tif
train,dunedin,whu_mix,dunedin_421.tif,0,0,0,0,512,512,0.08068466,data/raw/WHU_Mix_cities/dunedin/image/dunedin_421.tif,data/raw/WHU_Mix_cities/dunedin/label/dunedin_421.tif
train,dunedin,whu_mix,dunedin_943.tif,0,0,0,0,512,512,0.29268265,data/raw/WHU_Mix_cities/dunedin/image/dunedin_943.tif,data/raw/WHU_Mix_cities/dunedin/label/dunedin_943.tif
train,dunedin,whu_mix,dunedin_132.tif,0,0,0,0,512,512,0.02664185,data/raw/WHU_Mix_cities/dunedin/image/dunedin_132.tif,data/raw/WHU_Mix_cities/dunedin/label/dunedin_132.tif
train,dunedin,whu_mix,dunedin_605.tif,0,0,0,0,512,512,0.20410156,data/raw/WHU_Mix_cities/dunedin/image/dunedin_605.tif,data/raw/WHU_Mix_cities/dunedin/label/dunedin_605.tif
train,dunedin,whu_mix,dunedin_52.tif,0,0,0,0,512,512,0.06364822,data/raw/WHU_Mix_cities/dunedin/image/dunedin_52.tif,data/raw/WHU_Mix_cities/dunedin/label/dunedin_52.tif
train,dunedin,whu_mix,dunedin_1223.tif,0,0,0,0,512,512,0.00000000,data/raw/WHU_Mix_cities/dunedin/image/dunedin_1223.tif,data/raw/WHU_Mix_cities/dunedin/label/dunedin_1223.tif
train,dunedin,whu_mix,dunedin_405.tif,0,0,0,0,512,512,0.00577164,data/raw/WHU_Mix_cities/dunedin/image/dunedin_405.tif,data/raw/WHU_Mix_cities/dunedin/label/dunedin_405.tif
train,dunedin,whu_mix,dunedin_339.tif,0,0,0,0,512,512,0.03816223,data/raw/WHU_Mix_cities/dunedin/image/dunedin_339.tif,data/raw/WHU_Mix_cities/dunedin/label/dunedin_339.tif
train,dunedin,whu_mix,dunedin_235.tif,0,0,0,0,512,512,0.30467987,data/raw/WHU_Mix_cities/dunedin/image/dunedin_235.tif,data/raw/WHU_Mix_cities/dunedin/label/dunedin_235.tif
train,dunedin,whu_mix,dunedin_348.tif,0,0,0,0,512,512,0.25366592,data/raw/WHU_Mix_cities/dunedin/image/dunedin_348.tif,data/raw/WHU_Mix_cities/dunedin/label/dunedin_348.tif
train,dunedin,whu_mix,dunedin_1075.tif,0,0,0,0,512,512,0.29016495,data/raw/WHU_Mix_cities/dunedin/image/dunedin_1075.tif,data/raw/WHU_Mix_cities/dunedin/label/dunedin_1075.tif
train,dunedin,whu_mix,dunedin_1231.tif,0,0,0,0,512,512,0.00000000,data/raw/WHU_Mix_cities/dunedin/image/dunedin_1231.tif,data/raw/WHU_Mix_cities/dunedin/label/dunedin_1231.tif
train,dunedin,whu_mix,dunedin_271.tif,0,0,0,0,512,512,0.22258759,data/raw/WHU_Mix_cities/dunedin/image/dunedin_271.tif,data/raw/WHU_Mix_cities/dunedin/label/dunedin_271.tif
train,dunedin,whu_mix,dunedin_386.tif,0,0,0,0,512,512,0.01141739,data/raw/WHU_Mix_cities/dunedin/image/dunedin_386.tif,data/raw/WHU_Mix_cities/dunedin/label/dunedin_386.tif
train,dunedin,whu_mix,dunedin_1082.tif,0,0,0,0,512,512,0.03633881,data/raw/WHU_Mix_cities/dunedin/image/dunedin_1082.tif,data/raw/WHU_Mix_cities/dunedin/label/dunedin_1082.tif
train,dunedin,whu_mix,dunedin_163.tif,0,0,0,0,512,512,0.14565659,data/raw/WHU_Mix_cities/dunedin/image/dunedin_163.tif,data/raw/WHU_Mix_cities/dunedin/label/dunedin_163.tif
train,dunedin,whu_mix,dunedin_1042.tif,0,0,0,0,512,512,0.14546967,data/raw/WHU_Mix_cities/dunedin/image/dunedin_1042.tif,data/raw/WHU_Mix_cities/dunedin/label/dunedin_1042.tif
train,dunedin,whu_mix,dunedin_446.tif,0,0,0,0,512,512,0.14575958,data/raw/WHU_Mix_cities/dunedin/image/dunedin_446.tif,data/raw/WHU_Mix_cities/dunedin/label/dunedin_446.tif
train,dunedin,whu_mix,dunedin_1087.tif,0,0,0,0,512,512,0.00000000,data/raw/WHU_Mix_cities/dunedin/image/dunedin_1087.tif,data/raw/WHU_Mix_cities/dunedin/label/dunedin_1087.tif
train,dunedin,whu_mix,dunedin_464.tif,0,0,0,0,512,512,0.20018768,data/raw/WHU_Mix_cities/dunedin/image/dunedin_464.tif,data/raw/WHU_Mix_cities/dunedin/label/dunedin_464.tif
train,dunedin,whu_mix,dunedin_740.tif,0,0,0,0,512,512,0.16292572,data/raw/WHU_Mix_cities/dunedin/image/dunedin_740.tif,data/raw/WHU_Mix_cities/dunedin/label/dunedin_740.tif
train,dunedin,whu_mix,dunedin_75.tif,0,0,0,0,512,512,0.13224030,data/raw/WHU_Mix_cities/dunedin/image/dunedin_75.tif,data/raw/WHU_Mix_cities/dunedin/label/dunedin_75.tif
train,dunedin,whu_mix,dunedin_1229.tif,0,0,0,0,512,512,0.00000000,data/raw/WHU_Mix_cities/dunedin/image/dunedin_1229.tif,data/raw/WHU_Mix_cities/dunedin/label/dunedin_1229.tif
train,dunedin,whu_mix,dunedin_494.tif,0,0,0,0,512,512,0.00000000,data/raw/WHU_Mix_cities/dunedin/image/dunedin_494.tif,data/raw/WHU_Mix_cities/dunedin/label/dunedin_494.tif
train,dunedin,whu_mix,dunedin_1049.tif,0,0,0,0,512,512,0.00000000,data/raw/WHU_Mix_cities/dunedin/image/dunedin_1049.tif,data/raw/WHU_Mix_cities/dunedin/label/dunedin_1049.tif
train,dunedin,whu_mix,dunedin_791.tif,0,0,0,0,512,512,0.18180466,data/raw/WHU_Mix_cities/dunedin/image/dunedin_791.tif,data/raw/WHU_Mix_cities/dunedin/label/dunedin_791.tif
train,dunedin,whu_mix,dunedin_692.tif,0,0,0,0,512,512,0.50365448,data/raw/WHU_Mix_cities/dunedin/image/dunedin_692.tif,data/raw/WHU_Mix_cities/dunedin/label/dunedin_692.tif
train,dunedin,whu_mix,dunedin_1201.tif,0,0,0,0,512,512,0.23965073,data/raw/WHU_Mix_cities/dunedin/image/dunedin_1201.tif,data/raw/WHU_Mix_cities/dunedin/label/dunedin_1201.tif
train,dunedin,whu_mix,dunedin_619.tif,0,0,0,0,512,512,0.45325851,data/raw/WHU_Mix_cities/dunedin/image/dunedin_619.tif,data/raw/WHU_Mix_cities/dunedin/label/dunedin_619.tif
train,dunedin,whu_mix,dunedin_28.tif,0,0,0,0,512,512,0.02116013,data/raw/WHU_Mix_cities/dunedin/image/dunedin_28.tif,data/raw/WHU_Mix_cities/dunedin/label/dunedin_28.tif
train,dunedin,whu_mix,dunedin_49.tif,0,0,0,0,512,512,0.05241394,data/raw/WHU_Mix_cities/dunedin/image/dunedin_49.tif,data/raw/WHU_Mix_cities/dunedin/label/dunedin_49.tif
train,dunedin,whu_mix,dunedin_892.tif,0,0,0,0,512,512,0.30707169,data/raw/WHU_Mix_cities/dunedin/image/dunedin_892.tif,data/raw/WHU_Mix_cities/dunedin/label/dunedin_892.tif
train,dunedin,whu_mix,dunedin_776.tif,0,0,0,0,512,512,0.27131653,data/raw/WHU_Mix_cities/dunedin/image/dunedin_776.tif,data/raw/WHU_Mix_cities/dunedin/label/dunedin_776.tif
train,dunedin,whu_mix,dunedin_437.tif,0,0,0,0,512,512,0.13896942,data/raw/WHU_Mix_cities/dunedin/image/dunedin_437.tif,data/raw/WHU_Mix_cities/dunedin/label/dunedin_437.tif
train,dunedin,whu_mix,dunedin_123.tif,0,0,0,0,512,512,0.32526398,data/raw/WHU_Mix_cities/dunedin/image/dunedin_123.tif,data/raw/WHU_Mix_cities/dunedin/label/dunedin_123.tif
train,dunedin,whu_mix,dunedin_994.tif,0,0,0,0,512,512,0.30594635,data/raw/WHU_Mix_cities/dunedin/image/dunedin_994.tif,data/raw/WHU_Mix_cities/dunedin/label/dunedin_994.tif
train,dunedin,whu_mix,dunedin_1221.tif,0,0,0,0,512,512,0.04407501,data/raw/WHU_Mix_cities/dunedin/image/dunedin_1221.tif,data/raw/WHU_Mix_cities/dunedin/label/dunedin_1221.tif
train,dunedin,whu_mix,dunedin_1217.tif,0,0,0,0,512,512,0.08956146,data/raw/WHU_Mix_cities/dunedin/image/dunedin_1217.tif,data/raw/WHU_Mix_cities/dunedin/label/dunedin_1217.tif
train,dunedin,whu_mix,dunedin_1092.tif,0,0,0,0,512,512,0.27381516,data/raw/WHU_Mix_cities/dunedin/image/dunedin_1092.tif,data/raw/WHU_Mix_cities/dunedin/label/dunedin_1092.tif
train,dunedin,whu_mix,dunedin_179.tif,0,0,0,0,512,512,0.20335388,data/raw/WHU_Mix_cities/dunedin/image/dunedin_179.tif,data/raw/WHU_Mix_cities/dunedin/label/dunedin_179.tif
train,dunedin,whu_mix,dunedin_1310.tif,0,0,0,0,512,512,0.00000000,data/raw/WHU_Mix_cities/dunedin/image/dunedin_1310.tif,data/raw/WHU_Mix_cities/dunedin/label/dunedin_1310.tif
train,dunedin,whu_mix,dunedin_352.tif,0,0,0,0,512,512,0.04523087,data/raw/WHU_Mix_cities/dunedin/image/dunedin_352.tif,data/raw/WHU_Mix_cities/dunedin/label/dunedin_352.tif
train,dunedin,whu_mix,dunedin_229.tif,0,0,0,0,512,512,0.25281906,data/raw/WHU_Mix_cities/dunedin/image/dunedin_229.tif,data/raw/WHU_Mix_cities/dunedin/label/dunedin_229.tif
train,dunedin,whu_mix,dunedin_835.tif,0,0,0,0,512,512,0.00000000,data/raw/WHU_Mix_cities/dunedin/image/dunedin_835.tif,data/raw/WHU_Mix_cities/dunedin/label/dunedin_835.tif
train,dunedin,whu_mix,dunedin_766.tif,0,0,0,0,512,512,0.37136459,data/raw/WHU_Mix_cities/dunedin/image/dunedin_766.tif,data/raw/WHU_Mix_cities/dunedin/label/dunedin_766.tif
train,dunedin,whu_mix,dunedin_1018.tif,0,0,0,0,512,512,0.23664474,data/raw/WHU_Mix_cities/dunedin/image/dunedin_1018.tif,data/raw/WHU_Mix_cities/dunedin/label/dunedin_1018.tif
train,dunedin,whu_mix,dunedin_318.tif,0,0,0,0,512,512,0.16744995,data/raw/WHU_Mix_cities/dunedin/image/dunedin_318.tif,data/raw/WHU_Mix_cities/dunedin/label/dunedin_318.tif
train,dunedin,whu_mix,dunedin_262.tif,0,0,0,0,512,512,0.20134354,data/raw/WHU_Mix_cities/dunedin/image/dunedin_262.tif,data/raw/WHU_Mix_cities/dunedin/label/dunedin_262.tif
train,dunedin,whu_mix,dunedin_1044.tif,0,0,0,0,512,512,0.13477325,data/raw/WHU_Mix_cities/dunedin/image/dunedin_1044.tif,data/raw/WHU_Mix_cities/dunedin/label/dunedin_1044.tif
train,dunedin,whu_mix,dunedin_1205.tif,0,0,0,0,512,512,0.33557510,data/raw/WHU_Mix_cities/dunedin/image/dunedin_1205.tif,data/raw/WHU_Mix_cities/dunedin/label/dunedin_1205.tif
train,dunedin,whu_mix,dunedin_987.tif,0,0,0,0,512,512,0.26502609,data/raw/WHU_Mix_cities/dunedin/image/dunedin_987.tif,data/raw/WHU_Mix_cities/dunedin/label/dunedin_987.tif
train,dunedin,whu_mix,dunedin_771.tif,0,0,0,0,512,512,0.31994629,data/raw/WHU_Mix_cities/dunedin/image/dunedin_771.tif,data/raw/WHU_Mix_cities/dunedin/label/dunedin_771.tif
train,dunedin,whu_mix,dunedin_470.tif,0,0,0,0,512,512,0.03188705,data/raw/WHU_Mix_cities/dunedin/image/dunedin_470.tif,data/raw/WHU_Mix_cities/dunedin/label/dunedin_470.tif
train,dunedin,whu_mix,dunedin_867.tif,0,0,0,0,512,512,0.11087036,data/raw/WHU_Mix_cities/dunedin/image/dunedin_867.tif,data/raw/WHU_Mix_cities/dunedin/label/dunedin_867.tif
train,dunedin,whu_mix,dunedin_406.tif,0,0,0,0,512,512,0.00000000,data/raw/WHU_Mix_cities/dunedin/image/dunedin_406.tif,data/raw/WHU_Mix_cities/dunedin/label/dunedin_406.tif
train,dunedin,whu_mix,dunedin_753.tif,0,0,0,0,512,512,0.25026321,data/raw/WHU_Mix_cities/dunedin/image/dunedin_753.tif,data/raw/WHU_Mix_cities/dunedin/label/dunedin_753.tif
train,dunedin,whu_mix,dunedin_960.tif,0,0,0,0,512,512,0.26887894,data/raw/WHU_Mix_cities/dunedin/image/dunedin_960.tif,data/raw/WHU_Mix_cities/dunedin/label/dunedin_960.tif
train,dunedin,whu_mix,dunedin_1193.tif,0,0,0,0,512,512,0.00000000,data/raw/WHU_Mix_cities/dunedin/image/dunedin_1193.tif,data/raw/WHU_Mix_cities/dunedin/label/dunedin_1193.tif
train,dunedin,whu_mix,dunedin_1110.tif,0,0,0,0,512,512,0.13506317,data/raw/WHU_Mix_cities/dunedin/image/dunedin_1110.tif,data/raw/WHU_Mix_cities/dunedin/label/dunedin_1110.tif
train,dunedin,whu_mix,dunedin_204.tif,0,0,0,0,512,512,0.26630020,data/raw/WHU_Mix_cities/dunedin/image/dunedin_204.tif,data/raw/WHU_Mix_cities/dunedin/label/dunedin_204.tif
train,dunedin,whu_mix,dunedin_158.tif,0,0,0,0,512,512,0.15050888,data/raw/WHU_Mix_cities/dunedin/image/dunedin_158.tif,data/raw/WHU_Mix_cities/dunedin/label/dunedin_158.tif
train,dunedin,whu_mix,dunedin_1268.tif,0,0,0,0,512,512,0.00000000,data/raw/WHU_Mix_cities/dunedin/image/dunedin_1268.tif,data/raw/WHU_Mix_cities/dunedin/label/dunedin_1268.tif
train,dunedin,whu_mix,dunedin_444.tif,0,0,0,0,512,512,0.19546127,data/raw/WHU_Mix_cities/dunedin/image/dunedin_444.tif,data/raw/WHU_Mix_cities/dunedin/label/dunedin_444.tif
train,dunedin,whu_mix,dunedin_634.tif,0,0,0,0,512,512,0.00000000,data/raw/WHU_Mix_cities/dunedin/image/dunedin_634.tif,data/raw/WHU_Mix_cities/dunedin/label/dunedin_634.tif
train,dunedin,whu_mix,dunedin_162.tif,0,0,0,0,512,512,0.12739182,data/raw/WHU_Mix_cities/dunedin/image/dunedin_162.tif,data/raw/WHU_Mix_cities/dunedin/label/dunedin_162.tif
train,dunedin,whu_mix,dunedin_921.tif,0,0,0,0,512,512,0.32544708,data/raw/WHU_Mix_cities/dunedin/image/dunedin_921.tif,data/raw/WHU_Mix_cities/dunedin/label/dunedin_921.tif
train,dunedin,whu_mix,dunedin_1228.tif,0,0,0,0,512,512,0.00000000,data/raw/WHU_Mix_cities/dunedin/image/dunedin_1228.tif,data/raw/WHU_Mix_cities/dunedin/label/dunedin_1228.tif
train,dunedin,whu_mix,dunedin_273.tif,0,0,0,0,512,512,0.00703049,data/raw/WHU_Mix_cities/dunedin/image/dunedin_273.tif,data/raw/WHU_Mix_cities/dunedin/label/dunedin_273.tif
train,dunedin,whu_mix,dunedin_17.tif,0,0,0,0,512,512,0.04014206,data/raw/WHU_Mix_cities/dunedin/image/dunedin_17.tif,data/raw/WHU_Mix_cities/dunedin/label/dunedin_17.tif
train,dunedin,whu_mix,dunedin_182.tif,0,0,0,0,512,512,0.05375671,data/raw/WHU_Mix_cities/dunedin/image/dunedin_182.tif,data/raw/WHU_Mix_cities/dunedin/label/dunedin_182.tif
train,dunedin,whu_mix,dunedin_429.tif,0,0,0,0,512,512,0.00000000,data/raw/WHU_Mix_cities/dunedin/image/dunedin_429.tif,data/raw/WHU_Mix_cities/dunedin/label/dunedin_429.tif
train,dunedin,whu_mix,dunedin_329.tif,0,0,0,0,512,512,0.13835526,data/raw/WHU_Mix_cities/dunedin/image/dunedin_329.tif,data/raw/WHU_Mix_cities/dunedin/label/dunedin_329.tif
train,dunedin,whu_mix,dunedin_340.tif,0,0,0,0,512,512,0.00795364,data/raw/WHU_Mix_cities/dunedin/image/dunedin_340.tif,data/raw/WHU_Mix_cities/dunedin/label/dunedin_340.tif
train,dunedin,whu_mix,dunedin_646.tif,0,0,0,0,512,512,0.14073181,data/raw/WHU_Mix_cities/dunedin/image/dunedin_646.tif,data/raw/WHU_Mix_cities/dunedin/label/dunedin_646.tif
train,dunedin,whu_mix,dunedin_122.tif,0,0,0,0,512,512,0.18402863,data/raw/WHU_Mix_cities/dunedin/image/dunedin_122.tif,data/raw/WHU_Mix_cities/dunedin/label/dunedin_122.tif
train,dunedin,whu_mix,dunedin_520.tif,0,0,0,0,512,512,0.00000000,data/raw/WHU_Mix_cities/dunedin/image/dunedin_520.tif,data/raw/WHU_Mix_cities/dunedin/label/dunedin_520.tif
train,dunedin,whu_mix,dunedin_1017.tif,0,0,0,0,512,512,0.24824142,data/raw/WHU_Mix_cities/dunedin/image/dunedin_1017.tif,data/raw/WHU_Mix_cities/dunedin/label/dunedin_1017.tif
train,dunedin,whu_mix,dunedin_493.tif,0,0,0,0,512,512,0.08233261,data/raw/WHU_Mix_cities/dunedin/image/dunedin_493.tif,data/raw/WHU_Mix_cities/dunedin/label/dunedin_493.tif
train,dunedin,whu_mix,dunedin_1273.tif,0,0,0,0,512,512,0.00000000,data/raw/WHU_Mix_cities/dunedin/image/dunedin_1273.tif,data/raw/WHU_Mix_cities/dunedin/label/dunedin_1273.tif
train,dunedin,whu_mix,dunedin_349.tif,0,0,0,0,512,512,0.24614716,data/raw/WHU_Mix_cities/dunedin/image/dunedin_349.tif,data/raw/WHU_Mix_cities/dunedin/label/dunedin_349.tif
train,dunedin,whu_mix,dunedin_1037.tif,0,0,0,0,512,512,0.27172089,data/raw/WHU_Mix_cities/dunedin/image/dunedin_1037.tif,data/raw/WHU_Mix_cities/dunedin/label/dunedin_1037.tif
train,dunedin,whu_mix,dunedin_1300.tif,0,0,0,0,512,512,0.00000000,data/raw/WHU_Mix_cities/dunedin/image/dunedin_1300.tif,data/raw/WHU_Mix_cities/dunedin/label/dunedin_1300.tif
train,dunedin,whu_mix,dunedin_1210.tif,0,0,0,0,512,512,0.00172043,data/raw/WHU_Mix_cities/dunedin/image/dunedin_1210.tif,data/raw/WHU_Mix_cities/dunedin/label/dunedin_1210.tif
train,dunedin,whu_mix,dunedin_1028.tif,0,0,0,0,512,512,0.26472855,data/raw/WHU_Mix_cities/dunedin/image/dunedin_1028.tif,data/raw/WHU_Mix_cities/dunedin/label/dunedin_1028.tif
train,dunedin,whu_mix,dunedin_788.tif,0,0,0,0,512,512,0.18765259,data/raw/WHU_Mix_cities/dunedin/image/dunedin_788.tif,data/raw/WHU_Mix_cities/dunedin/label/dunedin_788.tif
train,dunedin,whu_mix,dunedin_420.tif,0,0,0,0,512,512,0.03921890,data/raw/WHU_Mix_cities/dunedin/image/dunedin_420.tif,data/raw/WHU_Mix_cities/dunedin/label/dunedin_420.tif
train,dunedin,whu_mix,dunedin_1183.tif,0,0,0,0,512,512,0.14141083,data/raw/WHU_Mix_cities/dunedin/image/dunedin_1183.tif,data/raw/WHU_Mix_cities/dunedin/label/dunedin_1183.tif
train,dunedin,whu_mix,dunedin_193.tif,0,0,0,0,512,512,0.25064850,data/raw/WHU_Mix_cities/dunedin/image/dunedin_193.tif,data/raw/WHU_Mix_cities/dunedin/label/dunedin_193.tif
train,dunedin,whu_mix,dunedin_596.tif,0,0,0,0,512,512,0.00000000,data/raw/WHU_Mix_cities/dunedin/image/dunedin_596.tif,data/raw/WHU_Mix_cities/dunedin/label/dunedin_596.tif
train,dunedin,whu_mix,dunedin_718.tif,0,0,0,0,512,512,0.23180008,data/raw/WHU_Mix_cities/dunedin/image/dunedin_718.tif,data/raw/WHU_Mix_cities/dunedin/label/dunedin_718.tif
train,dunedin,whu_mix,dunedin_813.tif,0,0,0,0,512,512,0.21503448,data/raw/WHU_Mix_cities/dunedin/image/dunedin_813.tif,data/raw/WHU_Mix_cities/dunedin/label/dunedin_813.tif
train,dunedin,whu_mix,dunedin_428.tif,0,0,0,0,512,512,0.03412628,data/raw/WHU_Mix_cities/dunedin/image/dunedin_428.tif,data/raw/WHU_Mix_cities/dunedin/label/dunedin_428.tif
train,dunedin,whu_mix,dunedin_782.tif,0,0,0,0,512,512,0.24610519,data/raw/WHU_Mix_cities/dunedin/image/dunedin_782.tif,data/raw/WHU_Mix_cities/dunedin/label/dunedin_782.tif
train,dunedin,whu_mix,dunedin_450.tif,0,0,0,0,512,512,0.21578217,data/raw/WHU_Mix_cities/dunedin/image/dunedin_450.tif,data/raw/WHU_Mix_cities/dunedin/label/dunedin_450.tif
train,dunedin,whu_mix,dunedin_933.tif,0,0,0,0,512,512,0.21787262,data/raw/WHU_Mix_cities/dunedin/image/dunedin_933.tif,data/raw/WHU_Mix_cities/dunedin/label/dunedin_933.tif
train,dunedin,whu_mix,dunedin_1195.tif,0,0,0,0,512,512,0.00000000,data/raw/WHU_Mix_cities/dunedin/image/dunedin_1195.tif,data/raw/WHU_Mix_cities/dunedin/label/dunedin_1195.tif
train,dunedin,whu_mix,dunedin_971.tif,0,0,0,0,512,512,0.19414139,data/raw/WHU_Mix_cities/dunedin/image/dunedin_971.tif,data/raw/WHU_Mix_cities/dunedin/label/dunedin_971.tif
train,dunedin,whu_mix,dunedin_195.tif,0,0,0,0,512,512,0.00000000,data/raw/WHU_Mix_cities/dunedin/image/dunedin_195.tif,data/raw/WHU_Mix_cities/dunedin/label/dunedin_195.tif
train,dunedin,whu_mix,dunedin_659.tif,0,0,0,0,512,512,0.29508591,data/raw/WHU_Mix_cities/dunedin/image/dunedin_659.tif,data/raw/WHU_Mix_cities/dunedin/label/dunedin_659.tif
train,dunedin,whu_mix,dunedin_155.tif,0,0,0,0,512,512,0.08221817,data/raw/WHU_Mix_cities/dunedin/image/dunedin_155.tif,data/raw/WHU_Mix_cities/dunedin/label/dunedin_155.tif
train,dunedin,whu_mix,dunedin_22.tif,0,0,0,0,512,512,0.00419617,data/raw/WHU_Mix_cities/dunedin/image/dunedin_22.tif,data/raw/WHU_Mix_cities/dunedin/label/dunedin_22.tif
train,dunedin,whu_mix,dunedin_951.tif,0,0,0,0,512,512,0.31483078,data/raw/WHU_Mix_cities/dunedin/image/dunedin_951.tif,data/raw/WHU_Mix_cities/dunedin/label/dunedin_951.tif
train,dunedin,whu_mix,dunedin_507.tif,0,0,0,0,512,512,0.00000000,data/raw/WHU_Mix_cities/dunedin/image/dunedin_507.tif,data/raw/WHU_Mix_cities/dunedin/label/dunedin_507.tif
train,dunedin,whu_mix,dunedin_314.tif,0,0,0,0,512,512,0.22257233,data/raw/WHU_Mix_cities/dunedin/image/dunedin_314.tif,data/raw/WHU_Mix_cities/dunedin/label/dunedin_314.tif
train,dunedin,whu_mix,dunedin_154.tif,0,0,0,0,512,512,0.15738297,data/raw/WHU_Mix_cities/dunedin/image/dunedin_154.tif,data/raw/WHU_Mix_cities/dunedin/label/dunedin_154.tif
train,dunedin,whu_mix,dunedin_264.tif,0,0,0,0,512,512,0.15315628,data/raw/WHU_Mix_cities/dunedin/image/dunedin_264.tif,data/raw/WHU_Mix_cities/dunedin/label/dunedin_264.tif
train,dunedin,whu_mix,dunedin_914.tif,0,0,0,0,512,512,0.27652359,data/raw/WHU_Mix_cities/dunedin/image/dunedin_914.tif,data/raw/WHU_Mix_cities/dunedin/label/dunedin_914.tif
train,dunedin,whu_mix,dunedin_1292.tif,0,0,0,0,512,512,0.00000000,data/raw/WHU_Mix_cities/dunedin/image/dunedin_1292.tif,data/raw/WHU_Mix_cities/dunedin/label/dunedin_1292.tif
train,dunedin,whu_mix,dunedin_191.tif,0,0,0,0,512,512,0.18433380,data/raw/WHU_Mix_cities/dunedin/image/dunedin_191.tif,data/raw/WHU_Mix_cities/dunedin/label/dunedin_191.tif
train,dunedin,whu_mix,dunedin_275.tif,0,0,0,0,512,512,0.16293716,data/raw/WHU_Mix_cities/dunedin/image/dunedin_275.tif,data/raw/WHU_Mix_cities/dunedin/label/dunedin_275.tif
train,dunedin,whu_mix,dunedin_1101.tif,0,0,0,0,512,512,0.27413940,data/raw/WHU_Mix_cities/dunedin/image/dunedin_1101.tif,data/raw/WHU_Mix_cities/dunedin/label/dunedin_1101.tif
train,dunedin,whu_mix,dunedin_779.tif,0,0,0,0,512,512,0.21828461,data/raw/WHU_Mix_cities/dunedin/image/dunedin_779.tif,data/raw/WHU_Mix_cities/dunedin/label/dunedin_779.tif
train,dunedin,whu_mix,dunedin_417.tif,0,0,0,0,512,512,0.00000000,data/raw/WHU_Mix_cities/dunedin/image/dunedin_417.tif,data/raw/WHU_Mix_cities/dunedin/label/dunedin_417.tif
train,dunedin,whu_mix,dunedin_267.tif,0,0,0,0,512,512,0.26744843,data/raw/WHU_Mix_cities/dunedin/image/dunedin_267.tif,data/raw/WHU_Mix_cities/dunedin/label/dunedin_267.tif
train,dunedin,whu_mix,dunedin_41.tif,0,0,0,0,512,512,0.03234863,data/raw/WHU_Mix_cities/dunedin/image/dunedin_41.tif,data/raw/WHU_Mix_cities/dunedin/label/dunedin_41.tif
train,dunedin,whu_mix,dunedin_422.tif,0,0,0,0,512,512,0.04624176,data/raw/WHU_Mix_cities/dunedin/image/dunedin_422.tif,data/raw/WHU_Mix_cities/dunedin/label/dunedin_422.tif
train,dunedin,whu_mix,dunedin_110.tif,0,0,0,0,512,512,0.56769943,data/raw/WHU_Mix_cities/dunedin/image/dunedin_110.tif,data/raw/WHU_Mix_cities/dunedin/label/dunedin_110.tif
train,dunedin,whu_mix,dunedin_555.tif,0,0,0,0,512,512,0.20553970,data/raw/WHU_Mix_cities/dunedin/image/dunedin_555.tif,data/raw/WHU_Mix_cities/dunedin/label/dunedin_555.tif
train,dunedin,whu_mix,dunedin_1157.tif,0,0,0,0,512,512,0.00000000,data/raw/WHU_Mix_cities/dunedin/image/dunedin_1157.tif,data/raw/WHU_Mix_cities/dunedin/label/dunedin_1157.tif
train,dunedin,whu_mix,dunedin_1085.tif,0,0,0,0,512,512,0.00000000,data/raw/WHU_Mix_cities/dunedin/image/dunedin_1085.tif,data/raw/WHU_Mix_cities/dunedin/label/dunedin_1085.tif
train,dunedin,whu_mix,dunedin_76.tif,0,0,0,0,512,512,0.21186447,data/raw/WHU_Mix_cities/dunedin/image/dunedin_76.tif,data/raw/WHU_Mix_cities/dunedin/label/dunedin_76.tif
train,dunedin,whu_mix,dunedin_1144.tif,0,0,0,0,512,512,0.23360443,data/raw/WHU_Mix_cities/dunedin/image/dunedin_1144.tif,data/raw/WHU_Mix_cities/dunedin/label/dunedin_1144.tif
train,dunedin,whu_mix,dunedin_58.tif,0,0,0,0,512,512,0.13832092,data/raw/WHU_Mix_cities/dunedin/image/dunedin_58.tif,data/raw/WHU_Mix_cities/dunedin/label/dunedin_58.tif
train,dunedin,whu_mix,dunedin_694.tif,0,0,0,0,512,512,0.33137512,data/raw/WHU_Mix_cities/dunedin/image/dunedin_694.tif,data/raw/WHU_Mix_cities/dunedin/label/dunedin_694.tif
train,dunedin,whu_mix,dunedin_20.tif,0,0,0,0,512,512,0.17636108,data/raw/WHU_Mix_cities/dunedin/image/dunedin_20.tif,data/raw/WHU_Mix_cities/dunedin/label/dunedin_20.tif
train,dunedin,whu_mix,dunedin_302.tif,0,0,0,0,512,512,0.16848373,data/raw/WHU_Mix_cities/dunedin/image/dunedin_302.tif,data/raw/WHU_Mix_cities/dunedin/label/dunedin_302.tif
train,dunedin,whu_mix,dunedin_248.tif,0,0,0,0,512,512,0.20773697,data/raw/WHU_Mix_cities/dunedin/image/dunedin_248.tif,data/raw/WHU_Mix_cities/dunedin/label/dunedin_248.tif
train,dunedin,whu_mix,dunedin_793.tif,0,0,0,0,512,512,0.08790588,data/raw/WHU_Mix_cities/dunedin/image/dunedin_793.tif,data/raw/WHU_Mix_cities/dunedin/label/dunedin_793.tif
train,dunedin,whu_mix,dunedin_616.tif,0,0,0,0,512,512,0.12200546,data/raw/WHU_Mix_cities/dunedin/image/dunedin_616.tif,data/raw/WHU_Mix_cities/dunedin/label/dunedin_616.tif
train,dunedin,whu_mix,dunedin_906.tif,0,0,0,0,512,512,0.29389191,data/raw/WHU_Mix_cities/dunedin/image/dunedin_906.tif,data/raw/WHU_Mix_cities/dunedin/label/dunedin_906.tif
train,dunedin,whu_mix,dunedin_720.tif,0,0,0,0,512,512,0.29733658,data/raw/WHU_Mix_cities/dunedin/image/dunedin_720.tif,data/raw/WHU_Mix_cities/dunedin/label/dunedin_720.tif
train,dunedin,whu_mix,dunedin_34.tif,0,0,0,0,512,512,0.18013000,data/raw/WHU_Mix_cities/dunedin/image/dunedin_34.tif,data/raw/WHU_Mix_cities/dunedin/label/dunedin_34.tif
train,dunedin,whu_mix,dunedin_71.tif,0,0,0,0,512,512,0.15380859,data/raw/WHU_Mix_cities/dunedin/image/dunedin_71.tif,data/raw/WHU_Mix_cities/dunedin/label/dunedin_71.tif
train,dunedin,whu_mix,dunedin_376.tif,0,0,0,0,512,512,0.05200958,data/raw/WHU_Mix_cities/dunedin/image/dunedin_376.tif,data/raw/WHU_Mix_cities/dunedin/label/dunedin_376.tif
train,dunedin,whu_mix,dunedin_984.tif,0,0,0,0,512,512,0.03416824,data/raw/WHU_Mix_cities/dunedin/image/dunedin_984.tif,data/raw/WHU_Mix_cities/dunedin/label/dunedin_984.tif
train,dunedin,whu_mix,dunedin_419.tif,0,0,0,0,512,512,0.00000000,data/raw/WHU_Mix_cities/dunedin/image/dunedin_419.tif,data/raw/WHU_Mix_cities/dunedin/label/dunedin_419.tif
train,dunedin,whu_mix,dunedin_387.tif,0,0,0,0,512,512,0.02858353,data/raw/WHU_Mix_cities/dunedin/image/dunedin_387.tif,data/raw/WHU_Mix_cities/dunedin/label/dunedin_387.tif
train,dunedin,whu_mix,dunedin_454.tif,0,0,0,0,512,512,0.06368256,data/raw/WHU_Mix_cities/dunedin/image/dunedin_454.tif,data/raw/WHU_Mix_cities/dunedin/label/dunedin_454.tif
train,dunedin,whu_mix,dunedin_278.tif,0,0,0,0,512,512,0.15901184,data/raw/WHU_Mix_cities/dunedin/image/dunedin_278.tif,data/raw/WHU_Mix_cities/dunedin/label/dunedin_278.tif
train,dunedin,whu_mix,dunedin_949.tif,0,0,0,0,512,512,0.19413757,data/raw/WHU_Mix_cities/dunedin/image/dunedin_949.tif,data/raw/WHU_Mix_cities/dunedin/label/dunedin_949.tif
train,dunedin,whu_mix,dunedin_592.tif,0,0,0,0,512,512,0.19452286,data/raw/WHU_Mix_cities/dunedin/image/dunedin_592.tif,data/raw/WHU_Mix_cities/dunedin/label/dunedin_592.tif
train,dunedin,whu_mix,dunedin_1203.tif,0,0,0,0,512,512,0.22260666,data/raw/WHU_Mix_cities/dunedin/image/dunedin_1203.tif,data/raw/WHU_Mix_cities/dunedin/label/dunedin_1203.tif
train,dunedin,whu_mix,dunedin_636.tif,0,0,0,0,512,512,0.00000000,data/raw/WHU_Mix_cities/dunedin/image/dunedin_636.tif,data/raw/WHU_Mix_cities/dunedin/label/dunedin_636.tif
train,dunedin,whu_mix,dunedin_504.tif,0,0,0,0,512,512,0.13457870,data/raw/WHU_Mix_cities/dunedin/image/dunedin_504.tif,data/raw/WHU_Mix_cities/dunedin/label/dunedin_504.tif
train,dunedin,whu_mix,dunedin_336.tif,0,0,0,0,512,512,0.14981842,data/raw/WHU_Mix_cities/dunedin/image/dunedin_336.tif,data/raw/WHU_Mix_cities/dunedin/label/dunedin_336.tif
train,dunedin,whu_mix,dunedin_1233.tif,0,0,0,0,512,512,0.00000000,data/raw/WHU_Mix_cities/dunedin/image/dunedin_1233.tif,data/raw/WHU_Mix_cities/dunedin/label/dunedin_1233.tif
train,dunedin,whu_mix,dunedin_817.tif,0,0,0,0,512,512,0.22529602,data/raw/WHU_Mix_cities/dunedin/image/dunedin_817.tif,data/raw/WHU_Mix_cities/dunedin/label/dunedin_817.tif
train,dunedin,whu_mix,dunedin_760.tif,0,0,0,0,512,512,0.21071243,data/raw/WHU_Mix_cities/dunedin/image/dunedin_760.tif,data/raw/WHU_Mix_cities/dunedin/label/dunedin_760.tif
train,dunedin,whu_mix,dunedin_800.tif,0,0,0,0,512,512,0.36409760,data/raw/WHU_Mix_cities/dunedin/image/dunedin_800.tif,data/raw/WHU_Mix_cities/dunedin/label/dunedin_800.tif
train,dunedin,whu_mix,dunedin_983.tif,0,0,0,0,512,512,0.00000000,data/raw/WHU_Mix_cities/dunedin/image/dunedin_983.tif,data/raw/WHU_Mix_cities/dunedin/label/dunedin_983.tif
train,dunedin,whu_mix,dunedin_36.tif,0,0,0,0,512,512,0.16463470,data/raw/WHU_Mix_cities/dunedin/image/dunedin_36.tif,data/raw/WHU_Mix_cities/dunedin/label/dunedin_36.tif
train,dunedin,whu_mix,dunedin_1148.tif,0,0,0,0,512,512,0.00000000,data/raw/WHU_Mix_cities/dunedin/image/dunedin_1148.tif,data/raw/WHU_Mix_cities/dunedin/label/dunedin_1148.tif
train,dunedin,whu_mix,dunedin_1058.tif,0,0,0,0,512,512,0.32104492,data/raw/WHU_Mix_cities/dunedin/image/dunedin_1058.tif,data/raw/WHU_Mix_cities/dunedin/label/dunedin_1058.tif
train,dunedin,whu_mix,dunedin_321.tif,0,0,0,0,512,512,0.27239227,data/raw/WHU_Mix_cities/dunedin/image/dunedin_321.tif,data/raw/WHU_Mix_cities/dunedin/label/dunedin_321.tif
train,dunedin,whu_mix,dunedin_392.tif,0,0,0,0,512,512,0.00000000,data/raw/WHU_Mix_cities/dunedin/image/dunedin_392.tif,data/raw/WHU_Mix_cities/dunedin/label/dunedin_392.tif
train,dunedin,whu_mix,dunedin_1046.tif,0,0,0,0,512,512,0.00514984,data/raw/WHU_Mix_cities/dunedin/image/dunedin_1046.tif,data/raw/WHU_Mix_cities/dunedin/label/dunedin_1046.tif
train,dunedin,whu_mix,dunedin_479.tif,0,0,0,0,512,512,0.24201584,data/raw/WHU_Mix_cities/dunedin/image/dunedin_479.tif,data/raw/WHU_Mix_cities/dunedin/label/dunedin_479.tif
train,dunedin,whu_mix,dunedin_945.tif,0,0,0,0,512,512,0.26227188,data/raw/WHU_Mix_cities/dunedin/image/dunedin_945.tif,data/raw/WHU_Mix_cities/dunedin/label/dunedin_945.tif
train,dunedin,whu_mix,dunedin_435.tif,0,0,0,0,512,512,0.18586731,data/raw/WHU_Mix_cities/dunedin/image/dunedin_435.tif,data/raw/WHU_Mix_cities/dunedin/label/dunedin_435.tif
train,dunedin,whu_mix,dunedin_543.tif,0,0,0,0,512,512,0.02669907,data/raw/WHU_Mix_cities/dunedin/image/dunedin_543.tif,data/raw/WHU_Mix_cities/dunedin/label/dunedin_543.tif
train,dunedin,whu_mix,dunedin_880.tif,0,0,0,0,512,512,0.27640152,data/raw/WHU_Mix_cities/dunedin/image/dunedin_880.tif,data/raw/WHU_Mix_cities/dunedin/label/dunedin_880.tif
train,dunedin,whu_mix,dunedin_482.tif,0,0,0,0,512,512,0.01463318,data/raw/WHU_Mix_cities/dunedin/image/dunedin_482.tif,data/raw/WHU_Mix_cities/dunedin/label/dunedin_482.tif
train,dunedin,whu_mix,dunedin_477.tif,0,0,0,0,512,512,0.18500519,data/raw/WHU_Mix_cities/dunedin/image/dunedin_477.tif,data/raw/WHU_Mix_cities/dunedin/label/dunedin_477.tif
train,dunedin,whu_mix,dunedin_531.tif,0,0,0,0,512,512,0.15659332,data/raw/WHU_Mix_cities/dunedin/image/dunedin_531.tif,data/raw/WHU_Mix_cities/dunedin/label/dunedin_531.tif
train,dunedin,whu_mix,dunedin_1197.tif,0,0,0,0,512,512,0.00000000,data/raw/WHU_Mix_cities/dunedin/image/dunedin_1197.tif,data/raw/WHU_Mix_cities/dunedin/label/dunedin_1197.tif
train,dunedin,whu_mix,dunedin_1007.tif,0,0,0,0,512,512,0.23659134,data/raw/WHU_Mix_cities/dunedin/image/dunedin_1007.tif,data/raw/WHU_Mix_cities/dunedin/label/dunedin_1007.tif
train,dunedin,whu_mix,dunedin_381.tif,0,0,0,0,512,512,0.06154633,data/raw/WHU_Mix_cities/dunedin/image/dunedin_381.tif,data/raw/WHU_Mix_cities/dunedin/label/dunedin_381.tif
train,dunedin,whu_mix,dunedin_1061.tif,0,0,0,0,512,512,0.23075485,data/raw/WHU_Mix_cities/dunedin/image/dunedin_1061.tif,data/raw/WHU_Mix_cities/dunedin/label/dunedin_1061.tif
train,dunedin,whu_mix,dunedin_68.tif,0,0,0,0,512,512,0.00000000,data/raw/WHU_Mix_cities/dunedin/image/dunedin_68.tif,data/raw/WHU_Mix_cities/dunedin/label/dunedin_68.tif
train,dunedin,whu_mix,dunedin_125.tif,0,0,0,0,512,512,0.05746460,data/raw/WHU_Mix_cities/dunedin/image/dunedin_125.tif,data/raw/WHU_Mix_cities/dunedin/label/dunedin_125.tif
train,dunedin,whu_mix,dunedin_197.tif,0,0,0,0,512,512,0.00068283,data/raw/WHU_Mix_cities/dunedin/image/dunedin_197.tif,data/raw/WHU_Mix_cities/dunedin/label/dunedin_197.tif
train,dunedin,whu_mix,dunedin_237.tif,0,0,0,0,512,512,0.08747482,data/raw/WHU_Mix_cities/dunedin/image/dunedin_237.tif,data/raw/WHU_Mix_cities/dunedin/label/dunedin_237.tif
train,dunedin,whu_mix,dunedin_850.tif,0,0,0,0,512,512,0.20904160,data/raw/WHU_Mix_cities/dunedin/image/dunedin_850.tif,data/raw/WHU_Mix_cities/dunedin/label/dunedin_850.tif
train,dunedin,whu_mix,dunedin_1256.tif,0,0,0,0,512,512,0.00000000,data/raw/WHU_Mix_cities/dunedin/image/dunedin_1256.tif,data/raw/WHU_Mix_cities/dunedin/label/dunedin_1256.tif
train,dunedin,whu_mix,dunedin_917.tif,0,0,0,0,512,512,0.28601074,data/raw/WHU_Mix_cities/dunedin/image/dunedin_917.tif,data/raw/WHU_Mix_cities/dunedin/label/dunedin_917.tif
train,dunedin,whu_mix,dunedin_119.tif,0,0,0,0,512,512,0.18559265,data/raw/WHU_Mix_cities/dunedin/image/dunedin_119.tif,data/raw/WHU_Mix_cities/dunedin/label/dunedin_119.tif
train,dunedin,whu_mix,dunedin_98.tif,0,0,0,0,512,512,0.43272018,data/raw/WHU_Mix_cities/dunedin/image/dunedin_98.tif,data/raw/WHU_Mix_cities/dunedin/label/dunedin_98.tif
train,dunedin,whu_mix,dunedin_104.tif,0,0,0,0,512,512,0.08359909,data/raw/WHU_Mix_cities/dunedin/image/dunedin_104.tif,data/raw/WHU_Mix_cities/dunedin/label/dunedin_104.tif
train,dunedin,whu_mix,dunedin_363.tif,0,0,0,0,512,512,0.02867889,data/raw/WHU_Mix_cities/dunedin/image/dunedin_363.tif,data/raw/WHU_Mix_cities/dunedin/label/dunedin_363.tif
train,dunedin,whu_mix,dunedin_841.tif,0,0,0,0,512,512,0.31365967,data/raw/WHU_Mix_cities/dunedin/image/dunedin_841.tif,data/raw/WHU_Mix_cities/dunedin/label/dunedin_841.tif
train,dunedin,whu_mix,dunedin_908.tif,0,0,0,0,512,512,0.31769562,data/raw/WHU_Mix_cities/dunedin/image/dunedin_908.tif,data/raw/WHU_Mix_cities/dunedin/label/dunedin_908.tif
train,dunedin,whu_mix,dunedin_1260.tif,0,0,0,0,512,512,0.00000000,data/raw/WHU_Mix_cities/dunedin/image/dunedin_1260.tif,data/raw/WHU_Mix_cities/dunedin/label/dunedin_1260.tif
train,dunedin,whu_mix,dunedin_953.tif,0,0,0,0,512,512,0.25221634,data/raw/WHU_Mix_cities/dunedin/image/dunedin_953.tif,data/raw/WHU_Mix_cities/dunedin/label/dunedin_953.tif
train,dunedin,whu_mix,dunedin_702.tif,0,0,0,0,512,512,0.26664734,data/raw/WHU_Mix_cities/dunedin/image/dunedin_702.tif,data/raw/WHU_Mix_cities/dunedin/label/dunedin_702.tif
train,dunedin,whu_mix,dunedin_937.tif,0,0,0,0,512,512,0.18300629,data/raw/WHU_Mix_cities/dunedin/image/dunedin_937.tif,data/raw/WHU_Mix_cities/dunedin/label/dunedin_937.tif
train,dunedin,whu_mix,dunedin_883.tif,0,0,0,0,512,512,0.32932281,data/raw/WHU_Mix_cities/dunedin/image/dunedin_883.tif,data/raw/WHU_Mix_cities/dunedin/label/dunedin_883.tif
train,dunedin,whu_mix,dunedin_977.tif,0,0,0,0,512,512,0.20831680,data/raw/WHU_Mix_cities/dunedin/image/dunedin_977.tif,data/raw/WHU_Mix_cities/dunedin/label/dunedin_977.tif
train,dunedin,whu_mix,dunedin_1211.tif,0,0,0,0,512,512,0.19211578,data/raw/WHU_Mix_cities/dunedin/image/dunedin_1211.tif,data/raw/WHU_Mix_cities/dunedin/label/dunedin_1211.tif
train,dunedin,whu_mix,dunedin_294.tif,0,0,0,0,512,512,0.25209045,data/raw/WHU_Mix_cities/dunedin/image/dunedin_294.tif,data/raw/WHU_Mix_cities/dunedin/label/dunedin_294.tif
train,dunedin,whu_mix,dunedin_212.tif,0,0,0,0,512,512,0.19071579,data/raw/WHU_Mix_cities/dunedin/image/dunedin_212.tif,data/raw/WHU_Mix_cities/dunedin/label/dunedin_212.tif
train,dunedin,whu_mix,dunedin_313.tif,0,0,0,0,512,512,0.11823654,data/raw/WHU_Mix_cities/dunedin/image/dunedin_313.tif,data/raw/WHU_Mix_cities/dunedin/label/dunedin_313.tif
train,dunedin,whu_mix,dunedin_693.tif,0,0,0,0,512,512,0.51791000,data/raw/WHU_Mix_cities/dunedin/image/dunedin_693.tif,data/raw/WHU_Mix_cities/dunedin/label/dunedin_693.tif
train,dunedin,whu_mix,dunedin_92.tif,0,0,0,0,512,512,0.00000000,data/raw/WHU_Mix_cities/dunedin/image/dunedin_92.tif,data/raw/WHU_Mix_cities/dunedin/label/dunedin_92.tif
train,dunedin,whu_mix,dunedin_135.tif,0,0,0,0,512,512,0.25389481,data/raw/WHU_Mix_cities/dunedin/image/dunedin_135.tif,data/raw/WHU_Mix_cities/dunedin/label/dunedin_135.tif
train,dunedin,whu_mix,dunedin_988.tif,0,0,0,0,512,512,0.27956772,data/raw/WHU_Mix_cities/dunedin/image/dunedin_988.tif,data/raw/WHU_Mix_cities/dunedin/label/dunedin_988.tif
train,dunedin,whu_mix,dunedin_1158.tif,0,0,0,0,512,512,0.00000000,data/raw/WHU_Mix_cities/dunedin/image/dunedin_1158.tif,data/raw/WHU_Mix_cities/dunedin/label/dunedin_1158.tif
train,dunedin,whu_mix,dunedin_801.tif,0,0,0,0,512,512,0.35403442,data/raw/WHU_Mix_cities/dunedin/image/dunedin_801.tif,data/raw/WHU_Mix_cities/dunedin/label/dunedin_801.tif
train,dunedin,whu_mix,dunedin_434.tif,0,0,0,0,512,512,0.16460037,data/raw/WHU_Mix_cities/dunedin/image/dunedin_434.tif,data/raw/WHU_Mix_cities/dunedin/label/dunedin_434.tif
train,dunedin,whu_mix,dunedin_918.tif,0,0,0,0,512,512,0.28284454,data/raw/WHU_Mix_cities/dunedin/image/dunedin_918.tif,data/raw/WHU_Mix_cities/dunedin/label/dunedin_918.tif
train,dunedin,whu_mix,dunedin_626.tif,0,0,0,0,512,512,0.39917374,data/raw/WHU_Mix_cities/dunedin/image/dunedin_626.tif,data/raw/WHU_Mix_cities/dunedin/label/dunedin_626.tif
train,dunedin,whu_mix,dunedin_1146.tif,0,0,0,0,512,512,0.01784897,data/raw/WHU_Mix_cities/dunedin/image/dunedin_1146.tif,data/raw/WHU_Mix_cities/dunedin/label/dunedin_1146.tif
train,dunedin,whu_mix,dunedin_747.tif,0,0,0,0,512,512,0.22138214,data/raw/WHU_Mix_cities/dunedin/image/dunedin_747.tif,data/raw/WHU_Mix_cities/dunedin/label/dunedin_747.tif
train,dunedin,whu_mix,dunedin_161.tif,0,0,0,0,512,512,0.25068665,data/raw/WHU_Mix_cities/dunedin/image/dunedin_161.tif,data/raw/WHU_Mix_cities/dunedin/label/dunedin_161.tif
train,dunedin,whu_mix,dunedin_855.tif,0,0,0,0,512,512,0.24804306,data/raw/WHU_Mix_cities/dunedin/image/dunedin_855.tif,data/raw/WHU_Mix_cities/dunedin/label/dunedin_855.tif
train,dunedin,whu_mix,dunedin_822.tif,0,0,0,0,512,512,0.06960678,data/raw/WHU_Mix_cities/dunedin/image/dunedin_822.tif,data/raw/WHU_Mix_cities/dunedin/label/dunedin_822.tif
train,dunedin,whu_mix,dunedin_1253.tif,0,0,0,0,512,512,0.00000000,data/raw/WHU_Mix_cities/dunedin/image/dunedin_1253.tif,data/raw/WHU_Mix_cities/dunedin/label/dunedin_1253.tif
train,dunedin,whu_mix,dunedin_590.tif,0,0,0,0,512,512,0.40801239,data/raw/WHU_Mix_cities/dunedin/image/dunedin_590.tif,data/raw/WHU_Mix_cities/dunedin/label/dunedin_590.tif
train,dunedin,whu_mix,dunedin_1241.tif,0,0,0,0,512,512,0.33665848,data/raw/WHU_Mix_cities/dunedin/image/dunedin_1241.tif,data/raw/WHU_Mix_cities/dunedin/label/dunedin_1241.tif
train,dunedin,whu_mix,dunedin_1003.tif,0,0,0,0,512,512,0.02540207,data/raw/WHU_Mix_cities/dunedin/image/dunedin_1003.tif,data/raw/WHU_Mix_cities/dunedin/label/dunedin_1003.tif
train,dunedin,whu_mix,dunedin_106.tif,0,0,0,0,512,512,0.07508087,data/raw/WHU_Mix_cities/dunedin/image/dunedin_106.tif,data/raw/WHU_Mix_cities/dunedin/label/dunedin_106.tif
train,dunedin,whu_mix,dunedin_77.tif,0,0,0,0,512,512,0.03888702,data/raw/WHU_Mix_cities/dunedin/image/dunedin_77.tif,data/raw/WHU_Mix_cities/dunedin/label/dunedin_77.tif
train,dunedin,whu_mix,dunedin_1263.tif,0,0,0,0,512,512,0.00000000,data/raw/WHU_Mix_cities/dunedin/image/dunedin_1263.tif,data/raw/WHU_Mix_cities/dunedin/label/dunedin_1263.tif
train,dunedin,whu_mix,dunedin_828.tif,0,0,0,0,512,512,0.15882492,data/raw/WHU_Mix_cities/dunedin/image/dunedin_828.tif,data/raw/WHU_Mix_cities/dunedin/label/dunedin_828.tif
train,dunedin,whu_mix,dunedin_183.tif,0,0,0,0,512,512,0.00118637,data/raw/WHU_Mix_cities/dunedin/image/dunedin_183.tif,data/raw/WHU_Mix_cities/dunedin/label/dunedin_183.tif
train,dunedin,whu_mix,dunedin_395.tif,0,0,0,0,512,512,0.01633072,data/raw/WHU_Mix_cities/dunedin/image/dunedin_395.tif,data/raw/WHU_Mix_cities/dunedin/label/dunedin_395.tif
train,dunedin,whu_mix,dunedin_156.tif,0,0,0,0,512,512,0.03012085,data/raw/WHU_Mix_cities/dunedin/image/dunedin_156.tif,data/raw/WHU_Mix_cities/dunedin/label/dunedin_156.tif
train,dunedin,whu_mix,dunedin_1134.tif,0,0,0,0,512,512,0.28112411,data/raw/WHU_Mix_cities/dunedin/image/dunedin_1134.tif,data/raw/WHU_Mix_cities/dunedin/label/dunedin_1134.tif
train,dunedin,whu_mix,dunedin_975.tif,0,0,0,0,512,512,0.19611359,data/raw/WHU_Mix_cities/dunedin/image/dunedin_975.tif,data/raw/WHU_Mix_cities/dunedin/label/dunedin_975.tif
train,dunedin,whu_mix,dunedin_895.tif,0,0,0,0,512,512,0.25631332,data/raw/WHU_Mix_cities/dunedin/image/dunedin_895.tif,data/raw/WHU_Mix_cities/dunedin/label/dunedin_895.tif
train,dunedin,whu_mix,dunedin_606.tif,0,0,0,0,512,512,0.17451859,data/raw/WHU_Mix_cities/dunedin/image/dunedin_606.tif,data/raw/WHU_Mix_cities/dunedin/label/dunedin_606.tif
train,dunedin,whu_mix,dunedin_424.tif,0,0,0,0,512,512,0.00000000,data/raw/WHU_Mix_cities/dunedin/image/dunedin_424.tif,data/raw/WHU_Mix_cities/dunedin/label/dunedin_424.tif
train,dunedin,whu_mix,dunedin_467.tif,0,0,0,0,512,512,0.06921768,data/raw/WHU_Mix_cities/dunedin/image/dunedin_467.tif,data/raw/WHU_Mix_cities/dunedin/label/dunedin_467.tif
train,dunedin,whu_mix,dunedin_484.tif,0,0,0,0,512,512,0.10841751,data/raw/WHU_Mix_cities/dunedin/image/dunedin_484.tif,data/raw/WHU_Mix_cities/dunedin/label/dunedin_484.tif
train,dunedin,whu_mix,dunedin_70.tif,0,0,0,0,512,512,0.02002716,data/raw/WHU_Mix_cities/dunedin/image/dunedin_70.tif,data/raw/WHU_Mix_cities/dunedin/label/dunedin_70.tif
train,dunedin,whu_mix,dunedin_897.tif,0,0,0,0,512,512,0.17604828,data/raw/WHU_Mix_cities/dunedin/image/dunedin_897.tif,data/raw/WHU_Mix_cities/dunedin/label/dunedin_897.tif
train,dunedin,whu_mix,dunedin_394.tif,0,0,0,0,512,512,0.00000000,data/raw/WHU_Mix_cities/dunedin/image/dunedin_394.tif,data/raw/WHU_Mix_cities/dunedin/label/dunedin_394.tif
train,dunedin,whu_mix,dunedin_981.tif,0,0,0,0,512,512,0.21481323,data/raw/WHU_Mix_cities/dunedin/image/dunedin_981.tif,data/raw/WHU_Mix_cities/dunedin/label/dunedin_981.tif
train,dunedin,whu_mix,dunedin_343.tif,0,0,0,0,512,512,0.18524551,data/raw/WHU_Mix_cities/dunedin/image/dunedin_343.tif,data/raw/WHU_Mix_cities/dunedin/label/dunedin_343.tif
train,dunedin,whu_mix,dunedin_141.tif,0,0,0,0,512,512,0.23663712,data/raw/WHU_Mix_cities/dunedin/image/dunedin_141.tif,data/raw/WHU_Mix_cities/dunedin/label/dunedin_141.tif
train,dunedin,whu_mix,dunedin_1094.tif,0,0,0,0,512,512,0.22810745,data/raw/WHU_Mix_cities/dunedin/image/dunedin_1094.tif,data/raw/WHU_Mix_cities/dunedin/label/dunedin_1094.tif
train,dunedin,whu_mix,dunedin_991.tif,0,0,0,0,512,512,0.24539566,data/raw/WHU_Mix_cities/dunedin/image/dunedin_991.tif,data/raw/WHU_Mix_cities/dunedin/label/dunedin_991.tif
train,dunedin,whu_mix,dunedin_46.tif,0,0,0,0,512,512,0.19222260,data/raw/WHU_Mix_cities/dunedin/image/dunedin_46.tif,data/raw/WHU_Mix_cities/dunedin/label/dunedin_46.tif
train,dunedin,whu_mix,dunedin_1189.tif,0,0,0,0,512,512,0.00000000,data/raw/WHU_Mix_cities/dunedin/image/dunedin_1189.tif,data/raw/WHU_Mix_cities/dunedin/label/dunedin_1189.tif
train,dunedin,whu_mix,dunedin_611.tif,0,0,0,0,512,512,0.00092697,data/raw/WHU_Mix_cities/dunedin/image/dunedin_611.tif,data/raw/WHU_Mix_cities/dunedin/label/dunedin_611.tif
train,dunedin,whu_mix,dunedin_1097.tif,0,0,0,0,512,512,0.24680710,data/raw/WHU_Mix_cities/dunedin/image/dunedin_1097.tif,data/raw/WHU_Mix_cities/dunedin/label/dunedin_1097.tif
train,dunedin,whu_mix,dunedin_566.tif,0,0,0,0,512,512,0.08533859,data/raw/WHU_Mix_cities/dunedin/image/dunedin_566.tif,data/raw/WHU_Mix_cities/dunedin/label/dunedin_566.tif
train,dunedin,whu_mix,dunedin_510.tif,0,0,0,0,512,512,0.13891220,data/raw/WHU_Mix_cities/dunedin/image/dunedin_510.tif,data/raw/WHU_Mix_cities/dunedin/label/dunedin_510.tif
train,dunedin,whu_mix,dunedin_255.tif,0,0,0,0,512,512,0.20896149,data/raw/WHU_Mix_cities/dunedin/image/dunedin_255.tif,data/raw/WHU_Mix_cities/dunedin/label/dunedin_255.tif
train,dunedin,whu_mix,dunedin_899.tif,0,0,0,0,512,512,0.18564987,data/raw/WHU_Mix_cities/dunedin/image/dunedin_899.tif,data/raw/WHU_Mix_cities/dunedin/label/dunedin_899.tif
train,dunedin,whu_mix,dunedin_220.tif,0,0,0,0,512,512,0.12113953,data/raw/WHU_Mix_cities/dunedin/image/dunedin_220.tif,data/raw/WHU_Mix_cities/dunedin/label/dunedin_220.tif
train,dunedin,whu_mix,dunedin_545.tif,0,0,0,0,512,512,0.04148483,data/raw/WHU_Mix_cities/dunedin/image/dunedin_545.tif,data/raw/WHU_Mix_cities/dunedin/label/dunedin_545.tif
train,dunedin,whu_mix,dunedin_705.tif,0,0,0,0,512,512,0.20440292,data/raw/WHU_Mix_cities/dunedin/image/dunedin_705.tif,data/raw/WHU_Mix_cities/dunedin/label/dunedin_705.tif
train,dunedin,whu_mix,dunedin_263.tif,0,0,0,0,512,512,0.15653229,data/raw/WHU_Mix_cities/dunedin/image/dunedin_263.tif,data/raw/WHU_Mix_cities/dunedin/label/dunedin_263.tif
train,dunedin,whu_mix,dunedin_552.tif,0,0,0,0,512,512,0.12313461,data/raw/WHU_Mix_cities/dunedin/image/dunedin_552.tif,data/raw/WHU_Mix_cities/dunedin/label/dunedin_552.tif
train,dunedin,whu_mix,dunedin_82.tif,0,0,0,0,512,512,0.11438751,data/raw/WHU_Mix_cities/dunedin/image/dunedin_82.tif,data/raw/WHU_Mix_cities/dunedin/label/dunedin_82.tif
train,dunedin,whu_mix,dunedin_532.tif,0,0,0,0,512,512,0.04636765,data/raw/WHU_Mix_cities/dunedin/image/dunedin_532.tif,data/raw/WHU_Mix_cities/dunedin/label/dunedin_532.tif
train,dunedin,whu_mix,dunedin_980.tif,0,0,0,0,512,512,0.24209976,data/raw/WHU_Mix_cities/dunedin/image/dunedin_980.tif,data/raw/WHU_Mix_cities/dunedin/label/dunedin_980.tif
train,dunedin,whu_mix,dunedin_1171.tif,0,0,0,0,512,512,0.20652008,data/raw/WHU_Mix_cities/dunedin/image/dunedin_1171.tif,data/raw/WHU_Mix_cities/dunedin/label/dunedin_1171.tif
train,dunedin,whu_mix,dunedin_1081.tif,0,0,0,0,512,512,0.43463516,data/raw/WHU_Mix_cities/dunedin/image/dunedin_1081.tif,data/raw/WHU_Mix_cities/dunedin/label/dunedin_1081.tif
train,dunedin,whu_mix,dunedin_290.tif,0,0,0,0,512,512,0.16682816,data/raw/WHU_Mix_cities/dunedin/image/dunedin_290.tif,data/raw/WHU_Mix_cities/dunedin/label/dunedin_290.tif
train,dunedin,whu_mix,dunedin_915.tif,0,0,0,0,512,512,0.34843826,data/raw/WHU_Mix_cities/dunedin/image/dunedin_915.tif,data/raw/WHU_Mix_cities/dunedin/label/dunedin_915.tif
train,dunedin,whu_mix,dunedin_1216.tif,0,0,0,0,512,512,0.39268494,data/raw/WHU_Mix_cities/dunedin/image/dunedin_1216.tif,data/raw/WHU_Mix_cities/dunedin/label/dunedin_1216.tif
train,dunedin,whu_mix,dunedin_1002.tif,0,0,0,0,512,512,0.19144058,data/raw/WHU_Mix_cities/dunedin/image/dunedin_1002.tif,data/raw/WHU_Mix_cities/dunedin/label/dunedin_1002.tif
train,dunedin,whu_mix,dunedin_232.tif,0,0,0,0,512,512,0.21191025,data/raw/WHU_Mix_cities/dunedin/image/dunedin_232.tif,data/raw/WHU_Mix_cities/dunedin/label/dunedin_232.tif
train,dunedin,whu_mix,dunedin_546.tif,0,0,0,0,512,512,0.17143250,data/raw/WHU_Mix_cities/dunedin/image/dunedin_546.tif,data/raw/WHU_Mix_cities/dunedin/label/dunedin_546.tif
train,dunedin,whu_mix,dunedin_816.tif,0,0,0,0,512,512,0.27402115,data/raw/WHU_Mix_cities/dunedin/image/dunedin_816.tif,data/raw/WHU_Mix_cities/dunedin/label/dunedin_816.tif
train,dunedin,whu_mix,dunedin_792.tif,0,0,0,0,512,512,0.23044968,data/raw/WHU_Mix_cities/dunedin/image/dunedin_792.tif,data/raw/WHU_Mix_cities/dunedin/label/dunedin_792.tif
train,dunedin,whu_mix,dunedin_93.tif,0,0,0,0,512,512,0.06269836,data/raw/WHU_Mix_cities/dunedin/image/dunedin_93.tif,data/raw/WHU_Mix_cities/dunedin/label/dunedin_93.tif
train,dunedin,whu_mix,dunedin_944.tif,0,0,0,0,512,512,0.31964493,data/raw/WHU_Mix_cities/dunedin/image/dunedin_944.tif,data/raw/WHU_Mix_cities/dunedin/label/dunedin_944.tif
train,dunedin,whu_mix,dunedin_137.tif,0,0,0,0,512,512,0.07569122,data/raw/WHU_Mix_cities/dunedin/image/dunedin_137.tif,data/raw/WHU_Mix_cities/dunedin/label/dunedin_137.tif
train,dunedin,whu_mix,dunedin_625.tif,0,0,0,0,512,512,0.21495056,data/raw/WHU_Mix_cities/dunedin/image/dunedin_625.tif,data/raw/WHU_Mix_cities/dunedin/label/dunedin_625.tif
train,dunedin,whu_mix,dunedin_970.tif,0,0,0,0,512,512,0.19108200,data/raw/WHU_Mix_cities/dunedin/image/dunedin_970.tif,data/raw/WHU_Mix_cities/dunedin/label/dunedin_970.tif
train,dunedin,whu_mix,dunedin_749.tif,0,0,0,0,512,512,0.15690231,data/raw/WHU_Mix_cities/dunedin/image/dunedin_749.tif,data/raw/WHU_Mix_cities/dunedin/label/dunedin_749.tif
train,dunedin,whu_mix,dunedin_33.tif,0,0,0,0,512,512,0.17927551,data/raw/WHU_Mix_cities/dunedin/image/dunedin_33.tif,data/raw/WHU_Mix_cities/dunedin/label/dunedin_33.tif
train,dunedin,whu_mix,dunedin_778.tif,0,0,0,0,512,512,0.17467880,data/raw/WHU_Mix_cities/dunedin/image/dunedin_778.tif,data/raw/WHU_Mix_cities/dunedin/label/dunedin_778.tif
train,dunedin,whu_mix,dunedin_15.tif,0,0,0,0,512,512,0.03979492,data/raw/WHU_Mix_cities/dunedin/image/dunedin_15.tif,data/raw/WHU_Mix_cities/dunedin/label/dunedin_15.tif
train,dunedin,whu_mix,dunedin_831.tif,0,0,0,0,512,512,0.26610565,data/raw/WHU_Mix_cities/dunedin/image/dunedin_831.tif,data/raw/WHU_Mix_cities/dunedin/label/dunedin_831.tif
train,dunedin,whu_mix,dunedin_678.tif,0,0,0,0,512,512,0.20310974,data/raw/WHU_Mix_cities/dunedin/image/dunedin_678.tif,data/raw/WHU_Mix_cities/dunedin/label/dunedin_678.tif
train,dunedin,whu_mix,dunedin_525.tif,0,0,0,0,512,512,0.14973450,data/raw/WHU_Mix_cities/dunedin/image/dunedin_525.tif,data/raw/WHU_Mix_cities/dunedin/label/dunedin_525.tif
train,dunedin,whu_mix,dunedin_231.tif,0,0,0,0,512,512,0.24510193,data/raw/WHU_Mix_cities/dunedin/image/dunedin_231.tif,data/raw/WHU_Mix_cities/dunedin/label/dunedin_231.tif
train,dunedin,whu_mix,dunedin_582.tif,0,0,0,0,512,512,0.20267105,data/raw/WHU_Mix_cities/dunedin/image/dunedin_582.tif,data/raw/WHU_Mix_cities/dunedin/label/dunedin_582.tif
train,dunedin,whu_mix,dunedin_1267.tif,0,0,0,0,512,512,0.00000000,data/raw/WHU_Mix_cities/dunedin/image/dunedin_1267.tif,data/raw/WHU_Mix_cities/dunedin/label/dunedin_1267.tif
train,dunedin,whu_mix,dunedin_79.tif,0,0,0,0,512,512,0.00000000,data/raw/WHU_Mix_cities/dunedin/image/dunedin_79.tif,data/raw/WHU_Mix_cities/dunedin/label/dunedin_79.tif
train,dunedin,whu_mix,dunedin_700.tif,0,0,0,0,512,512,0.31870270,data/raw/WHU_Mix_cities/dunedin/image/dunedin_700.tif,data/raw/WHU_Mix_cities/dunedin/label/dunedin_700.tif
train,dunedin,whu_mix,dunedin_662.tif,0,0,0,0,512,512,0.40737534,data/raw/WHU_Mix_cities/dunedin/image/dunedin_662.tif,data/raw/WHU_Mix_cities/dunedin/label/dunedin_662.tif
train,dunedin,whu_mix,dunedin_418.tif,0,0,0,0,512,512,0.02309799,data/raw/WHU_Mix_cities/dunedin/image/dunedin_418.tif,data/raw/WHU_Mix_cities/dunedin/label/dunedin_418.tif
train,dunedin,whu_mix,dunedin_506.tif,0,0,0,0,512,512,0.05870438,data/raw/WHU_Mix_cities/dunedin/image/dunedin_506.tif,data/raw/WHU_Mix_cities/dunedin/label/dunedin_506.tif
train,dunedin,whu_mix,dunedin_1124.tif,0,0,0,0,512,512,0.00000000,data/raw/WHU_Mix_cities/dunedin/image/dunedin_1124.tif,data/raw/WHU_Mix_cities/dunedin/label/dunedin_1124.tif
train,dunedin,whu_mix,dunedin_838.tif,0,0,0,0,512,512,0.26507187,data/raw/WHU_Mix_cities/dunedin/image/dunedin_838.tif,data/raw/WHU_Mix_cities/dunedin/label/dunedin_838.tif
train,dunedin,whu_mix,dunedin_188.tif,0,0,0,0,512,512,0.24306870,data/raw/WHU_Mix_cities/dunedin/image/dunedin_188.tif,data/raw/WHU_Mix_cities/dunedin/label/dunedin_188.tif
train,dunedin,whu_mix,dunedin_900.tif,0,0,0,0,512,512,0.13686752,data/raw/WHU_Mix_cities/dunedin/image/dunedin_900.tif,data/raw/WHU_Mix_cities/dunedin/label/dunedin_900.tif
train,dunedin,whu_mix,dunedin_1055.tif,0,0,0,0,512,512,0.30827713,data/raw/WHU_Mix_cities/dunedin/image/dunedin_1055.tif,data/raw/WHU_Mix_cities/dunedin/label/dunedin_1055.tif
train,dunedin,whu_mix,dunedin_322.tif,0,0,0,0,512,512,0.28006744,data/raw/WHU_Mix_cities/dunedin/image/dunedin_322.tif,data/raw/WHU_Mix_cities/dunedin/label/dunedin_322.tif
train,dunedin,whu_mix,dunedin_236.tif,0,0,0,0,512,512,0.12611771,data/raw/WHU_Mix_cities/dunedin/image/dunedin_236.tif,data/raw/WHU_Mix_cities/dunedin/label/dunedin_236.tif
train,dunedin,whu_mix,dunedin_307.tif,0,0,0,0,512,512,0.28343582,data/raw/WHU_Mix_cities/dunedin/image/dunedin_307.tif,data/raw/WHU_Mix_cities/dunedin/label/dunedin_307.tif
train,dunedin,whu_mix,dunedin_667.tif,0,0,0,0,512,512,0.18605804,data/raw/WHU_Mix_cities/dunedin/image/dunedin_667.tif,data/raw/WHU_Mix_cities/dunedin/label/dunedin_667.tif
train,dunedin,whu_mix,dunedin_208.tif,0,0,0,0,512,512,0.00000000,data/raw/WHU_Mix_cities/dunedin/image/dunedin_208.tif,data/raw/WHU_Mix_cities/dunedin/label/dunedin_208.tif
train,dunedin,whu_mix,dunedin_521.tif,0,0,0,0,512,512,0.00000000,data/raw/WHU_Mix_cities/dunedin/image/dunedin_521.tif,data/raw/WHU_Mix_cities/dunedin/label/dunedin_521.tif
train,dunedin,whu_mix,dunedin_487.tif,0,0,0,0,512,512,0.20576477,data/raw/WHU_Mix_cities/dunedin/image/dunedin_487.tif,data/raw/WHU_Mix_cities/dunedin/label/dunedin_487.tif
train,dunedin,whu_mix,dunedin_947.tif,0,0,0,0,512,512,0.20656204,data/raw/WHU_Mix_cities/dunedin/image/dunedin_947.tif,data/raw/WHU_Mix_cities/dunedin/label/dunedin_947.tif
train,dunedin,whu_mix,dunedin_1066.tif,0,0,0,0,512,512,0.04902267,data/raw/WHU_Mix_cities/dunedin/image/dunedin_1066.tif,data/raw/WHU_Mix_cities/dunedin/label/dunedin_1066.tif
train,dunedin,whu_mix,dunedin_48.tif,0,0,0,0,512,512,0.12661362,data/raw/WHU_Mix_cities/dunedin/image/dunedin_48.tif,data/raw/WHU_Mix_cities/dunedin/label/dunedin_48.tif
train,dunedin,whu_mix,dunedin_631.tif,0,0,0,0,512,512,0.27847672,data/raw/WHU_Mix_cities/dunedin/image/dunedin_631.tif,data/raw/WHU_Mix_cities/dunedin/label/dunedin_631.tif
train,dunedin,whu_mix,dunedin_259.tif,0,0,0,0,512,512,0.06959534,data/raw/WHU_Mix_cities/dunedin/image/dunedin_259.tif,data/raw/WHU_Mix_cities/dunedin/label/dunedin_259.tif
train,dunedin,whu_mix,dunedin_1112.tif,0,0,0,0,512,512,0.10984039,data/raw/WHU_Mix_cities/dunedin/image/dunedin_1112.tif,data/raw/WHU_Mix_cities/dunedin/label/dunedin_1112.tif
train,dunedin,whu_mix,dunedin_333.tif,0,0,0,0,512,512,0.22970963,data/raw/WHU_Mix_cities/dunedin/image/dunedin_333.tif,data/raw/WHU_Mix_cities/dunedin/label/dunedin_333.tif
train,dunedin,whu_mix,dunedin_1109.tif,0,0,0,0,512,512,0.27983475,data/raw/WHU_Mix_cities/dunedin/image/dunedin_1109.tif,data/raw/WHU_Mix_cities/dunedin/label/dunedin_1109.tif
train,dunedin,whu_mix,dunedin_1099.tif,0,0,0,0,512,512,0.26217270,data/raw/WHU_Mix_cities/dunedin/image/dunedin_1099.tif,data/raw/WHU_Mix_cities/dunedin/label/dunedin_1099.tif
train,dunedin,whu_mix,dunedin_665.tif,0,0,0,0,512,512,0.43393707,data/raw/WHU_Mix_cities/dunedin/image/dunedin_665.tif,data/raw/WHU_Mix_cities/dunedin/label/dunedin_665.tif
train,dunedin,whu_mix,dunedin_1077.tif,0,0,0,0,512,512,0.14322281,data/raw/WHU_Mix_cities/dunedin/image/dunedin_1077.tif,data/raw/WHU_Mix_cities/dunedin/label/dunedin_1077.tif
train,dunedin,whu_mix,dunedin_380.tif,0,0,0,0,512,512,0.06945038,data/raw/WHU_Mix_cities/dunedin/image/dunedin_380.tif,data/raw/WHU_Mix_cities/dunedin/label/dunedin_380.tif
train,dunedin,whu_mix,dunedin_1184.tif,0,0,0,0,512,512,0.00000000,data/raw/WHU_Mix_cities/dunedin/image/dunedin_1184.tif,data/raw/WHU_Mix_cities/dunedin/label/dunedin_1184.tif
train,dunedin,whu_mix,dunedin_938.tif,0,0,0,0,512,512,0.22955704,data/raw/WHU_Mix_cities/dunedin/image/dunedin_938.tif,data/raw/WHU_Mix_cities/dunedin/label/dunedin_938.tif
train,dunedin,whu_mix,dunedin_91.tif,0,0,0,0,512,512,0.00000000,data/raw/WHU_Mix_cities/dunedin/image/dunedin_91.tif,data/raw/WHU_Mix_cities/dunedin/label/dunedin_91.tif
train,dunedin,whu_mix,dunedin_541.tif,0,0,0,0,512,512,0.18647766,data/raw/WHU_Mix_cities/dunedin/image/dunedin_541.tif,data/raw/WHU_Mix_cities/dunedin/label/dunedin_541.tif
train,dunedin,whu_mix,dunedin_328.tif,0,0,0,0,512,512,0.18272018,data/raw/WHU_Mix_cities/dunedin/image/dunedin_328.tif,data/raw/WHU_Mix_cities/dunedin/label/dunedin_328.tif
train,dunedin,whu_mix,dunedin_190.tif,0,0,0,0,512,512,0.18717957,data/raw/WHU_Mix_cities/dunedin/image/dunedin_190.tif,data/raw/WHU_Mix_cities/dunedin/label/dunedin_190.tif
train,dunedin,whu_mix,dunedin_1111.tif,0,0,0,0,512,512,0.19515228,data/raw/WHU_Mix_cities/dunedin/image/dunedin_1111.tif,data/raw/WHU_Mix_cities/dunedin/label/dunedin_1111.tif
train,dunedin,whu_mix,dunedin_802.tif,0,0,0,0,512,512,0.32206726,data/raw/WHU_Mix_cities/dunedin/image/dunedin_802.tif,data/raw/WHU_Mix_cities/dunedin/label/dunedin_802.tif
train,dunedin,whu_mix,dunedin_289.tif,0,0,0,0,512,512,0.19655228,data/raw/WHU_Mix_cities/dunedin/image/dunedin_289.tif,data/raw/WHU_Mix_cities/dunedin/label/dunedin_289.tif
train,dunedin,whu_mix,dunedin_56.tif,0,0,0,0,512,512,0.00000000,data/raw/WHU_Mix_cities/dunedin/image/dunedin_56.tif,data/raw/WHU_Mix_cities/dunedin/label/dunedin_56.tif
train,dunedin,whu_mix,dunedin_219.tif,0,0,0,0,512,512,0.24671936,data/raw/WHU_Mix_cities/dunedin/image/dunedin_219.tif,data/raw/WHU_Mix_cities/dunedin/label/dunedin_219.tif
train,dunedin,whu_mix,dunedin_310.tif,0,0,0,0,512,512,0.18673325,data/raw/WHU_Mix_cities/dunedin/image/dunedin_310.tif,data/raw/WHU_Mix_cities/dunedin/label/dunedin_310.tif
train,dunedin,whu_mix,dunedin_1270.tif,0,0,0,0,512,512,0.00000000,data/raw/WHU_Mix_cities/dunedin/image/dunedin_1270.tif,data/raw/WHU_Mix_cities/dunedin/label/dunedin_1270.tif
train,dunedin,whu_mix,dunedin_599.tif,0,0,0,0,512,512,0.00000000,data/raw/WHU_Mix_cities/dunedin/image/dunedin_599.tif,data/raw/WHU_Mix_cities/dunedin/label/dunedin_599.tif
train,dunedin,whu_mix,dunedin_557.tif,0,0,0,0,512,512,0.14094925,data/raw/WHU_Mix_cities/dunedin/image/dunedin_557.tif,data/raw/WHU_Mix_cities/dunedin/label/dunedin_557.tif
train,dunedin,whu_mix,dunedin_1257.tif,0,0,0,0,512,512,0.00000000,data/raw/WHU_Mix_cities/dunedin/image/dunedin_1257.tif,data/raw/WHU_Mix_cities/dunedin/label/dunedin_1257.tif
train,dunedin,whu_mix,dunedin_472.tif,0,0,0,0,512,512,0.18544769,data/raw/WHU_Mix_cities/dunedin/image/dunedin_472.tif,data/raw/WHU_Mix_cities/dunedin/label/dunedin_472.tif
train,dunedin,whu_mix,dunedin_839.tif,0,0,0,0,512,512,0.29963303,data/raw/WHU_Mix_cities/dunedin/image/dunedin_839.tif,data/raw/WHU_Mix_cities/dunedin/label/dunedin_839.tif
train,dunedin,whu_mix,dunedin_827.tif,0,0,0,0,512,512,0.17677689,data/raw/WHU_Mix_cities/dunedin/image/dunedin_827.tif,data/raw/WHU_Mix_cities/dunedin/label/dunedin_827.tif
train,dunedin,whu_mix,dunedin_330.tif,0,0,0,0,512,512,0.14775467,data/raw/WHU_Mix_cities/dunedin/image/dunedin_330.tif,data/raw/WHU_Mix_cities/dunedin/label/dunedin_330.tif
train,dunedin,whu_mix,dunedin_537.tif,0,0,0,0,512,512,0.09800720,data/raw/WHU_Mix_cities/dunedin/image/dunedin_537.tif,data/raw/WHU_Mix_cities/dunedin/label/dunedin_537.tif
train,dunedin,whu_mix,dunedin_416.tif,0,0,0,0,512,512,0.10009384,data/raw/WHU_Mix_cities/dunedin/image/dunedin_416.tif,data/raw/WHU_Mix_cities/dunedin/label/dunedin_416.tif
train,dunedin,whu_mix,dunedin_853.tif,0,0,0,0,512,512,0.22596741,data/raw/WHU_Mix_cities/dunedin/image/dunedin_853.tif,data/raw/WHU_Mix_cities/dunedin/label/dunedin_853.tif
train,dunedin,whu_mix,dunedin_167.tif,0,0,0,0,512,512,0.13379669,data/raw/WHU_Mix_cities/dunedin/image/dunedin_167.tif,data/raw/WHU_Mix_cities/dunedin/label/dunedin_167.tif
train,dunedin,whu_mix,dunedin_795.tif,0,0,0,0,512,512,0.41476822,data/raw/WHU_Mix_cities/dunedin/image/dunedin_795.tif,data/raw/WHU_Mix_cities/dunedin/label/dunedin_795.tif
train,dunedin,whu_mix,dunedin_657.tif,0,0,0,0,512,512,0.50846100,data/raw/WHU_Mix_cities/dunedin/image/dunedin_657.tif,data/raw/WHU_Mix_cities/dunedin/label/dunedin_657.tif
train,dunedin,whu_mix,dunedin_86.tif,0,0,0,0,512,512,0.01335144,data/raw/WHU_Mix_cities/dunedin/image/dunedin_86.tif,data/raw/WHU_Mix_cities/dunedin/label/dunedin_86.tif
train,dunedin,whu_mix,dunedin_942.tif,0,0,0,0,512,512,0.19347382,data/raw/WHU_Mix_cities/dunedin/image/dunedin_942.tif,data/raw/WHU_Mix_cities/dunedin/label/dunedin_942.tif
train,dunedin,whu_mix,dunedin_469.tif,0,0,0,0,512,512,0.10735703,data/raw/WHU_Mix_cities/dunedin/image/dunedin_469.tif,data/raw/WHU_Mix_cities/dunedin/label/dunedin_469.tif
train,dunedin,whu_mix,dunedin_514.tif,0,0,0,0,512,512,0.00942612,data/raw/WHU_Mix_cities/dunedin/image/dunedin_514.tif,data/raw/WHU_Mix_cities/dunedin/label/dunedin_514.tif
train,dunedin,whu_mix,dunedin_559.tif,0,0,0,0,512,512,0.08275223,data/raw/WHU_Mix_cities/dunedin/image/dunedin_559.tif,data/raw/WHU_Mix_cities/dunedin/label/dunedin_559.tif
train,dunedin,whu_mix,dunedin_865.tif,0,0,0,0,512,512,0.21015549,data/raw/WHU_Mix_cities/dunedin/image/dunedin_865.tif,data/raw/WHU_Mix_cities/dunedin/label/dunedin_865.tif
train,dunedin,whu_mix,dunedin_610.tif,0,0,0,0,512,512,0.05592728,data/raw/WHU_Mix_cities/dunedin/image/dunedin_610.tif,data/raw/WHU_Mix_cities/dunedin/label/dunedin_610.tif
train,dunedin,whu_mix,dunedin_1076.tif,0,0,0,0,512,512,0.23163986,data/raw/WHU_Mix_cities/dunedin/image/dunedin_1076.tif,data/raw/WHU_Mix_cities/dunedin/label/dunedin_1076.tif
train,dunedin,whu_mix,dunedin_691.tif,0,0,0,0,512,512,0.39981842,data/raw/WHU_Mix_cities/dunedin/image/dunedin_691.tif,data/raw/WHU_Mix_cities/dunedin/label/dunedin_691.tif
train,dunedin,whu_mix,dunedin_540.tif,0,0,0,0,512,512,0.24626923,data/raw/WHU_Mix_cities/dunedin/image/dunedin_540.tif,data/raw/WHU_Mix_cities/dunedin/label/dunedin_540.tif
train,dunedin,whu_mix,dunedin_2.tif,0,0,0,0,512,512,0.14611053,data/raw/WHU_Mix_cities/dunedin/image/dunedin_2.tif,data/raw/WHU_Mix_cities/dunedin/label/dunedin_2.tif
train,dunedin,whu_mix,dunedin_997.tif,0,0,0,0,512,512,0.28241348,data/raw/WHU_Mix_cities/dunedin/image/dunedin_997.tif,data/raw/WHU_Mix_cities/dunedin/label/dunedin_997.tif
train,dunedin,whu_mix,dunedin_898.tif,0,0,0,0,512,512,0.25712585,data/raw/WHU_Mix_cities/dunedin/image/dunedin_898.tif,data/raw/WHU_Mix_cities/dunedin/label/dunedin_898.tif
train,dunedin,whu_mix,dunedin_685.tif,0,0,0,0,512,512,0.26047134,data/raw/WHU_Mix_cities/dunedin/image/dunedin_685.tif,data/raw/WHU_Mix_cities/dunedin/label/dunedin_685.tif
train,dunedin,whu_mix,dunedin_399.tif,0,0,0,0,512,512,0.00000000,data/raw/WHU_Mix_cities/dunedin/image/dunedin_399.tif,data/raw/WHU_Mix_cities/dunedin/label/dunedin_399.tif
train,dunedin,whu_mix,dunedin_754.tif,0,0,0,0,512,512,0.22376251,data/raw/WHU_Mix_cities/dunedin/image/dunedin_754.tif,data/raw/WHU_Mix_cities/dunedin/label/dunedin_754.tif
train,dunedin,whu_mix,dunedin_327.tif,0,0,0,0,512,512,0.15147400,data/raw/WHU_Mix_cities/dunedin/image/dunedin_327.tif,data/raw/WHU_Mix_cities/dunedin/label/dunedin_327.tif
train,dunedin,whu_mix,dunedin_291.tif,0,0,0,0,512,512,0.00402451,data/raw/WHU_Mix_cities/dunedin/image/dunedin_291.tif,data/raw/WHU_Mix_cities/dunedin/label/dunedin_291.tif
train,dunedin,whu_mix,dunedin_385.tif,0,0,0,0,512,512,0.06850815,data/raw/WHU_Mix_cities/dunedin/image/dunedin_385.tif,data/raw/WHU_Mix_cities/dunedin/label/dunedin_385.tif
train,dunedin,whu_mix,dunedin_673.tif,0,0,0,0,512,512,0.05495071,data/raw/WHU_Mix_cities/dunedin/image/dunedin_673.tif,data/raw/WHU_Mix_cities/dunedin/label/dunedin_673.tif
train,dunedin,whu_mix,dunedin_1031.tif,0,0,0,0,512,512,0.27236176,data/raw/WHU_Mix_cities/dunedin/image/dunedin_1031.tif,data/raw/WHU_Mix_cities/dunedin/label/dunedin_1031.tif
train,dunedin,whu_mix,dunedin_581.tif,0,0,0,0,512,512,0.25173950,data/raw/WHU_Mix_cities/dunedin/image/dunedin_581.tif,data/raw/WHU_Mix_cities/dunedin/label/dunedin_581.tif
train,dunedin,whu_mix,dunedin_360.tif,0,0,0,0,512,512,0.19267654,data/raw/WHU_Mix_cities/dunedin/image/dunedin_360.tif,data/raw/WHU_Mix_cities/dunedin/label/dunedin_360.tif
train,dunedin,whu_mix,dunedin_175.tif,0,0,0,0,512,512,0.04451752,data/raw/WHU_Mix_cities/dunedin/image/dunedin_175.tif,data/raw/WHU_Mix_cities/dunedin/label/dunedin_175.tif
train,dunedin,whu_mix,dunedin_432.tif,0,0,0,0,512,512,0.19060516,data/raw/WHU_Mix_cities/dunedin/image/dunedin_432.tif,data/raw/WHU_Mix_cities/dunedin/label/dunedin_432.tif
train,dunedin,whu_mix,dunedin_1045.tif,0,0,0,0,512,512,0.28282547,data/raw/WHU_Mix_cities/dunedin/image/dunedin_1045.tif,data/raw/WHU_Mix_cities/dunedin/label/dunedin_1045.tif
train,dunedin,whu_mix,dunedin_547.tif,0,0,0,0,512,512,0.22547150,data/raw/WHU_Mix_cities/dunedin/image/dunedin_547.tif,data/raw/WHU_Mix_cities/dunedin/label/dunedin_547.tif
train,dunedin,whu_mix,dunedin_745.tif,0,0,0,0,512,512,0.18746567,data/raw/WHU_Mix_cities/dunedin/image/dunedin_745.tif,data/raw/WHU_Mix_cities/dunedin/label/dunedin_745.tif
train,dunedin,whu_mix,dunedin_413.tif,0,0,0,0,512,512,0.13529968,data/raw/WHU_Mix_cities/dunedin/image/dunedin_413.tif,data/raw/WHU_Mix_cities/dunedin/label/dunedin_413.tif
train,dunedin,whu_mix,dunedin_353.tif,0,0,0,0,512,512,0.12806702,data/raw/WHU_Mix_cities/dunedin/image/dunedin_353.tif,data/raw/WHU_Mix_cities/dunedin/label/dunedin_353.tif
train,dunedin,whu_mix,dunedin_1130.tif,0,0,0,0,512,512,0.25254822,data/raw/WHU_Mix_cities/dunedin/image/dunedin_1130.tif,data/raw/WHU_Mix_cities/dunedin/label/dunedin_1130.tif
train,dunedin,whu_mix,dunedin_524.tif,0,0,0,0,512,512,0.03011703,data/raw/WHU_Mix_cities/dunedin/image/dunedin_524.tif,data/raw/WHU_Mix_cities/dunedin/label/dunedin_524.tif
train,dunedin,whu_mix,dunedin_425.tif,0,0,0,0,512,512,0.00000000,data/raw/WHU_Mix_cities/dunedin/image/dunedin_425.tif,data/raw/WHU_Mix_cities/dunedin/label/dunedin_425.tif
train,dunedin,whu_mix,dunedin_244.tif,0,0,0,0,512,512,0.19954300,data/raw/WHU_Mix_cities/dunedin/image/dunedin_244.tif,data/raw/WHU_Mix_cities/dunedin/label/dunedin_244.tif
train,dunedin,whu_mix,dunedin_350.tif,0,0,0,0,512,512,0.01673126,data/raw/WHU_Mix_cities/dunedin/image/dunedin_350.tif,data/raw/WHU_Mix_cities/dunedin/label/dunedin_350.tif
train,dunedin,whu_mix,dunedin_382.tif,0,0,0,0,512,512,0.10297012,data/raw/WHU_Mix_cities/dunedin/image/dunedin_382.tif,data/raw/WHU_Mix_cities/dunedin/label/dunedin_382.tif
train,dunedin,whu_mix,dunedin_1072.tif,0,0,0,0,512,512,0.30067825,data/raw/WHU_Mix_cities/dunedin/image/dunedin_1072.tif,data/raw/WHU_Mix_cities/dunedin/label/dunedin_1072.tif
train,dunedin,whu_mix,dunedin_1138.tif,0,0,0,0,512,512,0.31330109,data/raw/WHU_Mix_cities/dunedin/image/dunedin_1138.tif,data/raw/WHU_Mix_cities/dunedin/label/dunedin_1138.tif
train,dunedin,whu_mix,dunedin_439.tif,0,0,0,0,512,512,0.28197098,data/raw/WHU_Mix_cities/dunedin/image/dunedin_439.tif,data/raw/WHU_Mix_cities/dunedin/label/dunedin_439.tif
train,dunedin,whu_mix,dunedin_320.tif,0,0,0,0,512,512,0.28897476,data/raw/WHU_Mix_cities/dunedin/image/dunedin_320.tif,data/raw/WHU_Mix_cities/dunedin/label/dunedin_320.tif
train,dunedin,whu_mix,dunedin_1154.tif,0,0,0,0,512,512,0.00000000,data/raw/WHU_Mix_cities/dunedin/image/dunedin_1154.tif,data/raw/WHU_Mix_cities/dunedin/label/dunedin_1154.tif
train,dunedin,whu_mix,dunedin_1057.tif,0,0,0,0,512,512,0.19952393,data/raw/WHU_Mix_cities/dunedin/image/dunedin_1057.tif,data/raw/WHU_Mix_cities/dunedin/label/dunedin_1057.tif
train,dunedin,whu_mix,dunedin_134.tif,0,0,0,0,512,512,0.25221634,data/raw/WHU_Mix_cities/dunedin/image/dunedin_134.tif,data/raw/WHU_Mix_cities/dunedin/label/dunedin_134.tif
train,dunedin,whu_mix,dunedin_931.tif,0,0,0,0,512,512,0.22164536,data/raw/WHU_Mix_cities/dunedin/image/dunedin_931.tif,data/raw/WHU_Mix_cities/dunedin/label/dunedin_931.tif
train,dunedin,whu_mix,dunedin_1014.tif,0,0,0,0,512,512,0.15660858,data/raw/WHU_Mix_cities/dunedin/image/dunedin_1014.tif,data/raw/WHU_Mix_cities/dunedin/label/dunedin_1014.tif
train,dunedin,whu_mix,dunedin_200.tif,0,0,0,0,512,512,0.05860138,data/raw/WHU_Mix_cities/dunedin/image/dunedin_200.tif,data/raw/WHU_Mix_cities/dunedin/label/dunedin_200.tif
train,dunedin,whu_mix,dunedin_519.tif,0,0,0,0,512,512,0.07394028,data/raw/WHU_Mix_cities/dunedin/image/dunedin_519.tif,data/raw/WHU_Mix_cities/dunedin/label/dunedin_519.tif
train,dunedin,whu_mix,dunedin_1282.tif,0,0,0,0,512,512,0.24312973,data/raw/WHU_Mix_cities/dunedin/image/dunedin_1282.tif,data/raw/WHU_Mix_cities/dunedin/label/dunedin_1282.tif
train,dunedin,whu_mix,dunedin_240.tif,0,0,0,0,512,512,0.08144760,data/raw/WHU_Mix_cities/dunedin/image/dunedin_240.tif,data/raw/WHU_Mix_cities/dunedin/label/dunedin_240.tif
train,dunedin,whu_mix,dunedin_1013.tif,0,0,0,0,512,512,0.09784317,data/raw/WHU_Mix_cities/dunedin/image/dunedin_1013.tif,data/raw/WHU_Mix_cities/dunedin/label/dunedin_1013.tif
train,dunedin,whu_mix,dunedin_807.tif,0,0,0,0,512,512,0.36890030,data/raw/WHU_Mix_cities/dunedin/image/dunedin_807.tif,data/raw/WHU_Mix_cities/dunedin/label/dunedin_807.tif
train,dunedin,whu_mix,dunedin_1026.tif,0,0,0,0,512,512,0.26319885,data/raw/WHU_Mix_cities/dunedin/image/dunedin_1026.tif,data/raw/WHU_Mix_cities/dunedin/label/dunedin_1026.tif
train,dunedin,whu_mix,dunedin_600.tif,0,0,0,0,512,512,0.00000000,data/raw/WHU_Mix_cities/dunedin/image/dunedin_600.tif,data/raw/WHU_Mix_cities/dunedin/label/dunedin_600.tif
train,dunedin,whu_mix,dunedin_1133.tif,0,0,0,0,512,512,0.26499939,data/raw/WHU_Mix_cities/dunedin/image/dunedin_1133.tif,data/raw/WHU_Mix_cities/dunedin/label/dunedin_1133.tif
train,dunedin,whu_mix,dunedin_1209.tif,0,0,0,0,512,512,0.00000000,data/raw/WHU_Mix_cities/dunedin/image/dunedin_1209.tif,data/raw/WHU_Mix_cities/dunedin/label/dunedin_1209.tif
train,dunedin,whu_mix,dunedin_830.tif,0,0,0,0,512,512,0.10075378,data/raw/WHU_Mix_cities/dunedin/image/dunedin_830.tif,data/raw/WHU_Mix_cities/dunedin/label/dunedin_830.tif
train,dunedin,whu_mix,dunedin_706.tif,0,0,0,0,512,512,0.24558258,data/raw/WHU_Mix_cities/dunedin/image/dunedin_706.tif,data/raw/WHU_Mix_cities/dunedin/label/dunedin_706.tif
train,dunedin,whu_mix,dunedin_1159.tif,0,0,0,0,512,512,0.00000000,data/raw/WHU_Mix_cities/dunedin/image/dunedin_1159.tif,data/raw/WHU_Mix_cities/dunedin/label/dunedin_1159.tif
train,dunedin,whu_mix,dunedin_1175.tif,0,0,0,0,512,512,0.27124405,data/raw/WHU_Mix_cities/dunedin/image/dunedin_1175.tif,data/raw/WHU_Mix_cities/dunedin/label/dunedin_1175.tif
train,dunedin,whu_mix,dunedin_148.tif,0,0,0,0,512,512,0.11020279,data/raw/WHU_Mix_cities/dunedin/image/dunedin_148.tif,data/raw/WHU_Mix_cities/dunedin/label/dunedin_148.tif
train,dunedin,whu_mix,dunedin_10.tif,0,0,0,0,512,512,0.12459946,data/raw/WHU_Mix_cities/dunedin/image/dunedin_10.tif,data/raw/WHU_Mix_cities/dunedin/label/dunedin_10.tif
train,dunedin,whu_mix,dunedin_527.tif,0,0,0,0,512,512,0.20294571,data/raw/WHU_Mix_cities/dunedin/image/dunedin_527.tif,data/raw/WHU_Mix_cities/dunedin/label/dunedin_527.tif
train,dunedin,whu_mix,dunedin_1178.tif,0,0,0,0,512,512,0.25172424,data/raw/WHU_Mix_cities/dunedin/image/dunedin_1178.tif,data/raw/WHU_Mix_cities/dunedin/label/dunedin_1178.tif
train,dunedin,whu_mix,dunedin_995.tif,0,0,0,0,512,512,0.37379456,data/raw/WHU_Mix_cities/dunedin/image/dunedin_995.tif,data/raw/WHU_Mix_cities/dunedin/label/dunedin_995.tif
train,dunedin,whu_mix,dunedin_1275.tif,0,0,0,0,512,512,0.20385361,data/raw/WHU_Mix_cities/dunedin/image/dunedin_1275.tif,data/raw/WHU_Mix_cities/dunedin/label/dunedin_1275.tif
train,dunedin,whu_mix,dunedin_1259.tif,0,0,0,0,512,512,0.00000000,data/raw/WHU_Mix_cities/dunedin/image/dunedin_1259.tif,data/raw/WHU_Mix_cities/dunedin/label/dunedin_1259.tif
train,dunedin,whu_mix,dunedin_515.tif,0,0,0,0,512,512,0.13758469,data/raw/WHU_Mix_cities/dunedin/image/dunedin_515.tif,data/raw/WHU_Mix_cities/dunedin/label/dunedin_515.tif
train,dunedin,whu_mix,dunedin_1245.tif,0,0,0,0,512,512,0.06314850,data/raw/WHU_Mix_cities/dunedin/image/dunedin_1245.tif,data/raw/WHU_Mix_cities/dunedin/label/dunedin_1245.tif
train,dunedin,whu_mix,dunedin_478.tif,0,0,0,0,512,512,0.13490295,data/raw/WHU_Mix_cities/dunedin/image/dunedin_478.tif,data/raw/WHU_Mix_cities/dunedin/label/dunedin_478.tif
train,dunedin,whu_mix,dunedin_974.tif,0,0,0,0,512,512,0.22273254,data/raw/WHU_Mix_cities/dunedin/image/dunedin_974.tif,data/raw/WHU_Mix_cities/dunedin/label/dunedin_974.tif
train,dunedin,whu_mix,dunedin_1243.tif,0,0,0,0,512,512,0.29813766,data/raw/WHU_Mix_cities/dunedin/image/dunedin_1243.tif,data/raw/WHU_Mix_cities/dunedin/label/dunedin_1243.tif
train,dunedin,whu_mix,dunedin_490.tif,0,0,0,0,512,512,0.06975937,data/raw/WHU_Mix_cities/dunedin/image/dunedin_490.tif,data/raw/WHU_Mix_cities/dunedin/label/dunedin_490.tif
train,dunedin,whu_mix,dunedin_1153.tif,0,0,0,0,512,512,0.00794220,data/raw/WHU_Mix_cities/dunedin/image/dunedin_1153.tif,data/raw/WHU_Mix_cities/dunedin/label/dunedin_1153.tif
train,dunedin,whu_mix,dunedin_1288.tif,0,0,0,0,512,512,0.00000000,data/raw/WHU_Mix_cities/dunedin/image/dunedin_1288.tif,data/raw/WHU_Mix_cities/dunedin/label/dunedin_1288.tif
train,dunedin,whu_mix,dunedin_211.tif,0,0,0,0,512,512,0.00656509,data/raw/WHU_Mix_cities/dunedin/image/dunedin_211.tif,data/raw/WHU_Mix_cities/dunedin/label/dunedin_211.tif
train,dunedin,whu_mix,dunedin_1054.tif,0,0,0,0,512,512,0.15018463,data/raw/WHU_Mix_cities/dunedin/image/dunedin_1054.tif,data/raw/WHU_Mix_cities/dunedin/label/dunedin_1054.tif
train,dunedin,whu_mix,dunedin_102.tif,0,0,0,0,512,512,0.30004501,data/raw/WHU_Mix_cities/dunedin/image/dunedin_102.tif,data/raw/WHU_Mix_cities/dunedin/label/dunedin_102.tif
train,dunedin,whu_mix,dunedin_528.tif,0,0,0,0,512,512,0.13154602,data/raw/WHU_Mix_cities/dunedin/image/dunedin_528.tif,data/raw/WHU_Mix_cities/dunedin/label/dunedin_528.tif
train,dunedin,whu_mix,dunedin_891.tif,0,0,0,0,512,512,0.21070862,data/raw/WHU_Mix_cities/dunedin/image/dunedin_891.tif,data/raw/WHU_Mix_cities/dunedin/label/dunedin_891.tif
train,dunedin,whu_mix,dunedin_580.tif,0,0,0,0,512,512,0.23843765,data/raw/WHU_Mix_cities/dunedin/image/dunedin_580.tif,data/raw/WHU_Mix_cities/dunedin/label/dunedin_580.tif
train,dunedin,whu_mix,dunedin_1254.tif,0,0,0,0,512,512,0.00000000,data/raw/WHU_Mix_cities/dunedin/image/dunedin_1254.tif,data/raw/WHU_Mix_cities/dunedin/label/dunedin_1254.tif
train,dunedin,whu_mix,dunedin_603.tif,0,0,0,0,512,512,0.00000000,data/raw/WHU_Mix_cities/dunedin/image/dunedin_603.tif,data/raw/WHU_Mix_cities/dunedin/label/dunedin_603.tif
train,dunedin,whu_mix,dunedin_1106.tif,0,0,0,0,512,512,0.25790787,data/raw/WHU_Mix_cities/dunedin/image/dunedin_1106.tif,data/raw/WHU_Mix_cities/dunedin/label/dunedin_1106.tif
train,dunedin,whu_mix,dunedin_765.tif,0,0,0,0,512,512,0.33274460,data/raw/WHU_Mix_cities/dunedin/image/dunedin_765.tif,data/raw/WHU_Mix_cities/dunedin/label/dunedin_765.tif
train,dunedin,whu_mix,dunedin_1149.tif,0,0,0,0,512,512,0.03834915,data/raw/WHU_Mix_cities/dunedin/image/dunedin_1149.tif,data/raw/WHU_Mix_cities/dunedin/label/dunedin_1149.tif
train,dunedin,whu_mix,dunedin_885.tif,0,0,0,0,512,512,0.31041718,data/raw/WHU_Mix_cities/dunedin/image/dunedin_885.tif,data/raw/WHU_Mix_cities/dunedin/label/dunedin_885.tif
train,dunedin,whu_mix,dunedin_147.tif,0,0,0,0,512,512,0.17186356,data/raw/WHU_Mix_cities/dunedin/image/dunedin_147.tif,data/raw/WHU_Mix_cities/dunedin/label/dunedin_147.tif
train,dunedin,whu_mix,dunedin_288.tif,0,0,0,0,512,512,0.17592621,data/raw/WHU_Mix_cities/dunedin/image/dunedin_288.tif,data/raw/WHU_Mix_cities/dunedin/label/dunedin_288.tif
train,dunedin,whu_mix,dunedin_1067.tif,0,0,0,0,512,512,0.24861908,data/raw/WHU_Mix_cities/dunedin/image/dunedin_1067.tif,data/raw/WHU_Mix_cities/dunedin/label/dunedin_1067.tif
train,dunedin,whu_mix,dunedin_876.tif,0,0,0,0,512,512,0.28520584,data/raw/WHU_Mix_cities/dunedin/image/dunedin_876.tif,data/raw/WHU_Mix_cities/dunedin/label/dunedin_876.tif
train,dunedin,whu_mix,dunedin_584.tif,0,0,0,0,512,512,0.22703934,data/raw/WHU_Mix_cities/dunedin/image/dunedin_584.tif,data/raw/WHU_Mix_cities/dunedin/label/dunedin_584.tif
train,dunedin,whu_mix,dunedin_463.tif,0,0,0,0,512,512,0.21699905,data/raw/WHU_Mix_cities/dunedin/image/dunedin_463.tif,data/raw/WHU_Mix_cities/dunedin/label/dunedin_463.tif
train,dunedin,whu_mix,dunedin_251.tif,0,0,0,0,512,512,0.18759155,data/raw/WHU_Mix_cities/dunedin/image/dunedin_251.tif,data/raw/WHU_Mix_cities/dunedin/label/dunedin_251.tif
train,dunedin,whu_mix,dunedin_860.tif,0,0,0,0,512,512,0.22737503,data/raw/WHU_Mix_cities/dunedin/image/dunedin_860.tif,data/raw/WHU_Mix_cities/dunedin/label/dunedin_860.tif
train,dunedin,whu_mix,dunedin_699.tif,0,0,0,0,512,512,0.29101944,data/raw/WHU_Mix_cities/dunedin/image/dunedin_699.tif,data/raw/WHU_Mix_cities/dunedin/label/dunedin_699.tif
train,dunedin,whu_mix,dunedin_247.tif,0,0,0,0,512,512,0.00000000,data/raw/WHU_Mix_cities/dunedin/image/dunedin_247.tif,data/raw/WHU_Mix_cities/dunedin/label/dunedin_247.tif
train,dunedin,whu_mix,dunedin_128.tif,0,0,0,0,512,512,0.23699188,data/raw/WHU_Mix_cities/dunedin/image/dunedin_128.tif,data/raw/WHU_Mix_cities/dunedin/label/dunedin_128.tif
train,dunedin,whu_mix,dunedin_347.tif,0,0,0,0,512,512,0.22723389,data/raw/WHU_Mix_cities/dunedin/image/dunedin_347.tif,data/raw/WHU_Mix_cities/dunedin/label/dunedin_347.tif
train,dunedin,whu_mix,dunedin_95.tif,0,0,0,0,512,512,0.20961380,data/raw/WHU_Mix_cities/dunedin/image/dunedin_95.tif,data/raw/WHU_Mix_cities/dunedin/label/dunedin_95.tif
train,dunedin,whu_mix,dunedin_126.tif,0,0,0,0,512,512,0.10594559,data/raw/WHU_Mix_cities/dunedin/image/dunedin_126.tif,data/raw/WHU_Mix_cities/dunedin/label/dunedin_126.tif
train,dunedin,whu_mix,dunedin_858.tif,0,0,0,0,512,512,0.24732208,data/raw/WHU_Mix_cities/dunedin/image/dunedin_858.tif,data/raw/WHU_Mix_cities/dunedin/label/dunedin_858.tif
train,dunedin,whu_mix,dunedin_889.tif,0,0,0,0,512,512,0.30932617,data/raw/WHU_Mix_cities/dunedin/image/dunedin_889.tif,data/raw/WHU_Mix_cities/dunedin/label/dunedin_889.tif
train,dunedin,whu_mix,dunedin_1033.tif,0,0,0,0,512,512,0.35794449,data/raw/WHU_Mix_cities/dunedin/image/dunedin_1033.tif,data/raw/WHU_Mix_cities/dunedin/label/dunedin_1033.tif
train,dunedin,whu_mix,dunedin_151.tif,0,0,0,0,512,512,0.17380142,data/raw/WHU_Mix_cities/dunedin/image/dunedin_151.tif,data/raw/WHU_Mix_cities/dunedin/label/dunedin_151.tif
train,dunedin,whu_mix,dunedin_299.tif,0,0,0,0,512,512,0.14870453,data/raw/WHU_Mix_cities/dunedin/image/dunedin_299.tif,data/raw/WHU_Mix_cities/dunedin/label/dunedin_299.tif
train,dunedin,whu_mix,dunedin_548.tif,0,0,0,0,512,512,0.16272354,data/raw/WHU_Mix_cities/dunedin/image/dunedin_548.tif,data/raw/WHU_Mix_cities/dunedin/label/dunedin_548.tif
train,dunedin,whu_mix,dunedin_398.tif,0,0,0,0,512,512,0.00000000,data/raw/WHU_Mix_cities/dunedin/image/dunedin_398.tif,data/raw/WHU_Mix_cities/dunedin/label/dunedin_398.tif
train,dunedin,whu_mix,dunedin_595.tif,0,0,0,0,512,512,0.00000000,data/raw/WHU_Mix_cities/dunedin/image/dunedin_595.tif,data/raw/WHU_Mix_cities/dunedin/label/dunedin_595.tif
train,dunedin,whu_mix,dunedin_311.tif,0,0,0,0,512,512,0.06198120,data/raw/WHU_Mix_cities/dunedin/image/dunedin_311.tif,data/raw/WHU_Mix_cities/dunedin/label/dunedin_311.tif
train,dunedin,whu_mix,dunedin_1187.tif,0,0,0,0,512,512,0.00000000,data/raw/WHU_Mix_cities/dunedin/image/dunedin_1187.tif,data/raw/WHU_Mix_cities/dunedin/label/dunedin_1187.tif
train,dunedin,whu_mix,dunedin_69.tif,0,0,0,0,512,512,0.00000000,data/raw/WHU_Mix_cities/dunedin/image/dunedin_69.tif,data/raw/WHU_Mix_cities/dunedin/label/dunedin_69.tif
train,dunedin,whu_mix,dunedin_894.tif,0,0,0,0,512,512,0.26771164,data/raw/WHU_Mix_cities/dunedin/image/dunedin_894.tif,data/raw/WHU_Mix_cities/dunedin/label/dunedin_894.tif
train,dunedin,whu_mix,dunedin_317.tif,0,0,0,0,512,512,0.18722916,data/raw/WHU_Mix_cities/dunedin/image/dunedin_317.tif,data/raw/WHU_Mix_cities/dunedin/label/dunedin_317.tif
train,dunedin,whu_mix,dunedin_458.tif,0,0,0,0,512,512,0.19249725,data/raw/WHU_Mix_cities/dunedin/image/dunedin_458.tif,data/raw/WHU_Mix_cities/dunedin/label/dunedin_458.tif
train,dunedin,whu_mix,dunedin_647.tif,0,0,0,0,512,512,0.25497055,data/raw/WHU_Mix_cities/dunedin/image/dunedin_647.tif,data/raw/WHU_Mix_cities/dunedin/label/dunedin_647.tif
train,dunedin,whu_mix,dunedin_709.tif,0,0,0,0,512,512,0.13964081,data/raw/WHU_Mix_cities/dunedin/image/dunedin_709.tif,data/raw/WHU_Mix_cities/dunedin/label/dunedin_709.tif
train,dunedin,whu_mix,dunedin_615.tif,0,0,0,0,512,512,0.12829590,data/raw/WHU_Mix_cities/dunedin/image/dunedin_615.tif,data/raw/WHU_Mix_cities/dunedin/label/dunedin_615.tif
train,dunedin,whu_mix,dunedin_256.tif,0,0,0,0,512,512,0.30343628,data/raw/WHU_Mix_cities/dunedin/image/dunedin_256.tif,data/raw/WHU_Mix_cities/dunedin/label/dunedin_256.tif
train,dunedin,whu_mix,dunedin_355.tif,0,0,0,0,512,512,0.21889496,data/raw/WHU_Mix_cities/dunedin/image/dunedin_355.tif,data/raw/WHU_Mix_cities/dunedin/label/dunedin_355.tif
train,dunedin,whu_mix,dunedin_277.tif,0,0,0,0,512,512,0.13095093,data/raw/WHU_Mix_cities/dunedin/image/dunedin_277.tif,data/raw/WHU_Mix_cities/dunedin/label/dunedin_277.tif
train,dunedin,whu_mix,dunedin_1164.tif,0,0,0,0,512,512,0.13748550,data/raw/WHU_Mix_cities/dunedin/image/dunedin_1164.tif,data/raw/WHU_Mix_cities/dunedin/label/dunedin_1164.tif
train,dunedin,whu_mix,dunedin_452.tif,0,0,0,0,512,512,0.26404190,data/raw/WHU_Mix_cities/dunedin/image/dunedin_452.tif,data/raw/WHU_Mix_cities/dunedin/label/dunedin_452.tif
train,dunedin,whu_mix,dunedin_973.tif,0,0,0,0,512,512,0.21264267,data/raw/WHU_Mix_cities/dunedin/image/dunedin_973.tif,data/raw/WHU_Mix_cities/dunedin/label/dunedin_973.tif
train,dunedin,whu_mix,dunedin_820.tif,0,0,0,0,512,512,0.21747971,data/raw/WHU_Mix_cities/dunedin/image/dunedin_820.tif,data/raw/WHU_Mix_cities/dunedin/label/dunedin_820.tif
train,dunedin,whu_mix,dunedin_1142.tif,0,0,0,0,512,512,0.28601837,data/raw/WHU_Mix_cities/dunedin/image/dunedin_1142.tif,data/raw/WHU_Mix_cities/dunedin/label/dunedin_1142.tif
train,dunedin,whu_mix,dunedin_402.tif,0,0,0,0,512,512,0.00061417,data/raw/WHU_Mix_cities/dunedin/image/dunedin_402.tif,data/raw/WHU_Mix_cities/dunedin/label/dunedin_402.tif
train,dunedin,whu_mix,dunedin_178.tif,0,0,0,0,512,512,0.20660400,data/raw/WHU_Mix_cities/dunedin/image/dunedin_178.tif,data/raw/WHU_Mix_cities/dunedin/label/dunedin_178.tif
train,dunedin,whu_mix,dunedin_1038.tif,0,0,0,0,512,512,0.19844055,data/raw/WHU_Mix_cities/dunedin/image/dunedin_1038.tif,data/raw/WHU_Mix_cities/dunedin/label/dunedin_1038.tif
train,dunedin,whu_mix,dunedin_1047.tif,0,0,0,0,512,512,0.00000000,data/raw/WHU_Mix_cities/dunedin/image/dunedin_1047.tif,data/raw/WHU_Mix_cities/dunedin/label/dunedin_1047.tif
train,dunedin,whu_mix,dunedin_1169.tif,0,0,0,0,512,512,0.22365189,data/raw/WHU_Mix_cities/dunedin/image/dunedin_1169.tif,data/raw/WHU_Mix_cities/dunedin/label/dunedin_1169.tif
train,dunedin,whu_mix,dunedin_1143.tif,0,0,0,0,512,512,0.27125931,data/raw/WHU_Mix_cities/dunedin/image/dunedin_1143.tif,data/raw/WHU_Mix_cities/dunedin/label/dunedin_1143.tif
train,dunedin,whu_mix,dunedin_30.tif,0,0,0,0,512,512,0.06359863,data/raw/WHU_Mix_cities/dunedin/image/dunedin_30.tif,data/raw/WHU_Mix_cities/dunedin/label/dunedin_30.tif
train,dunedin,whu_mix,dunedin_588.tif,0,0,0,0,512,512,0.57511902,data/raw/WHU_Mix_cities/dunedin/image/dunedin_588.tif,data/raw/WHU_Mix_cities/dunedin/label/dunedin_588.tif
train,dunedin,whu_mix,dunedin_884.tif,0,0,0,0,512,512,0.32827759,data/raw/WHU_Mix_cities/dunedin/image/dunedin_884.tif,data/raw/WHU_Mix_cities/dunedin/label/dunedin_884.tif
train,dunedin,whu_mix,dunedin_653.tif,0,0,0,0,512,512,0.35415268,data/raw/WHU_Mix_cities/dunedin/image/dunedin_653.tif,data/raw/WHU_Mix_cities/dunedin/label/dunedin_653.tif
train,dunedin,whu_mix,dunedin_367.tif,0,0,0,0,512,512,0.17223358,data/raw/WHU_Mix_cities/dunedin/image/dunedin_367.tif,data/raw/WHU_Mix_cities/dunedin/label/dunedin_367.tif
train,dunedin,whu_mix,dunedin_574.tif,0,0,0,0,512,512,0.11083984,data/raw/WHU_Mix_cities/dunedin/image/dunedin_574.tif,data/raw/WHU_Mix_cities/dunedin/label/dunedin_574.tif
train,dunedin,whu_mix,dunedin_107.tif,0,0,0,0,512,512,0.05079269,data/raw/WHU_Mix_cities/dunedin/image/dunedin_107.tif,data/raw/WHU_Mix_cities/dunedin/label/dunedin_107.tif
train,dunedin,whu_mix,dunedin_587.tif,0,0,0,0,512,512,0.35486603,data/raw/WHU_Mix_cities/dunedin/image/dunedin_587.tif,data/raw/WHU_Mix_cities/dunedin/label/dunedin_587.tif
train,dunedin,whu_mix,dunedin_1264.tif,0,0,0,0,512,512,0.00000000,data/raw/WHU_Mix_cities/dunedin/image/dunedin_1264.tif,data/raw/WHU_Mix_cities/dunedin/label/dunedin_1264.tif
train,dunedin,whu_mix,dunedin_923.tif,0,0,0,0,512,512,0.28838348,data/raw/WHU_Mix_cities/dunedin/image/dunedin_923.tif,data/raw/WHU_Mix_cities/dunedin/label/dunedin_923.tif
train,dunedin,whu_mix,dunedin_206.tif,0,0,0,0,512,512,0.17490387,data/raw/WHU_Mix_cities/dunedin/image/dunedin_206.tif,data/raw/WHU_Mix_cities/dunedin/label/dunedin_206.tif
train,dunedin,whu_mix,dunedin_486.tif,0,0,0,0,512,512,0.10918427,data/raw/WHU_Mix_cities/dunedin/image/dunedin_486.tif,data/raw/WHU_Mix_cities/dunedin/label/dunedin_486.tif
train,dunedin,whu_mix,dunedin_920.tif,0,0,0,0,512,512,0.36170578,data/raw/WHU_Mix_cities/dunedin/image/dunedin_920.tif,data/raw/WHU_Mix_cities/dunedin/label/dunedin_920.tif
train,dunedin,whu_mix,dunedin_1025.tif,0,0,0,0,512,512,0.28620911,data/raw/WHU_Mix_cities/dunedin/image/dunedin_1025.tif,data/raw/WHU_Mix_cities/dunedin/label/dunedin_1025.tif
train,dunedin,whu_mix,dunedin_377.tif,0,0,0,0,512,512,0.11732101,data/raw/WHU_Mix_cities/dunedin/image/dunedin_377.tif,data/raw/WHU_Mix_cities/dunedin/label/dunedin_377.tif
train,dunedin,whu_mix,dunedin_1278.tif,0,0,0,0,512,512,0.32879639,data/raw/WHU_Mix_cities/dunedin/image/dunedin_1278.tif,data/raw/WHU_Mix_cities/dunedin/label/dunedin_1278.tif
train,dunedin,whu_mix,dunedin_620.tif,0,0,0,0,512,512,0.49598312,data/raw/WHU_Mix_cities/dunedin/image/dunedin_620.tif,data/raw/WHU_Mix_cities/dunedin/label/dunedin_620.tif
train,dunedin,whu_mix,dunedin_113.tif,0,0,0,0,512,512,0.04308319,data/raw/WHU_Mix_cities/dunedin/image/dunedin_113.tif,data/raw/WHU_Mix_cities/dunedin/label/dunedin_113.tif
train,dunedin,whu_mix,dunedin_258.tif,0,0,0,0,512,512,0.27475739,data/raw/WHU_Mix_cities/dunedin/image/dunedin_258.tif,data/raw/WHU_Mix_cities/dunedin/label/dunedin_258.tif
train,dunedin,whu_mix,dunedin_912.tif,0,0,0,0,512,512,0.27044296,data/raw/WHU_Mix_cities/dunedin/image/dunedin_912.tif,data/raw/WHU_Mix_cities/dunedin/label/dunedin_912.tif
train,dunedin,whu_mix,dunedin_878.tif,0,0,0,0,512,512,0.30182266,data/raw/WHU_Mix_cities/dunedin/image/dunedin_878.tif,data/raw/WHU_Mix_cities/dunedin/label/dunedin_878.tif
train,dunedin,whu_mix,dunedin_513.tif,0,0,0,0,512,512,0.05193329,data/raw/WHU_Mix_cities/dunedin/image/dunedin_513.tif,data/raw/WHU_Mix_cities/dunedin/label/dunedin_513.tif
train,dunedin,whu_mix,dunedin_1311.tif,0,0,0,0,512,512,0.00000000,data/raw/WHU_Mix_cities/dunedin/image/dunedin_1311.tif,data/raw/WHU_Mix_cities/dunedin/label/dunedin_1311.tif
train,dunedin,whu_mix,dunedin_763.tif,0,0,0,0,512,512,0.28876114,data/raw/WHU_Mix_cities/dunedin/image/dunedin_763.tif,data/raw/WHU_Mix_cities/dunedin/label/dunedin_763.tif
train,khartoum,whu_mix,khartoum_692.tif,0,0,0,0,512,512,0.49916458,data/raw/WHU_Mix_cities/khartoum/image/khartoum_692.tif,data/raw/WHU_Mix_cities/khartoum/label/khartoum_692.tif
train,khartoum,whu_mix,khartoum_396.tif,0,0,0,0,512,512,0.36824417,data/raw/WHU_Mix_cities/khartoum/image/khartoum_396.tif,data/raw/WHU_Mix_cities/khartoum/label/khartoum_396.tif
train,khartoum,whu_mix,khartoum_514.tif,0,0,0,0,512,512,0.29660034,data/raw/WHU_Mix_cities/khartoum/image/khartoum_514.tif,data/raw/WHU_Mix_cities/khartoum/label/khartoum_514.tif
train,khartoum,whu_mix,khartoum_864.tif,0,0,0,0,512,512,0.28724289,data/raw/WHU_Mix_cities/khartoum/image/khartoum_864.tif,data/raw/WHU_Mix_cities/khartoum/label/khartoum_864.tif
train,khartoum,whu_mix,khartoum_761.tif,0,0,0,0,512,512,0.10566330,data/raw/WHU_Mix_cities/khartoum/image/khartoum_761.tif,data/raw/WHU_Mix_cities/khartoum/label/khartoum_761.tif
train,khartoum,whu_mix,khartoum_469.tif,0,0,0,0,512,512,0.12237167,data/raw/WHU_Mix_cities/khartoum/image/khartoum_469.tif,data/raw/WHU_Mix_cities/khartoum/label/khartoum_469.tif
train,khartoum,whu_mix,khartoum_311.tif,0,0,0,0,512,512,0.02468109,data/raw/WHU_Mix_cities/khartoum/image/khartoum_311.tif,data/raw/WHU_Mix_cities/khartoum/label/khartoum_311.tif
train,khartoum,whu_mix,khartoum_408.tif,0,0,0,0,512,512,0.03172302,data/raw/WHU_Mix_cities/khartoum/image/khartoum_408.tif,data/raw/WHU_Mix_cities/khartoum/label/khartoum_408.tif
train,khartoum,whu_mix,khartoum_259.tif,0,0,0,0,512,512,0.40639877,data/raw/WHU_Mix_cities/khartoum/image/khartoum_259.tif,data/raw/WHU_Mix_cities/khartoum/label/khartoum_259.tif
train,khartoum,whu_mix,khartoum_282.tif,0,0,0,0,512,512,0.28613281,data/raw/WHU_Mix_cities/khartoum/image/khartoum_282.tif,data/raw/WHU_Mix_cities/khartoum/label/khartoum_282.tif
train,khartoum,whu_mix,khartoum_805.tif,0,0,0,0,512,512,0.11278534,data/raw/WHU_Mix_cities/khartoum/image/khartoum_805.tif,data/raw/WHU_Mix_cities/khartoum/label/khartoum_805.tif
train,khartoum,whu_mix,khartoum_983.tif,0,0,0,0,512,512,0.08562469,data/raw/WHU_Mix_cities/khartoum/image/khartoum_983.tif,data/raw/WHU_Mix_cities/khartoum/label/khartoum_983.tif
train,khartoum,whu_mix,khartoum_215.tif,0,0,0,0,512,512,0.04782104,data/raw/WHU_Mix_cities/khartoum/image/khartoum_215.tif,data/raw/WHU_Mix_cities/khartoum/label/khartoum_215.tif
train,khartoum,whu_mix,khartoum_129.tif,0,0,0,0,512,512,0.30337524,data/raw/WHU_Mix_cities/khartoum/image/khartoum_129.tif,data/raw/WHU_Mix_cities/khartoum/label/khartoum_129.tif
train,khartoum,whu_mix,khartoum_290.tif,0,0,0,0,512,512,0.01671982,data/raw/WHU_Mix_cities/khartoum/image/khartoum_290.tif,data/raw/WHU_Mix_cities/khartoum/label/khartoum_290.tif
train,khartoum,whu_mix,khartoum_68.tif,0,0,0,0,512,512,0.29017639,data/raw/WHU_Mix_cities/khartoum/image/khartoum_68.tif,data/raw/WHU_Mix_cities/khartoum/label/khartoum_68.tif
train,khartoum,whu_mix,khartoum_661.tif,0,0,0,0,512,512,0.02977371,data/raw/WHU_Mix_cities/khartoum/image/khartoum_661.tif,data/raw/WHU_Mix_cities/khartoum/label/khartoum_661.tif
train,khartoum,whu_mix,khartoum_433.tif,0,0,0,0,512,512,0.36397171,data/raw/WHU_Mix_cities/khartoum/image/khartoum_433.tif,data/raw/WHU_Mix_cities/khartoum/label/khartoum_433.tif
train,khartoum,whu_mix,khartoum_964.tif,0,0,0,0,512,512,0.13713837,data/raw/WHU_Mix_cities/khartoum/image/khartoum_964.tif,data/raw/WHU_Mix_cities/khartoum/label/khartoum_964.tif
train,khartoum,whu_mix,khartoum_208.tif,0,0,0,0,512,512,0.24636841,data/raw/WHU_Mix_cities/khartoum/image/khartoum_208.tif,data/raw/WHU_Mix_cities/khartoum/label/khartoum_208.tif
train,khartoum,whu_mix,khartoum_287.tif,0,0,0,0,512,512,0.17767715,data/raw/WHU_Mix_cities/khartoum/image/khartoum_287.tif,data/raw/WHU_Mix_cities/khartoum/label/khartoum_287.tif
train,khartoum,whu_mix,khartoum_360.tif,0,0,0,0,512,512,0.02323914,data/raw/WHU_Mix_cities/khartoum/image/khartoum_360.tif,data/raw/WHU_Mix_cities/khartoum/label/khartoum_360.tif
train,khartoum,whu_mix,khartoum_33.tif,0,0,0,0,512,512,0.10459137,data/raw/WHU_Mix_cities/khartoum/image/khartoum_33.tif,data/raw/WHU_Mix_cities/khartoum/label/khartoum_33.tif
train,khartoum,whu_mix,khartoum_88.tif,0,0,0,0,512,512,0.08592224,data/raw/WHU_Mix_cities/khartoum/image/khartoum_88.tif,data/raw/WHU_Mix_cities/khartoum/label/khartoum_88.tif
train,khartoum,whu_mix,khartoum_365.tif,0,0,0,0,512,512,0.21443558,data/raw/WHU_Mix_cities/khartoum/image/khartoum_365.tif,data/raw/WHU_Mix_cities/khartoum/label/khartoum_365.tif
train,khartoum,whu_mix,khartoum_990.tif,0,0,0,0,512,512,0.03337860,data/raw/WHU_Mix_cities/khartoum/image/khartoum_990.tif,data/raw/WHU_Mix_cities/khartoum/label/khartoum_990.tif
train,khartoum,whu_mix,khartoum_549.tif,0,0,0,0,512,512,0.19889450,data/raw/WHU_Mix_cities/khartoum/image/khartoum_549.tif,data/raw/WHU_Mix_cities/khartoum/label/khartoum_549.tif
train,khartoum,whu_mix,khartoum_518.tif,0,0,0,0,512,512,0.25725937,data/raw/WHU_Mix_cities/khartoum/image/khartoum_518.tif,data/raw/WHU_Mix_cities/khartoum/label/khartoum_518.tif
train,khartoum,whu_mix,khartoum_926.tif,0,0,0,0,512,512,0.22505188,data/raw/WHU_Mix_cities/khartoum/image/khartoum_926.tif,data/raw/WHU_Mix_cities/khartoum/label/khartoum_926.tif
train,khartoum,whu_mix,khartoum_72.tif,0,0,0,0,512,512,0.27017593,data/raw/WHU_Mix_cities/khartoum/image/khartoum_72.tif,data/raw/WHU_Mix_cities/khartoum/label/khartoum_72.tif
train,khartoum,whu_mix,khartoum_119.tif,0,0,0,0,512,512,0.19813156,data/raw/WHU_Mix_cities/khartoum/image/khartoum_119.tif,data/raw/WHU_Mix_cities/khartoum/label/khartoum_119.tif
train,khartoum,whu_mix,khartoum_428.tif,0,0,0,0,512,512,0.08280945,data/raw/WHU_Mix_cities/khartoum/image/khartoum_428.tif,data/raw/WHU_Mix_cities/khartoum/label/khartoum_428.tif
train,khartoum,whu_mix,khartoum_569.tif,0,0,0,0,512,512,0.34716415,data/raw/WHU_Mix_cities/khartoum/image/khartoum_569.tif,data/raw/WHU_Mix_cities/khartoum/label/khartoum_569.tif
train,khartoum,whu_mix,khartoum_666.tif,0,0,0,0,512,512,0.38287735,data/raw/WHU_Mix_cities/khartoum/image/khartoum_666.tif,data/raw/WHU_Mix_cities/khartoum/label/khartoum_666.tif
train,khartoum,whu_mix,khartoum_108.tif,0,0,0,0,512,512,0.00117874,data/raw/WHU_Mix_cities/khartoum/image/khartoum_108.tif,data/raw/WHU_Mix_cities/khartoum/label/khartoum_108.tif
train,khartoum,whu_mix,khartoum_894.tif,0,0,0,0,512,512,0.01851273,data/raw/WHU_Mix_cities/khartoum/image/khartoum_894.tif,data/raw/WHU_Mix_cities/khartoum/label/khartoum_894.tif
train,khartoum,whu_mix,khartoum_494.tif,0,0,0,0,512,512,0.04491425,data/raw/WHU_Mix_cities/khartoum/image/khartoum_494.tif,data/raw/WHU_Mix_cities/khartoum/label/khartoum_494.tif
train,khartoum,whu_mix,khartoum_535.tif,0,0,0,0,512,512,0.01994324,data/raw/WHU_Mix_cities/khartoum/image/khartoum_535.tif,data/raw/WHU_Mix_cities/khartoum/label/khartoum_535.tif
train,khartoum,whu_mix,khartoum_697.tif,0,0,0,0,512,512,0.46249008,data/raw/WHU_Mix_cities/khartoum/image/khartoum_697.tif,data/raw/WHU_Mix_cities/khartoum/label/khartoum_697.tif
train,khartoum,whu_mix,khartoum_987.tif,0,0,0,0,512,512,0.04680634,data/raw/WHU_Mix_cities/khartoum/image/khartoum_987.tif,data/raw/WHU_Mix_cities/khartoum/label/khartoum_987.tif
train,khartoum,whu_mix,khartoum_944.tif,0,0,0,0,512,512,0.18897247,data/raw/WHU_Mix_cities/khartoum/image/khartoum_944.tif,data/raw/WHU_Mix_cities/khartoum/label/khartoum_944.tif
train,khartoum,whu_mix,khartoum_622.tif,0,0,0,0,512,512,0.34304047,data/raw/WHU_Mix_cities/khartoum/image/khartoum_622.tif,data/raw/WHU_Mix_cities/khartoum/label/khartoum_622.tif
train,khartoum,whu_mix,khartoum_997.tif,0,0,0,0,512,512,0.00945663,data/raw/WHU_Mix_cities/khartoum/image/khartoum_997.tif,data/raw/WHU_Mix_cities/khartoum/label/khartoum_997.tif
train,khartoum,whu_mix,khartoum_481.tif,0,0,0,0,512,512,0.00278473,data/raw/WHU_Mix_cities/khartoum/image/khartoum_481.tif,data/raw/WHU_Mix_cities/khartoum/label/khartoum_481.tif
train,khartoum,whu_mix,khartoum_393.tif,0,0,0,0,512,512,0.03255081,data/raw/WHU_Mix_cities/khartoum/image/khartoum_393.tif,data/raw/WHU_Mix_cities/khartoum/label/khartoum_393.tif
train,khartoum,whu_mix,khartoum_508.tif,0,0,0,0,512,512,0.34071732,data/raw/WHU_Mix_cities/khartoum/image/khartoum_508.tif,data/raw/WHU_Mix_cities/khartoum/label/khartoum_508.tif
train,khartoum,whu_mix,khartoum_57.tif,0,0,0,0,512,512,0.11610413,data/raw/WHU_Mix_cities/khartoum/image/khartoum_57.tif,data/raw/WHU_Mix_cities/khartoum/label/khartoum_57.tif
train,khartoum,whu_mix,khartoum_193.tif,0,0,0,0,512,512,0.03021240,data/raw/WHU_Mix_cities/khartoum/image/khartoum_193.tif,data/raw/WHU_Mix_cities/khartoum/label/khartoum_193.tif
train,khartoum,whu_mix,khartoum_281.tif,0,0,0,0,512,512,0.16527176,data/raw/WHU_Mix_cities/khartoum/image/khartoum_281.tif,data/raw/WHU_Mix_cities/khartoum/label/khartoum_281.tif
train,khartoum,whu_mix,khartoum_890.tif,0,0,0,0,512,512,0.21371460,data/raw/WHU_Mix_cities/khartoum/image/khartoum_890.tif,data/raw/WHU_Mix_cities/khartoum/label/khartoum_890.tif
train,khartoum,whu_mix,khartoum_516.tif,0,0,0,0,512,512,0.11731339,data/raw/WHU_Mix_cities/khartoum/image/khartoum_516.tif,data/raw/WHU_Mix_cities/khartoum/label/khartoum_516.tif
train,khartoum,whu_mix,khartoum_897.tif,0,0,0,0,512,512,0.00107193,data/raw/WHU_Mix_cities/khartoum/image/khartoum_897.tif,data/raw/WHU_Mix_cities/khartoum/label/khartoum_897.tif
train,khartoum,whu_mix,khartoum_701.tif,0,0,0,0,512,512,0.03737259,data/raw/WHU_Mix_cities/khartoum/image/khartoum_701.tif,data/raw/WHU_Mix_cities/khartoum/label/khartoum_701.tif
train,khartoum,whu_mix,khartoum_227.tif,0,0,0,0,512,512,0.35747528,data/raw/WHU_Mix_cities/khartoum/image/khartoum_227.tif,data/raw/WHU_Mix_cities/khartoum/label/khartoum_227.tif
train,khartoum,whu_mix,khartoum_904.tif,0,0,0,0,512,512,0.30433273,data/raw/WHU_Mix_cities/khartoum/image/khartoum_904.tif,data/raw/WHU_Mix_cities/khartoum/label/khartoum_904.tif
train,khartoum,whu_mix,khartoum_328.tif,0,0,0,0,512,512,0.10889053,data/raw/WHU_Mix_cities/khartoum/image/khartoum_328.tif,data/raw/WHU_Mix_cities/khartoum/label/khartoum_328.tif
train,khartoum,whu_mix,khartoum_924.tif,0,0,0,0,512,512,0.30035019,data/raw/WHU_Mix_cities/khartoum/image/khartoum_924.tif,data/raw/WHU_Mix_cities/khartoum/label/khartoum_924.tif
train,khartoum,whu_mix,khartoum_102.tif,0,0,0,0,512,512,0.29965210,data/raw/WHU_Mix_cities/khartoum/image/khartoum_102.tif,data/raw/WHU_Mix_cities/khartoum/label/khartoum_102.tif
train,khartoum,whu_mix,khartoum_647.tif,0,0,0,0,512,512,0.24290085,data/raw/WHU_Mix_cities/khartoum/image/khartoum_647.tif,data/raw/WHU_Mix_cities/khartoum/label/khartoum_647.tif
train,khartoum,whu_mix,khartoum_598.tif,0,0,0,0,512,512,0.10557938,data/raw/WHU_Mix_cities/khartoum/image/khartoum_598.tif,data/raw/WHU_Mix_cities/khartoum/label/khartoum_598.tif
train,khartoum,whu_mix,khartoum_522.tif,0,0,0,0,512,512,0.45391846,data/raw/WHU_Mix_cities/khartoum/image/khartoum_522.tif,data/raw/WHU_Mix_cities/khartoum/label/khartoum_522.tif
train,khartoum,whu_mix,khartoum_806.tif,0,0,0,0,512,512,0.11490631,data/raw/WHU_Mix_cities/khartoum/image/khartoum_806.tif,data/raw/WHU_Mix_cities/khartoum/label/khartoum_806.tif
train,khartoum,whu_mix,khartoum_902.tif,0,0,0,0,512,512,0.01978302,data/raw/WHU_Mix_cities/khartoum/image/khartoum_902.tif,data/raw/WHU_Mix_cities/khartoum/label/khartoum_902.tif
train,khartoum,whu_mix,khartoum_299.tif,0,0,0,0,512,512,0.37100220,data/raw/WHU_Mix_cities/khartoum/image/khartoum_299.tif,data/raw/WHU_Mix_cities/khartoum/label/khartoum_299.tif
train,khartoum,whu_mix,khartoum_388.tif,0,0,0,0,512,512,0.24126434,data/raw/WHU_Mix_cities/khartoum/image/khartoum_388.tif,data/raw/WHU_Mix_cities/khartoum/label/khartoum_388.tif
train,khartoum,whu_mix,khartoum_644.tif,0,0,0,0,512,512,0.03731155,data/raw/WHU_Mix_cities/khartoum/image/khartoum_644.tif,data/raw/WHU_Mix_cities/khartoum/label/khartoum_644.tif
train,khartoum,whu_mix,khartoum_133.tif,0,0,0,0,512,512,0.17372894,data/raw/WHU_Mix_cities/khartoum/image/khartoum_133.tif,data/raw/WHU_Mix_cities/khartoum/label/khartoum_133.tif
train,khartoum,whu_mix,khartoum_916.tif,0,0,0,0,512,512,0.20196152,data/raw/WHU_Mix_cities/khartoum/image/khartoum_916.tif,data/raw/WHU_Mix_cities/khartoum/label/khartoum_916.tif
train,khartoum,whu_mix,khartoum_43.tif,0,0,0,0,512,512,0.14536285,data/raw/WHU_Mix_cities/khartoum/image/khartoum_43.tif,data/raw/WHU_Mix_cities/khartoum/label/khartoum_43.tif
train,khartoum,whu_mix,khartoum_406.tif,0,0,0,0,512,512,0.11614609,data/raw/WHU_Mix_cities/khartoum/image/khartoum_406.tif,data/raw/WHU_Mix_cities/khartoum/label/khartoum_406.tif
train,khartoum,whu_mix,khartoum_331.tif,0,0,0,0,512,512,0.20927429,data/raw/WHU_Mix_cities/khartoum/image/khartoum_331.tif,data/raw/WHU_Mix_cities/khartoum/label/khartoum_331.tif
train,khartoum,whu_mix,khartoum_578.tif,0,0,0,0,512,512,0.07321167,data/raw/WHU_Mix_cities/khartoum/image/khartoum_578.tif,data/raw/WHU_Mix_cities/khartoum/label/khartoum_578.tif
train,khartoum,whu_mix,khartoum_28.tif,0,0,0,0,512,512,0.11273193,data/raw/WHU_Mix_cities/khartoum/image/khartoum_28.tif,data/raw/WHU_Mix_cities/khartoum/label/khartoum_28.tif
train,khartoum,whu_mix,khartoum_610.tif,0,0,0,0,512,512,0.14488220,data/raw/WHU_Mix_cities/khartoum/image/khartoum_610.tif,data/raw/WHU_Mix_cities/khartoum/label/khartoum_610.tif
train,khartoum,whu_mix,khartoum_615.tif,0,0,0,0,512,512,0.08062363,data/raw/WHU_Mix_cities/khartoum/image/khartoum_615.tif,data/raw/WHU_Mix_cities/khartoum/label/khartoum_615.tif
train,khartoum,whu_mix,khartoum_423.tif,0,0,0,0,512,512,0.00190735,data/raw/WHU_Mix_cities/khartoum/image/khartoum_423.tif,data/raw/WHU_Mix_cities/khartoum/label/khartoum_423.tif
train,khartoum,whu_mix,khartoum_289.tif,0,0,0,0,512,512,0.01216507,data/raw/WHU_Mix_cities/khartoum/image/khartoum_289.tif,data/raw/WHU_Mix_cities/khartoum/label/khartoum_289.tif
train,khartoum,whu_mix,khartoum_2.tif,0,0,0,0,512,512,0.02801132,data/raw/WHU_Mix_cities/khartoum/image/khartoum_2.tif,data/raw/WHU_Mix_cities/khartoum/label/khartoum_2.tif
train,khartoum,whu_mix,khartoum_81.tif,0,0,0,0,512,512,0.02060318,data/raw/WHU_Mix_cities/khartoum/image/khartoum_81.tif,data/raw/WHU_Mix_cities/khartoum/label/khartoum_81.tif
train,khartoum,whu_mix,khartoum_491.tif,0,0,0,0,512,512,0.09894180,data/raw/WHU_Mix_cities/khartoum/image/khartoum_491.tif,data/raw/WHU_Mix_cities/khartoum/label/khartoum_491.tif
train,khartoum,whu_mix,khartoum_186.tif,0,0,0,0,512,512,0.05268478,data/raw/WHU_Mix_cities/khartoum/image/khartoum_186.tif,data/raw/WHU_Mix_cities/khartoum/label/khartoum_186.tif
train,khartoum,whu_mix,khartoum_905.tif,0,0,0,0,512,512,0.34331131,data/raw/WHU_Mix_cities/khartoum/image/khartoum_905.tif,data/raw/WHU_Mix_cities/khartoum/label/khartoum_905.tif
train,khartoum,whu_mix,khartoum_257.tif,0,0,0,0,512,512,0.36568069,data/raw/WHU_Mix_cities/khartoum/image/khartoum_257.tif,data/raw/WHU_Mix_cities/khartoum/label/khartoum_257.tif
train,khartoum,whu_mix,khartoum_91.tif,0,0,0,0,512,512,0.05295181,data/raw/WHU_Mix_cities/khartoum/image/khartoum_91.tif,data/raw/WHU_Mix_cities/khartoum/label/khartoum_91.tif
train,khartoum,whu_mix,khartoum_746.tif,0,0,0,0,512,512,0.08582306,data/raw/WHU_Mix_cities/khartoum/image/khartoum_746.tif,data/raw/WHU_Mix_cities/khartoum/label/khartoum_746.tif
train,khartoum,whu_mix,khartoum_796.tif,0,0,0,0,512,512,0.40332794,data/raw/WHU_Mix_cities/khartoum/image/khartoum_796.tif,data/raw/WHU_Mix_cities/khartoum/label/khartoum_796.tif
train,khartoum,whu_mix,khartoum_16.tif,0,0,0,0,512,512,0.03182602,data/raw/WHU_Mix_cities/khartoum/image/khartoum_16.tif,data/raw/WHU_Mix_cities/khartoum/label/khartoum_16.tif
train,khartoum,whu_mix,khartoum_727.tif,0,0,0,0,512,512,0.14840317,data/raw/WHU_Mix_cities/khartoum/image/khartoum_727.tif,data/raw/WHU_Mix_cities/khartoum/label/khartoum_727.tif
train,khartoum,whu_mix,khartoum_660.tif,0,0,0,0,512,512,0.21312332,data/raw/WHU_Mix_cities/khartoum/image/khartoum_660.tif,data/raw/WHU_Mix_cities/khartoum/label/khartoum_660.tif
train,khartoum,whu_mix,khartoum_100.tif,0,0,0,0,512,512,0.24776077,data/raw/WHU_Mix_cities/khartoum/image/khartoum_100.tif,data/raw/WHU_Mix_cities/khartoum/label/khartoum_100.tif
train,khartoum,whu_mix,khartoum_236.tif,0,0,0,0,512,512,0.26357651,data/raw/WHU_Mix_cities/khartoum/image/khartoum_236.tif,data/raw/WHU_Mix_cities/khartoum/label/khartoum_236.tif
train,khartoum,whu_mix,khartoum_670.tif,0,0,0,0,512,512,0.22481918,data/raw/WHU_Mix_cities/khartoum/image/khartoum_670.tif,data/raw/WHU_Mix_cities/khartoum/label/khartoum_670.tif
train,khartoum,whu_mix,khartoum_713.tif,0,0,0,0,512,512,0.32044983,data/raw/WHU_Mix_cities/khartoum/image/khartoum_713.tif,data/raw/WHU_Mix_cities/khartoum/label/khartoum_713.tif
train,khartoum,whu_mix,khartoum_367.tif,0,0,0,0,512,512,0.02454376,data/raw/WHU_Mix_cities/khartoum/image/khartoum_367.tif,data/raw/WHU_Mix_cities/khartoum/label/khartoum_367.tif
train,khartoum,whu_mix,khartoum_780.tif,0,0,0,0,512,512,0.04426956,data/raw/WHU_Mix_cities/khartoum/image/khartoum_780.tif,data/raw/WHU_Mix_cities/khartoum/label/khartoum_780.tif
train,khartoum,whu_mix,khartoum_867.tif,0,0,0,0,512,512,0.31394196,data/raw/WHU_Mix_cities/khartoum/image/khartoum_867.tif,data/raw/WHU_Mix_cities/khartoum/label/khartoum_867.tif
train,khartoum,whu_mix,khartoum_4.tif,0,0,0,0,512,512,0.18632126,data/raw/WHU_Mix_cities/khartoum/image/khartoum_4.tif,data/raw/WHU_Mix_cities/khartoum/label/khartoum_4.tif
train,khartoum,whu_mix,khartoum_456.tif,0,0,0,0,512,512,0.37776947,data/raw/WHU_Mix_cities/khartoum/image/khartoum_456.tif,data/raw/WHU_Mix_cities/khartoum/label/khartoum_456.tif
train,khartoum,whu_mix,khartoum_795.tif,0,0,0,0,512,512,0.39626312,data/raw/WHU_Mix_cities/khartoum/image/khartoum_795.tif,data/raw/WHU_Mix_cities/khartoum/label/khartoum_795.tif
train,khartoum,whu_mix,khartoum_484.tif,0,0,0,0,512,512,0.07880402,data/raw/WHU_Mix_cities/khartoum/image/khartoum_484.tif,data/raw/WHU_Mix_cities/khartoum/label/khartoum_484.tif
train,khartoum,whu_mix,khartoum_154.tif,0,0,0,0,512,512,0.06809616,data/raw/WHU_Mix_cities/khartoum/image/khartoum_154.tif,data/raw/WHU_Mix_cities/khartoum/label/khartoum_154.tif
train,khartoum,whu_mix,khartoum_722.tif,0,0,0,0,512,512,0.03337479,data/raw/WHU_Mix_cities/khartoum/image/khartoum_722.tif,data/raw/WHU_Mix_cities/khartoum/label/khartoum_722.tif
train,khartoum,whu_mix,khartoum_411.tif,0,0,0,0,512,512,0.19415283,data/raw/WHU_Mix_cities/khartoum/image/khartoum_411.tif,data/raw/WHU_Mix_cities/khartoum/label/khartoum_411.tif
train,khartoum,whu_mix,khartoum_609.tif,0,0,0,0,512,512,0.28607178,data/raw/WHU_Mix_cities/khartoum/image/khartoum_609.tif,data/raw/WHU_Mix_cities/khartoum/label/khartoum_609.tif
train,khartoum,whu_mix,khartoum_934.tif,0,0,0,0,512,512,0.16422272,data/raw/WHU_Mix_cities/khartoum/image/khartoum_934.tif,data/raw/WHU_Mix_cities/khartoum/label/khartoum_934.tif
train,khartoum,whu_mix,khartoum_677.tif,0,0,0,0,512,512,0.05554962,data/raw/WHU_Mix_cities/khartoum/image/khartoum_677.tif,data/raw/WHU_Mix_cities/khartoum/label/khartoum_677.tif
train,khartoum,whu_mix,khartoum_736.tif,0,0,0,0,512,512,0.37207031,data/raw/WHU_Mix_cities/khartoum/image/khartoum_736.tif,data/raw/WHU_Mix_cities/khartoum/label/khartoum_736.tif
train,khartoum,whu_mix,khartoum_810.tif,0,0,0,0,512,512,0.16839218,data/raw/WHU_Mix_cities/khartoum/image/khartoum_810.tif,data/raw/WHU_Mix_cities/khartoum/label/khartoum_810.tif
train,khartoum,whu_mix,khartoum_48.tif,0,0,0,0,512,512,0.16196823,data/raw/WHU_Mix_cities/khartoum/image/khartoum_48.tif,data/raw/WHU_Mix_cities/khartoum/label/khartoum_48.tif
train,khartoum,whu_mix,khartoum_963.tif,0,0,0,0,512,512,0.13451385,data/raw/WHU_Mix_cities/khartoum/image/khartoum_963.tif,data/raw/WHU_Mix_cities/khartoum/label/khartoum_963.tif
train,khartoum,whu_mix,khartoum_92.tif,0,0,0,0,512,512,0.09673309,data/raw/WHU_Mix_cities/khartoum/image/khartoum_92.tif,data/raw/WHU_Mix_cities/khartoum/label/khartoum_92.tif
train,khartoum,whu_mix,khartoum_1.tif,0,0,0,0,512,512,0.06349945,data/raw/WHU_Mix_cities/khartoum/image/khartoum_1.tif,data/raw/WHU_Mix_cities/khartoum/label/khartoum_1.tif
train,khartoum,whu_mix,khartoum_588.tif,0,0,0,0,512,512,0.22320175,data/raw/WHU_Mix_cities/khartoum/image/khartoum_588.tif,data/raw/WHU_Mix_cities/khartoum/label/khartoum_588.tif
train,khartoum,whu_mix,khartoum_1003.tif,0,0,0,0,512,512,0.01712418,data/raw/WHU_Mix_cities/khartoum/image/khartoum_1003.tif,data/raw/WHU_Mix_cities/khartoum/label/khartoum_1003.tif
train,khartoum,whu_mix,khartoum_992.tif,0,0,0,0,512,512,0.01726151,data/raw/WHU_Mix_cities/khartoum/image/khartoum_992.tif,data/raw/WHU_Mix_cities/khartoum/label/khartoum_992.tif
train,khartoum,whu_mix,khartoum_346.tif,0,0,0,0,512,512,0.05258179,data/raw/WHU_Mix_cities/khartoum/image/khartoum_346.tif,data/raw/WHU_Mix_cities/khartoum/label/khartoum_346.tif
train,khartoum,whu_mix,khartoum_1006.tif,0,0,0,0,512,512,0.02361679,data/raw/WHU_Mix_cities/khartoum/image/khartoum_1006.tif,data/raw/WHU_Mix_cities/khartoum/label/khartoum_1006.tif
train,khartoum,whu_mix,khartoum_843.tif,0,0,0,0,512,512,0.00384521,data/raw/WHU_Mix_cities/khartoum/image/khartoum_843.tif,data/raw/WHU_Mix_cities/khartoum/label/khartoum_843.tif
train,khartoum,whu_mix,khartoum_206.tif,0,0,0,0,512,512,0.49940109,data/raw/WHU_Mix_cities/khartoum/image/khartoum_206.tif,data/raw/WHU_Mix_cities/khartoum/label/khartoum_206.tif
train,khartoum,whu_mix,khartoum_594.tif,0,0,0,0,512,512,0.00489807,data/raw/WHU_Mix_cities/khartoum/image/khartoum_594.tif,data/raw/WHU_Mix_cities/khartoum/label/khartoum_594.tif
train,khartoum,whu_mix,khartoum_459.tif,0,0,0,0,512,512,0.11316681,data/raw/WHU_Mix_cities/khartoum/image/khartoum_459.tif,data/raw/WHU_Mix_cities/khartoum/label/khartoum_459.tif
train,khartoum,whu_mix,khartoum_773.tif,0,0,0,0,512,512,0.00748062,data/raw/WHU_Mix_cities/khartoum/image/khartoum_773.tif,data/raw/WHU_Mix_cities/khartoum/label/khartoum_773.tif
train,khartoum,whu_mix,khartoum_301.tif,0,0,0,0,512,512,0.33614731,data/raw/WHU_Mix_cities/khartoum/image/khartoum_301.tif,data/raw/WHU_Mix_cities/khartoum/label/khartoum_301.tif
train,khartoum,whu_mix,khartoum_689.tif,0,0,0,0,512,512,0.29613495,data/raw/WHU_Mix_cities/khartoum/image/khartoum_689.tif,data/raw/WHU_Mix_cities/khartoum/label/khartoum_689.tif
train,khartoum,whu_mix,khartoum_573.tif,0,0,0,0,512,512,0.20411301,data/raw/WHU_Mix_cities/khartoum/image/khartoum_573.tif,data/raw/WHU_Mix_cities/khartoum/label/khartoum_573.tif
train,khartoum,whu_mix,khartoum_925.tif,0,0,0,0,512,512,0.30808258,data/raw/WHU_Mix_cities/khartoum/image/khartoum_925.tif,data/raw/WHU_Mix_cities/khartoum/label/khartoum_925.tif
train,khartoum,whu_mix,khartoum_989.tif,0,0,0,0,512,512,0.02107239,data/raw/WHU_Mix_cities/khartoum/image/khartoum_989.tif,data/raw/WHU_Mix_cities/khartoum/label/khartoum_989.tif
train,khartoum,whu_mix,khartoum_538.tif,0,0,0,0,512,512,0.03805923,data/raw/WHU_Mix_cities/khartoum/image/khartoum_538.tif,data/raw/WHU_Mix_cities/khartoum/label/khartoum_538.tif
train,khartoum,whu_mix,khartoum_74.tif,0,0,0,0,512,512,0.16116714,data/raw/WHU_Mix_cities/khartoum/image/khartoum_74.tif,data/raw/WHU_Mix_cities/khartoum/label/khartoum_74.tif
train,khartoum,whu_mix,khartoum_260.tif,0,0,0,0,512,512,0.26719284,data/raw/WHU_Mix_cities/khartoum/image/khartoum_260.tif,data/raw/WHU_Mix_cities/khartoum/label/khartoum_260.tif
train,khartoum,whu_mix,khartoum_62.tif,0,0,0,0,512,512,0.13350677,data/raw/WHU_Mix_cities/khartoum/image/khartoum_62.tif,data/raw/WHU_Mix_cities/khartoum/label/khartoum_62.tif
train,khartoum,whu_mix,khartoum_66.tif,0,0,0,0,512,512,0.18447495,data/raw/WHU_Mix_cities/khartoum/image/khartoum_66.tif,data/raw/WHU_Mix_cities/khartoum/label/khartoum_66.tif
train,khartoum,whu_mix,khartoum_673.tif,0,0,0,0,512,512,0.10546112,data/raw/WHU_Mix_cities/khartoum/image/khartoum_673.tif,data/raw/WHU_Mix_cities/khartoum/label/khartoum_673.tif
train,khartoum,whu_mix,khartoum_893.tif,0,0,0,0,512,512,0.04080582,data/raw/WHU_Mix_cities/khartoum/image/khartoum_893.tif,data/raw/WHU_Mix_cities/khartoum/label/khartoum_893.tif
train,khartoum,whu_mix,khartoum_439.tif,0,0,0,0,512,512,0.11861420,data/raw/WHU_Mix_cities/khartoum/image/khartoum_439.tif,data/raw/WHU_Mix_cities/khartoum/label/khartoum_439.tif
train,khartoum,whu_mix,khartoum_453.tif,0,0,0,0,512,512,0.37155914,data/raw/WHU_Mix_cities/khartoum/image/khartoum_453.tif,data/raw/WHU_Mix_cities/khartoum/label/khartoum_453.tif
train,khartoum,whu_mix,khartoum_185.tif,0,0,0,0,512,512,0.02392578,data/raw/WHU_Mix_cities/khartoum/image/khartoum_185.tif,data/raw/WHU_Mix_cities/khartoum/label/khartoum_185.tif
train,khartoum,whu_mix,khartoum_634.tif,0,0,0,0,512,512,0.08877945,data/raw/WHU_Mix_cities/khartoum/image/khartoum_634.tif,data/raw/WHU_Mix_cities/khartoum/label/khartoum_634.tif
train,khartoum,whu_mix,khartoum_877.tif,0,0,0,0,512,512,0.08855438,data/raw/WHU_Mix_cities/khartoum/image/khartoum_877.tif,data/raw/WHU_Mix_cities/khartoum/label/khartoum_877.tif
train,khartoum,whu_mix,khartoum_27.tif,0,0,0,0,512,512,0.12809753,data/raw/WHU_Mix_cities/khartoum/image/khartoum_27.tif,data/raw/WHU_Mix_cities/khartoum/label/khartoum_27.tif
train,khartoum,whu_mix,khartoum_146.tif,0,0,0,0,512,512,0.05588531,data/raw/WHU_Mix_cities/khartoum/image/khartoum_146.tif,data/raw/WHU_Mix_cities/khartoum/label/khartoum_146.tif
train,khartoum,whu_mix,khartoum_764.tif,0,0,0,0,512,512,0.44293976,data/raw/WHU_Mix_cities/khartoum/image/khartoum_764.tif,data/raw/WHU_Mix_cities/khartoum/label/khartoum_764.tif
train,khartoum,whu_mix,khartoum_139.tif,0,0,0,0,512,512,0.07857513,data/raw/WHU_Mix_cities/khartoum/image/khartoum_139.tif,data/raw/WHU_Mix_cities/khartoum/label/khartoum_139.tif
train,khartoum,whu_mix,khartoum_49.tif,0,0,0,0,512,512,0.05321121,data/raw/WHU_Mix_cities/khartoum/image/khartoum_49.tif,data/raw/WHU_Mix_cities/khartoum/label/khartoum_49.tif
train,khartoum,whu_mix,khartoum_779.tif,0,0,0,0,512,512,0.20749664,data/raw/WHU_Mix_cities/khartoum/image/khartoum_779.tif,data/raw/WHU_Mix_cities/khartoum/label/khartoum_779.tif
train,khartoum,whu_mix,khartoum_863.tif,0,0,0,0,512,512,0.19630432,data/raw/WHU_Mix_cities/khartoum/image/khartoum_863.tif,data/raw/WHU_Mix_cities/khartoum/label/khartoum_863.tif
train,khartoum,whu_mix,khartoum_272.tif,0,0,0,0,512,512,0.07213211,data/raw/WHU_Mix_cities/khartoum/image/khartoum_272.tif,data/raw/WHU_Mix_cities/khartoum/label/khartoum_272.tif
train,khartoum,whu_mix,khartoum_356.tif,0,0,0,0,512,512,0.45507431,data/raw/WHU_Mix_cities/khartoum/image/khartoum_356.tif,data/raw/WHU_Mix_cities/khartoum/label/khartoum_356.tif
train,khartoum,whu_mix,khartoum_67.tif,0,0,0,0,512,512,0.31389618,data/raw/WHU_Mix_cities/khartoum/image/khartoum_67.tif,data/raw/WHU_Mix_cities/khartoum/label/khartoum_67.tif
train,khartoum,whu_mix,khartoum_719.tif,0,0,0,0,512,512,0.13956070,data/raw/WHU_Mix_cities/khartoum/image/khartoum_719.tif,data/raw/WHU_Mix_cities/khartoum/label/khartoum_719.tif
train,khartoum,whu_mix,khartoum_922.tif,0,0,0,0,512,512,0.21961212,data/raw/WHU_Mix_cities/khartoum/image/khartoum_922.tif,data/raw/WHU_Mix_cities/khartoum/label/khartoum_922.tif
train,khartoum,whu_mix,khartoum_832.tif,0,0,0,0,512,512,0.46377563,data/raw/WHU_Mix_cities/khartoum/image/khartoum_832.tif,data/raw/WHU_Mix_cities/khartoum/label/khartoum_832.tif
train,khartoum,whu_mix,khartoum_409.tif,0,0,0,0,512,512,0.03867340,data/raw/WHU_Mix_cities/khartoum/image/khartoum_409.tif,data/raw/WHU_Mix_cities/khartoum/label/khartoum_409.tif
train,khartoum,whu_mix,khartoum_326.tif,0,0,0,0,512,512,0.04482651,data/raw/WHU_Mix_cities/khartoum/image/khartoum_326.tif,data/raw/WHU_Mix_cities/khartoum/label/khartoum_326.tif
train,khartoum,whu_mix,khartoum_658.tif,0,0,0,0,512,512,0.00479507,data/raw/WHU_Mix_cities/khartoum/image/khartoum_658.tif,data/raw/WHU_Mix_cities/khartoum/label/khartoum_658.tif
train,khartoum,whu_mix,khartoum_70.tif,0,0,0,0,512,512,0.29568481,data/raw/WHU_Mix_cities/khartoum/image/khartoum_70.tif,data/raw/WHU_Mix_cities/khartoum/label/khartoum_70.tif
train,khartoum,whu_mix,khartoum_58.tif,0,0,0,0,512,512,0.04183197,data/raw/WHU_Mix_cities/khartoum/image/khartoum_58.tif,data/raw/WHU_Mix_cities/khartoum/label/khartoum_58.tif
train,khartoum,whu_mix,khartoum_349.tif,0,0,0,0,512,512,0.26557541,data/raw/WHU_Mix_cities/khartoum/image/khartoum_349.tif,data/raw/WHU_Mix_cities/khartoum/label/khartoum_349.tif
train,khartoum,whu_mix,khartoum_534.tif,0,0,0,0,512,512,0.04716492,data/raw/WHU_Mix_cities/khartoum/image/khartoum_534.tif,data/raw/WHU_Mix_cities/khartoum/label/khartoum_534.tif
train,khartoum,whu_mix,khartoum_111.tif,0,0,0,0,512,512,0.18077087,data/raw/WHU_Mix_cities/khartoum/image/khartoum_111.tif,data/raw/WHU_Mix_cities/khartoum/label/khartoum_111.tif
train,khartoum,whu_mix,khartoum_583.tif,0,0,0,0,512,512,0.23907089,data/raw/WHU_Mix_cities/khartoum/image/khartoum_583.tif,data/raw/WHU_Mix_cities/khartoum/label/khartoum_583.tif
train,khartoum,whu_mix,khartoum_590.tif,0,0,0,0,512,512,0.17978287,data/raw/WHU_Mix_cities/khartoum/image/khartoum_590.tif,data/raw/WHU_Mix_cities/khartoum/label/khartoum_590.tif
train,khartoum,whu_mix,khartoum_865.tif,0,0,0,0,512,512,0.33357620,data/raw/WHU_Mix_cities/khartoum/image/khartoum_865.tif,data/raw/WHU_Mix_cities/khartoum/label/khartoum_865.tif
train,khartoum,whu_mix,khartoum_432.tif,0,0,0,0,512,512,0.34724808,data/raw/WHU_Mix_cities/khartoum/image/khartoum_432.tif,data/raw/WHU_Mix_cities/khartoum/label/khartoum_432.tif
train,khartoum,whu_mix,khartoum_985.tif,0,0,0,0,512,512,0.04305267,data/raw/WHU_Mix_cities/khartoum/image/khartoum_985.tif,data/raw/WHU_Mix_cities/khartoum/label/khartoum_985.tif
train,khartoum,whu_mix,khartoum_523.tif,0,0,0,0,512,512,0.12673950,data/raw/WHU_Mix_cities/khartoum/image/khartoum_523.tif,data/raw/WHU_Mix_cities/khartoum/label/khartoum_523.tif
train,khartoum,whu_mix,khartoum_870.tif,0,0,0,0,512,512,0.41920471,data/raw/WHU_Mix_cities/khartoum/image/khartoum_870.tif,data/raw/WHU_Mix_cities/khartoum/label/khartoum_870.tif
train,khartoum,whu_mix,khartoum_800.tif,0,0,0,0,512,512,0.54523849,data/raw/WHU_Mix_cities/khartoum/image/khartoum_800.tif,data/raw/WHU_Mix_cities/khartoum/label/khartoum_800.tif
train,khartoum,whu_mix,khartoum_616.tif,0,0,0,0,512,512,0.15127563,data/raw/WHU_Mix_cities/khartoum/image/khartoum_616.tif,data/raw/WHU_Mix_cities/khartoum/label/khartoum_616.tif
train,khartoum,whu_mix,khartoum_377.tif,0,0,0,0,512,512,0.01589203,data/raw/WHU_Mix_cities/khartoum/image/khartoum_377.tif,data/raw/WHU_Mix_cities/khartoum/label/khartoum_377.tif
train,khartoum,whu_mix,khartoum_809.tif,0,0,0,0,512,512,0.16096878,data/raw/WHU_Mix_cities/khartoum/image/khartoum_809.tif,data/raw/WHU_Mix_cities/khartoum/label/khartoum_809.tif
train,khartoum,whu_mix,khartoum_162.tif,0,0,0,0,512,512,0.00650787,data/raw/WHU_Mix_cities/khartoum/image/khartoum_162.tif,data/raw/WHU_Mix_cities/khartoum/label/khartoum_162.tif
train,khartoum,whu_mix,khartoum_181.tif,0,0,0,0,512,512,0.00661087,data/raw/WHU_Mix_cities/khartoum/image/khartoum_181.tif,data/raw/WHU_Mix_cities/khartoum/label/khartoum_181.tif
train,khartoum,whu_mix,khartoum_571.tif,0,0,0,0,512,512,0.37200546,data/raw/WHU_Mix_cities/khartoum/image/khartoum_571.tif,data/raw/WHU_Mix_cities/khartoum/label/khartoum_571.tif
train,khartoum,whu_mix,khartoum_731.tif,0,0,0,0,512,512,0.01426697,data/raw/WHU_Mix_cities/khartoum/image/khartoum_731.tif,data/raw/WHU_Mix_cities/khartoum/label/khartoum_731.tif
train,khartoum,whu_mix,khartoum_20.tif,0,0,0,0,512,512,0.01477051,data/raw/WHU_Mix_cities/khartoum/image/khartoum_20.tif,data/raw/WHU_Mix_cities/khartoum/label/khartoum_20.tif
train,khartoum,whu_mix,khartoum_318.tif,0,0,0,0,512,512,0.05815506,data/raw/WHU_Mix_cities/khartoum/image/khartoum_318.tif,data/raw/WHU_Mix_cities/khartoum/label/khartoum_318.tif
train,khartoum,whu_mix,khartoum_30.tif,0,0,0,0,512,512,0.02970886,data/raw/WHU_Mix_cities/khartoum/image/khartoum_30.tif,data/raw/WHU_Mix_cities/khartoum/label/khartoum_30.tif
train,khartoum,whu_mix,khartoum_967.tif,0,0,0,0,512,512,0.10357666,data/raw/WHU_Mix_cities/khartoum/image/khartoum_967.tif,data/raw/WHU_Mix_cities/khartoum/label/khartoum_967.tif
train,khartoum,whu_mix,khartoum_822.tif,0,0,0,0,512,512,0.22056198,data/raw/WHU_Mix_cities/khartoum/image/khartoum_822.tif,data/raw/WHU_Mix_cities/khartoum/label/khartoum_822.tif
train,khartoum,whu_mix,khartoum_517.tif,0,0,0,0,512,512,0.23384476,data/raw/WHU_Mix_cities/khartoum/image/khartoum_517.tif,data/raw/WHU_Mix_cities/khartoum/label/khartoum_517.tif
train,khartoum,whu_mix,khartoum_883.tif,0,0,0,0,512,512,0.19176102,data/raw/WHU_Mix_cities/khartoum/image/khartoum_883.tif,data/raw/WHU_Mix_cities/khartoum/label/khartoum_883.tif
train,khartoum,whu_mix,khartoum_429.tif,0,0,0,0,512,512,0.09241867,data/raw/WHU_Mix_cities/khartoum/image/khartoum_429.tif,data/raw/WHU_Mix_cities/khartoum/label/khartoum_429.tif
train,khartoum,whu_mix,khartoum_632.tif,0,0,0,0,512,512,0.35838699,data/raw/WHU_Mix_cities/khartoum/image/khartoum_632.tif,data/raw/WHU_Mix_cities/khartoum/label/khartoum_632.tif
train,khartoum,whu_mix,khartoum_550.tif,0,0,0,0,512,512,0.29379272,data/raw/WHU_Mix_cities/khartoum/image/khartoum_550.tif,data/raw/WHU_Mix_cities/khartoum/label/khartoum_550.tif
train,khartoum,whu_mix,khartoum_175.tif,0,0,0,0,512,512,0.00168610,data/raw/WHU_Mix_cities/khartoum/image/khartoum_175.tif,data/raw/WHU_Mix_cities/khartoum/label/khartoum_175.tif
train,khartoum,whu_mix,khartoum_184.tif,0,0,0,0,512,512,0.13854599,data/raw/WHU_Mix_cities/khartoum/image/khartoum_184.tif,data/raw/WHU_Mix_cities/khartoum/label/khartoum_184.tif
train,khartoum,whu_mix,khartoum_642.tif,0,0,0,0,512,512,0.33166122,data/raw/WHU_Mix_cities/khartoum/image/khartoum_642.tif,data/raw/WHU_Mix_cities/khartoum/label/khartoum_642.tif
train,khartoum,whu_mix,khartoum_220.tif,0,0,0,0,512,512,0.13801956,data/raw/WHU_Mix_cities/khartoum/image/khartoum_220.tif,data/raw/WHU_Mix_cities/khartoum/label/khartoum_220.tif
train,khartoum,whu_mix,khartoum_143.tif,0,0,0,0,512,512,0.00104904,data/raw/WHU_Mix_cities/khartoum/image/khartoum_143.tif,data/raw/WHU_Mix_cities/khartoum/label/khartoum_143.tif
train,khartoum,whu_mix,khartoum_327.tif,0,0,0,0,512,512,0.20560074,data/raw/WHU_Mix_cities/khartoum/image/khartoum_327.tif,data/raw/WHU_Mix_cities/khartoum/label/khartoum_327.tif
train,khartoum,whu_mix,khartoum_891.tif,0,0,0,0,512,512,0.00330734,data/raw/WHU_Mix_cities/khartoum/image/khartoum_891.tif,data/raw/WHU_Mix_cities/khartoum/label/khartoum_891.tif
train,khartoum,whu_mix,khartoum_739.tif,0,0,0,0,512,512,0.21643448,data/raw/WHU_Mix_cities/khartoum/image/khartoum_739.tif,data/raw/WHU_Mix_cities/khartoum/label/khartoum_739.tif
train,khartoum,whu_mix,khartoum_249.tif,0,0,0,0,512,512,0.24867249,data/raw/WHU_Mix_cities/khartoum/image/khartoum_249.tif,data/raw/WHU_Mix_cities/khartoum/label/khartoum_249.tif
train,khartoum,whu_mix,khartoum_744.tif,0,0,0,0,512,512,0.09413147,data/raw/WHU_Mix_cities/khartoum/image/khartoum_744.tif,data/raw/WHU_Mix_cities/khartoum/label/khartoum_744.tif
train,khartoum,whu_mix,khartoum_972.tif,0,0,0,0,512,512,0.12328720,data/raw/WHU_Mix_cities/khartoum/image/khartoum_972.tif,data/raw/WHU_Mix_cities/khartoum/label/khartoum_972.tif
train,khartoum,whu_mix,khartoum_965.tif,0,0,0,0,512,512,0.11619186,data/raw/WHU_Mix_cities/khartoum/image/khartoum_965.tif,data/raw/WHU_Mix_cities/khartoum/label/khartoum_965.tif
train,khartoum,whu_mix,khartoum_1007.tif,0,0,0,0,512,512,0.03300095,data/raw/WHU_Mix_cities/khartoum/image/khartoum_1007.tif,data/raw/WHU_Mix_cities/khartoum/label/khartoum_1007.tif
train,khartoum,whu_mix,khartoum_784.tif,0,0,0,0,512,512,0.00133514,data/raw/WHU_Mix_cities/khartoum/image/khartoum_784.tif,data/raw/WHU_Mix_cities/khartoum/label/khartoum_784.tif
train,khartoum,whu_mix,khartoum_561.tif,0,0,0,0,512,512,0.03647614,data/raw/WHU_Mix_cities/khartoum/image/khartoum_561.tif,data/raw/WHU_Mix_cities/khartoum/label/khartoum_561.tif
train,khartoum,whu_mix,khartoum_574.tif,0,0,0,0,512,512,0.17725754,data/raw/WHU_Mix_cities/khartoum/image/khartoum_574.tif,data/raw/WHU_Mix_cities/khartoum/label/khartoum_574.tif
train,khartoum,whu_mix,khartoum_407.tif,0,0,0,0,512,512,0.36139679,data/raw/WHU_Mix_cities/khartoum/image/khartoum_407.tif,data/raw/WHU_Mix_cities/khartoum/label/khartoum_407.tif
train,khartoum,whu_mix,khartoum_816.tif,0,0,0,0,512,512,0.20732880,data/raw/WHU_Mix_cities/khartoum/image/khartoum_816.tif,data/raw/WHU_Mix_cities/khartoum/label/khartoum_816.tif
train,khartoum,whu_mix,khartoum_101.tif,0,0,0,0,512,512,0.13904572,data/raw/WHU_Mix_cities/khartoum/image/khartoum_101.tif,data/raw/WHU_Mix_cities/khartoum/label/khartoum_101.tif
train,khartoum,whu_mix,khartoum_556.tif,0,0,0,0,512,512,0.06301117,data/raw/WHU_Mix_cities/khartoum/image/khartoum_556.tif,data/raw/WHU_Mix_cities/khartoum/label/khartoum_556.tif
train,khartoum,whu_mix,khartoum_749.tif,0,0,0,0,512,512,0.16339874,data/raw/WHU_Mix_cities/khartoum/image/khartoum_749.tif,data/raw/WHU_Mix_cities/khartoum/label/khartoum_749.tif
train,khartoum,whu_mix,khartoum_580.tif,0,0,0,0,512,512,0.23144150,data/raw/WHU_Mix_cities/khartoum/image/khartoum_580.tif,data/raw/WHU_Mix_cities/khartoum/label/khartoum_580.tif
train,khartoum,whu_mix,khartoum_442.tif,0,0,0,0,512,512,0.16925430,data/raw/WHU_Mix_cities/khartoum/image/khartoum_442.tif,data/raw/WHU_Mix_cities/khartoum/label/khartoum_442.tif
train,khartoum,whu_mix,khartoum_555.tif,0,0,0,0,512,512,0.13373566,data/raw/WHU_Mix_cities/khartoum/image/khartoum_555.tif,data/raw/WHU_Mix_cities/khartoum/label/khartoum_555.tif
train,khartoum,whu_mix,khartoum_214.tif,0,0,0,0,512,512,0.05573273,data/raw/WHU_Mix_cities/khartoum/image/khartoum_214.tif,data/raw/WHU_Mix_cities/khartoum/label/khartoum_214.tif
train,khartoum,whu_mix,khartoum_107.tif,0,0,0,0,512,512,0.03681183,data/raw/WHU_Mix_cities/khartoum/image/khartoum_107.tif,data/raw/WHU_Mix_cities/khartoum/label/khartoum_107.tif
train,khartoum,whu_mix,khartoum_552.tif,0,0,0,0,512,512,0.24008942,data/raw/WHU_Mix_cities/khartoum/image/khartoum_552.tif,data/raw/WHU_Mix_cities/khartoum/label/khartoum_552.tif
train,khartoum,whu_mix,khartoum_474.tif,0,0,0,0,512,512,0.01388168,data/raw/WHU_Mix_cities/khartoum/image/khartoum_474.tif,data/raw/WHU_Mix_cities/khartoum/label/khartoum_474.tif
train,khartoum,whu_mix,khartoum_721.tif,0,0,0,0,512,512,0.13293457,data/raw/WHU_Mix_cities/khartoum/image/khartoum_721.tif,data/raw/WHU_Mix_cities/khartoum/label/khartoum_721.tif
train,khartoum,whu_mix,khartoum_496.tif,0,0,0,0,512,512,0.13733673,data/raw/WHU_Mix_cities/khartoum/image/khartoum_496.tif,data/raw/WHU_Mix_cities/khartoum/label/khartoum_496.tif
train,khartoum,whu_mix,khartoum_152.tif,0,0,0,0,512,512,0.22074509,data/raw/WHU_Mix_cities/khartoum/image/khartoum_152.tif,data/raw/WHU_Mix_cities/khartoum/label/khartoum_152.tif
train,khartoum,whu_mix,khartoum_767.tif,0,0,0,0,512,512,0.26597977,data/raw/WHU_Mix_cities/khartoum/image/khartoum_767.tif,data/raw/WHU_Mix_cities/khartoum/label/khartoum_767.tif
train,khartoum,whu_mix,khartoum_391.tif,0,0,0,0,512,512,0.23312378,data/raw/WHU_Mix_cities/khartoum/image/khartoum_391.tif,data/raw/WHU_Mix_cities/khartoum/label/khartoum_391.tif
train,khartoum,whu_mix,khartoum_233.tif,0,0,0,0,512,512,0.11332703,data/raw/WHU_Mix_cities/khartoum/image/khartoum_233.tif,data/raw/WHU_Mix_cities/khartoum/label/khartoum_233.tif
train,khartoum,whu_mix,khartoum_826.tif,0,0,0,0,512,512,0.32722473,data/raw/WHU_Mix_cities/khartoum/image/khartoum_826.tif,data/raw/WHU_Mix_cities/khartoum/label/khartoum_826.tif
train,khartoum,whu_mix,khartoum_354.tif,0,0,0,0,512,512,0.08650970,data/raw/WHU_Mix_cities/khartoum/image/khartoum_354.tif,data/raw/WHU_Mix_cities/khartoum/label/khartoum_354.tif
train,khartoum,whu_mix,khartoum_392.tif,0,0,0,0,512,512,0.12298965,data/raw/WHU_Mix_cities/khartoum/image/khartoum_392.tif,data/raw/WHU_Mix_cities/khartoum/label/khartoum_392.tif
train,khartoum,whu_mix,khartoum_874.tif,0,0,0,0,512,512,0.05345154,data/raw/WHU_Mix_cities/khartoum/image/khartoum_874.tif,data/raw/WHU_Mix_cities/khartoum/label/khartoum_874.tif
train,khartoum,whu_mix,khartoum_1010.tif,0,0,0,0,512,512,0.00373077,data/raw/WHU_Mix_cities/khartoum/image/khartoum_1010.tif,data/raw/WHU_Mix_cities/khartoum/label/khartoum_1010.tif
train,khartoum,whu_mix,khartoum_217.tif,0,0,0,0,512,512,0.38088608,data/raw/WHU_Mix_cities/khartoum/image/khartoum_217.tif,data/raw/WHU_Mix_cities/khartoum/label/khartoum_217.tif
train,khartoum,whu_mix,khartoum_651.tif,0,0,0,0,512,512,0.14934158,data/raw/WHU_Mix_cities/khartoum/image/khartoum_651.tif,data/raw/WHU_Mix_cities/khartoum/label/khartoum_651.tif
train,khartoum,whu_mix,khartoum_122.tif,0,0,0,0,512,512,0.04956055,data/raw/WHU_Mix_cities/khartoum/image/khartoum_122.tif,data/raw/WHU_Mix_cities/khartoum/label/khartoum_122.tif
train,khartoum,whu_mix,khartoum_280.tif,0,0,0,0,512,512,0.24273682,data/raw/WHU_Mix_cities/khartoum/image/khartoum_280.tif,data/raw/WHU_Mix_cities/khartoum/label/khartoum_280.tif
train,khartoum,whu_mix,khartoum_652.tif,0,0,0,0,512,512,0.17813873,data/raw/WHU_Mix_cities/khartoum/image/khartoum_652.tif,data/raw/WHU_Mix_cities/khartoum/label/khartoum_652.tif
train,khartoum,whu_mix,khartoum_53.tif,0,0,0,0,512,512,0.28130341,data/raw/WHU_Mix_cities/khartoum/image/khartoum_53.tif,data/raw/WHU_Mix_cities/khartoum/label/khartoum_53.tif
train,khartoum,whu_mix,khartoum_619.tif,0,0,0,0,512,512,0.27140427,data/raw/WHU_Mix_cities/khartoum/image/khartoum_619.tif,data/raw/WHU_Mix_cities/khartoum/label/khartoum_619.tif
train,khartoum,whu_mix,khartoum_465.tif,0,0,0,0,512,512,0.02355194,data/raw/WHU_Mix_cities/khartoum/image/khartoum_465.tif,data/raw/WHU_Mix_cities/khartoum/label/khartoum_465.tif
train,khartoum,whu_mix,khartoum_862.tif,0,0,0,0,512,512,0.07368088,data/raw/WHU_Mix_cities/khartoum/image/khartoum_862.tif,data/raw/WHU_Mix_cities/khartoum/label/khartoum_862.tif
train,khartoum,whu_mix,khartoum_370.tif,0,0,0,0,512,512,0.00429153,data/raw/WHU_Mix_cities/khartoum/image/khartoum_370.tif,data/raw/WHU_Mix_cities/khartoum/label/khartoum_370.tif
train,khartoum,whu_mix,khartoum_794.tif,0,0,0,0,512,512,0.30531311,data/raw/WHU_Mix_cities/khartoum/image/khartoum_794.tif,data/raw/WHU_Mix_cities/khartoum/label/khartoum_794.tif
train,khartoum,whu_mix,khartoum_951.tif,0,0,0,0,512,512,0.13217163,data/raw/WHU_Mix_cities/khartoum/image/khartoum_951.tif,data/raw/WHU_Mix_cities/khartoum/label/khartoum_951.tif
train,khartoum,whu_mix,khartoum_135.tif,0,0,0,0,512,512,0.11711121,data/raw/WHU_Mix_cities/khartoum/image/khartoum_135.tif,data/raw/WHU_Mix_cities/khartoum/label/khartoum_135.tif
train,khartoum,whu_mix,khartoum_398.tif,0,0,0,0,512,512,0.23780823,data/raw/WHU_Mix_cities/khartoum/image/khartoum_398.tif,data/raw/WHU_Mix_cities/khartoum/label/khartoum_398.tif
train,khartoum,whu_mix,khartoum_475.tif,0,0,0,0,512,512,0.00676346,data/raw/WHU_Mix_cities/khartoum/image/khartoum_475.tif,data/raw/WHU_Mix_cities/khartoum/label/khartoum_475.tif
train,khartoum,whu_mix,khartoum_718.tif,0,0,0,0,512,512,0.06055832,data/raw/WHU_Mix_cities/khartoum/image/khartoum_718.tif,data/raw/WHU_Mix_cities/khartoum/label/khartoum_718.tif
train,khartoum,whu_mix,khartoum_202.tif,0,0,0,0,512,512,0.53073120,data/raw/WHU_Mix_cities/khartoum/image/khartoum_202.tif,data/raw/WHU_Mix_cities/khartoum/label/khartoum_202.tif
train,khartoum,whu_mix,khartoum_205.tif,0,0,0,0,512,512,0.44840622,data/raw/WHU_Mix_cities/khartoum/image/khartoum_205.tif,data/raw/WHU_Mix_cities/khartoum/label/khartoum_205.tif
train,khartoum,whu_mix,khartoum_919.tif,0,0,0,0,512,512,0.31816864,data/raw/WHU_Mix_cities/khartoum/image/khartoum_919.tif,data/raw/WHU_Mix_cities/khartoum/label/khartoum_919.tif
train,khartoum,whu_mix,khartoum_929.tif,0,0,0,0,512,512,0.37759781,data/raw/WHU_Mix_cities/khartoum/image/khartoum_929.tif,data/raw/WHU_Mix_cities/khartoum/label/khartoum_929.tif
train,khartoum,whu_mix,khartoum_231.tif,0,0,0,0,512,512,0.06640625,data/raw/WHU_Mix_cities/khartoum/image/khartoum_231.tif,data/raw/WHU_Mix_cities/khartoum/label/khartoum_231.tif
train,khartoum,whu_mix,khartoum_981.tif,0,0,0,0,512,512,0.07458878,data/raw/WHU_Mix_cities/khartoum/image/khartoum_981.tif,data/raw/WHU_Mix_cities/khartoum/label/khartoum_981.tif
train,khartoum,whu_mix,khartoum_197.tif,0,0,0,0,512,512,0.02625656,data/raw/WHU_Mix_cities/khartoum/image/khartoum_197.tif,data/raw/WHU_Mix_cities/khartoum/label/khartoum_197.tif
train,khartoum,whu_mix,khartoum_871.tif,0,0,0,0,512,512,0.36686325,data/raw/WHU_Mix_cities/khartoum/image/khartoum_871.tif,data/raw/WHU_Mix_cities/khartoum/label/khartoum_871.tif
train,khartoum,whu_mix,khartoum_375.tif,0,0,0,0,512,512,0.27543259,data/raw/WHU_Mix_cities/khartoum/image/khartoum_375.tif,data/raw/WHU_Mix_cities/khartoum/label/khartoum_375.tif
train,khartoum,whu_mix,khartoum_892.tif,0,0,0,0,512,512,0.00166702,data/raw/WHU_Mix_cities/khartoum/image/khartoum_892.tif,data/raw/WHU_Mix_cities/khartoum/label/khartoum_892.tif
train,khartoum,whu_mix,khartoum_954.tif,0,0,0,0,512,512,0.01625443,data/raw/WHU_Mix_cities/khartoum/image/khartoum_954.tif,data/raw/WHU_Mix_cities/khartoum/label/khartoum_954.tif
train,khartoum,whu_mix,khartoum_737.tif,0,0,0,0,512,512,0.13912964,data/raw/WHU_Mix_cities/khartoum/image/khartoum_737.tif,data/raw/WHU_Mix_cities/khartoum/label/khartoum_737.tif
train,khartoum,whu_mix,khartoum_1009.tif,0,0,0,0,512,512,0.00366592,data/raw/WHU_Mix_cities/khartoum/image/khartoum_1009.tif,data/raw/WHU_Mix_cities/khartoum/label/khartoum_1009.tif
train,khartoum,whu_mix,khartoum_878.tif,0,0,0,0,512,512,0.23358536,data/raw/WHU_Mix_cities/khartoum/image/khartoum_878.tif,data/raw/WHU_Mix_cities/khartoum/label/khartoum_878.tif
train,khartoum,whu_mix,khartoum_980.tif,0,0,0,0,512,512,0.06923294,data/raw/WHU_Mix_cities/khartoum/image/khartoum_980.tif,data/raw/WHU_Mix_cities/khartoum/label/khartoum_980.tif
train,khartoum,whu_mix,khartoum_608.tif,0,0,0,0,512,512,0.01433182,data/raw/WHU_Mix_cities/khartoum/image/khartoum_608.tif,data/raw/WHU_Mix_cities/khartoum/label/khartoum_608.tif
train,khartoum,whu_mix,khartoum_901.tif,0,0,0,0,512,512,0.02457047,data/raw/WHU_Mix_cities/khartoum/image/khartoum_901.tif,data/raw/WHU_Mix_cities/khartoum/label/khartoum_901.tif
train,khartoum,whu_mix,khartoum_540.tif,0,0,0,0,512,512,0.03096771,data/raw/WHU_Mix_cities/khartoum/image/khartoum_540.tif,data/raw/WHU_Mix_cities/khartoum/label/khartoum_540.tif
train,khartoum,whu_mix,khartoum_637.tif,0,0,0,0,512,512,0.06270599,data/raw/WHU_Mix_cities/khartoum/image/khartoum_637.tif,data/raw/WHU_Mix_cities/khartoum/label/khartoum_637.tif
train,khartoum,whu_mix,khartoum_251.tif,0,0,0,0,512,512,0.12792969,data/raw/WHU_Mix_cities/khartoum/image/khartoum_251.tif,data/raw/WHU_Mix_cities/khartoum/label/khartoum_251.tif
train,khartoum,whu_mix,khartoum_312.tif,0,0,0,0,512,512,0.02212143,data/raw/WHU_Mix_cities/khartoum/image/khartoum_312.tif,data/raw/WHU_Mix_cities/khartoum/label/khartoum_312.tif
train,khartoum,whu_mix,khartoum_515.tif,0,0,0,0,512,512,0.24633408,data/raw/WHU_Mix_cities/khartoum/image/khartoum_515.tif,data/raw/WHU_Mix_cities/khartoum/label/khartoum_515.tif
train,khartoum,whu_mix,khartoum_164.tif,0,0,0,0,512,512,0.00277328,data/raw/WHU_Mix_cities/khartoum/image/khartoum_164.tif,data/raw/WHU_Mix_cities/khartoum/label/khartoum_164.tif
train,khartoum,whu_mix,khartoum_855.tif,0,0,0,0,512,512,0.24043274,data/raw/WHU_Mix_cities/khartoum/image/khartoum_855.tif,data/raw/WHU_Mix_cities/khartoum/label/khartoum_855.tif
train,khartoum,whu_mix,khartoum_769.tif,0,0,0,0,512,512,0.37396622,data/raw/WHU_Mix_cities/khartoum/image/khartoum_769.tif,data/raw/WHU_Mix_cities/khartoum/label/khartoum_769.tif
train,khartoum,whu_mix,khartoum_262.tif,0,0,0,0,512,512,0.11904144,data/raw/WHU_Mix_cities/khartoum/image/khartoum_262.tif,data/raw/WHU_Mix_cities/khartoum/label/khartoum_262.tif
train,khartoum,whu_mix,khartoum_820.tif,0,0,0,0,512,512,0.25727463,data/raw/WHU_Mix_cities/khartoum/image/khartoum_820.tif,data/raw/WHU_Mix_cities/khartoum/label/khartoum_820.tif
train,khartoum,whu_mix,khartoum_95.tif,0,0,0,0,512,512,0.11136627,data/raw/WHU_Mix_cities/khartoum/image/khartoum_95.tif,data/raw/WHU_Mix_cities/khartoum/label/khartoum_95.tif
train,khartoum,whu_mix,khartoum_87.tif,0,0,0,0,512,512,0.15382004,data/raw/WHU_Mix_cities/khartoum/image/khartoum_87.tif,data/raw/WHU_Mix_cities/khartoum/label/khartoum_87.tif
train,khartoum,whu_mix,khartoum_849.tif,0,0,0,0,512,512,0.00259018,data/raw/WHU_Mix_cities/khartoum/image/khartoum_849.tif,data/raw/WHU_Mix_cities/khartoum/label/khartoum_849.tif
train,khartoum,whu_mix,khartoum_860.tif,0,0,0,0,512,512,0.45417023,data/raw/WHU_Mix_cities/khartoum/image/khartoum_860.tif,data/raw/WHU_Mix_cities/khartoum/label/khartoum_860.tif
train,khartoum,whu_mix,khartoum_526.tif,0,0,0,0,512,512,0.10268021,data/raw/WHU_Mix_cities/khartoum/image/khartoum_526.tif,data/raw/WHU_Mix_cities/khartoum/label/khartoum_526.tif
train,khartoum,whu_mix,khartoum_447.tif,0,0,0,0,512,512,0.04457474,data/raw/WHU_Mix_cities/khartoum/image/khartoum_447.tif,data/raw/WHU_Mix_cities/khartoum/label/khartoum_447.tif
train,khartoum,whu_mix,khartoum_218.tif,0,0,0,0,512,512,0.14218521,data/raw/WHU_Mix_cities/khartoum/image/khartoum_218.tif,data/raw/WHU_Mix_cities/khartoum/label/khartoum_218.tif
train,khartoum,whu_mix,khartoum_329.tif,0,0,0,0,512,512,0.05825806,data/raw/WHU_Mix_cities/khartoum/image/khartoum_329.tif,data/raw/WHU_Mix_cities/khartoum/label/khartoum_329.tif
train,khartoum,whu_mix,khartoum_558.tif,0,0,0,0,512,512,0.01148987,data/raw/WHU_Mix_cities/khartoum/image/khartoum_558.tif,data/raw/WHU_Mix_cities/khartoum/label/khartoum_558.tif
train,khartoum,whu_mix,khartoum_109.tif,0,0,0,0,512,512,0.00827026,data/raw/WHU_Mix_cities/khartoum/image/khartoum_109.tif,data/raw/WHU_Mix_cities/khartoum/label/khartoum_109.tif
train,khartoum,whu_mix,khartoum_852.tif,0,0,0,0,512,512,0.25458527,data/raw/WHU_Mix_cities/khartoum/image/khartoum_852.tif,data/raw/WHU_Mix_cities/khartoum/label/khartoum_852.tif
train,khartoum,whu_mix,khartoum_110.tif,0,0,0,0,512,512,0.08006287,data/raw/WHU_Mix_cities/khartoum/image/khartoum_110.tif,data/raw/WHU_Mix_cities/khartoum/label/khartoum_110.tif
train,khartoum,whu_mix,khartoum_933.tif,0,0,0,0,512,512,0.12295914,data/raw/WHU_Mix_cities/khartoum/image/khartoum_933.tif,data/raw/WHU_Mix_cities/khartoum/label/khartoum_933.tif
train,khartoum,whu_mix,khartoum_77.tif,0,0,0,0,512,512,0.07485580,data/raw/WHU_Mix_cities/khartoum/image/khartoum_77.tif,data/raw/WHU_Mix_cities/khartoum/label/khartoum_77.tif
train,khartoum,whu_mix,khartoum_645.tif,0,0,0,0,512,512,0.05218506,data/raw/WHU_Mix_cities/khartoum/image/khartoum_645.tif,data/raw/WHU_Mix_cities/khartoum/label/khartoum_645.tif
train,khartoum,whu_mix,khartoum_12.tif,0,0,0,0,512,512,0.20034027,data/raw/WHU_Mix_cities/khartoum/image/khartoum_12.tif,data/raw/WHU_Mix_cities/khartoum/label/khartoum_12.tif
train,khartoum,whu_mix,khartoum_669.tif,0,0,0,0,512,512,0.21329117,data/raw/WHU_Mix_cities/khartoum/image/khartoum_669.tif,data/raw/WHU_Mix_cities/khartoum/label/khartoum_669.tif
train,khartoum,whu_mix,khartoum_221.tif,0,0,0,0,512,512,0.40689468,data/raw/WHU_Mix_cities/khartoum/image/khartoum_221.tif,data/raw/WHU_Mix_cities/khartoum/label/khartoum_221.tif
train,khartoum,whu_mix,khartoum_797.tif,0,0,0,0,512,512,0.35999298,data/raw/WHU_Mix_cities/khartoum/image/khartoum_797.tif,data/raw/WHU_Mix_cities/khartoum/label/khartoum_797.tif
train,khartoum,whu_mix,khartoum_319.tif,0,0,0,0,512,512,0.08273697,data/raw/WHU_Mix_cities/khartoum/image/khartoum_319.tif,data/raw/WHU_Mix_cities/khartoum/label/khartoum_319.tif
train,khartoum,whu_mix,khartoum_435.tif,0,0,0,0,512,512,0.25727081,data/raw/WHU_Mix_cities/khartoum/image/khartoum_435.tif,data/raw/WHU_Mix_cities/khartoum/label/khartoum_435.tif
train,khartoum,whu_mix,khartoum_781.tif,0,0,0,0,512,512,0.20919037,data/raw/WHU_Mix_cities/khartoum/image/khartoum_781.tif,data/raw/WHU_Mix_cities/khartoum/label/khartoum_781.tif
train,khartoum,whu_mix,khartoum_196.tif,0,0,0,0,512,512,0.19394302,data/raw/WHU_Mix_cities/khartoum/image/khartoum_196.tif,data/raw/WHU_Mix_cities/khartoum/label/khartoum_196.tif
train,khartoum,whu_mix,khartoum_942.tif,0,0,0,0,512,512,0.20357895,data/raw/WHU_Mix_cities/khartoum/image/khartoum_942.tif,data/raw/WHU_Mix_cities/khartoum/label/khartoum_942.tif
train,khartoum,whu_mix,khartoum_179.tif,0,0,0,0,512,512,0.00156021,data/raw/WHU_Mix_cities/khartoum/image/khartoum_179.tif,data/raw/WHU_Mix_cities/khartoum/label/khartoum_179.tif
train,khartoum,whu_mix,khartoum_688.tif,0,0,0,0,512,512,0.08795929,data/raw/WHU_Mix_cities/khartoum/image/khartoum_688.tif,data/raw/WHU_Mix_cities/khartoum/label/khartoum_688.tif
train,khartoum,whu_mix,khartoum_341.tif,0,0,0,0,512,512,0.08952332,data/raw/WHU_Mix_cities/khartoum/image/khartoum_341.tif,data/raw/WHU_Mix_cities/khartoum/label/khartoum_341.tif
train,khartoum,whu_mix,khartoum_509.tif,0,0,0,0,512,512,0.32834244,data/raw/WHU_Mix_cities/khartoum/image/khartoum_509.tif,data/raw/WHU_Mix_cities/khartoum/label/khartoum_509.tif
train,khartoum,whu_mix,khartoum_216.tif,0,0,0,0,512,512,0.03376389,data/raw/WHU_Mix_cities/khartoum/image/khartoum_216.tif,data/raw/WHU_Mix_cities/khartoum/label/khartoum_216.tif
train,khartoum,whu_mix,khartoum_821.tif,0,0,0,0,512,512,0.33510590,data/raw/WHU_Mix_cities/khartoum/image/khartoum_821.tif,data/raw/WHU_Mix_cities/khartoum/label/khartoum_821.tif
train,khartoum,whu_mix,khartoum_381.tif,0,0,0,0,512,512,0.18458939,data/raw/WHU_Mix_cities/khartoum/image/khartoum_381.tif,data/raw/WHU_Mix_cities/khartoum/label/khartoum_381.tif
train,khartoum,whu_mix,khartoum_322.tif,0,0,0,0,512,512,0.19637680,data/raw/WHU_Mix_cities/khartoum/image/khartoum_322.tif,data/raw/WHU_Mix_cities/khartoum/label/khartoum_322.tif
train,khartoum,whu_mix,khartoum_8.tif,0,0,0,0,512,512,0.23722076,data/raw/WHU_Mix_cities/khartoum/image/khartoum_8.tif,data/raw/WHU_Mix_cities/khartoum/label/khartoum_8.tif
train,khartoum,whu_mix,khartoum_90.tif,0,0,0,0,512,512,0.17974854,data/raw/WHU_Mix_cities/khartoum/image/khartoum_90.tif,data/raw/WHU_Mix_cities/khartoum/label/khartoum_90.tif
train,khartoum,whu_mix,khartoum_653.tif,0,0,0,0,512,512,0.13948822,data/raw/WHU_Mix_cities/khartoum/image/khartoum_653.tif,data/raw/WHU_Mix_cities/khartoum/label/khartoum_653.tif
train,khartoum,whu_mix,khartoum_501.tif,0,0,0,0,512,512,0.06122589,data/raw/WHU_Mix_cities/khartoum/image/khartoum_501.tif,data/raw/WHU_Mix_cities/khartoum/label/khartoum_501.tif
train,khartoum,whu_mix,khartoum_448.tif,0,0,0,0,512,512,0.18886185,data/raw/WHU_Mix_cities/khartoum/image/khartoum_448.tif,data/raw/WHU_Mix_cities/khartoum/label/khartoum_448.tif
train,khartoum,whu_mix,khartoum_213.tif,0,0,0,0,512,512,0.05001068,data/raw/WHU_Mix_cities/khartoum/image/khartoum_213.tif,data/raw/WHU_Mix_cities/khartoum/label/khartoum_213.tif
train,khartoum,whu_mix,khartoum_155.tif,0,0,0,0,512,512,0.00899506,data/raw/WHU_Mix_cities/khartoum/image/khartoum_155.tif,data/raw/WHU_Mix_cities/khartoum/label/khartoum_155.tif
train,khartoum,whu_mix,khartoum_492.tif,0,0,0,0,512,512,0.04331207,data/raw/WHU_Mix_cities/khartoum/image/khartoum_492.tif,data/raw/WHU_Mix_cities/khartoum/label/khartoum_492.tif
train,khartoum,whu_mix,khartoum_966.tif,0,0,0,0,512,512,0.13995361,data/raw/WHU_Mix_cities/khartoum/image/khartoum_966.tif,data/raw/WHU_Mix_cities/khartoum/label/khartoum_966.tif
train,khartoum,whu_mix,khartoum_546.tif,0,0,0,0,512,512,0.35351562,data/raw/WHU_Mix_cities/khartoum/image/khartoum_546.tif,data/raw/WHU_Mix_cities/khartoum/label/khartoum_546.tif
train,khartoum,whu_mix,khartoum_626.tif,0,0,0,0,512,512,0.23175049,data/raw/WHU_Mix_cities/khartoum/image/khartoum_626.tif,data/raw/WHU_Mix_cities/khartoum/label/khartoum_626.tif
train,khartoum,whu_mix,khartoum_614.tif,0,0,0,0,512,512,0.09624100,data/raw/WHU_Mix_cities/khartoum/image/khartoum_614.tif,data/raw/WHU_Mix_cities/khartoum/label/khartoum_614.tif
train,khartoum,whu_mix,khartoum_975.tif,0,0,0,0,512,512,0.10133362,data/raw/WHU_Mix_cities/khartoum/image/khartoum_975.tif,data/raw/WHU_Mix_cities/khartoum/label/khartoum_975.tif
train,khartoum,whu_mix,khartoum_513.tif,0,0,0,0,512,512,0.19036484,data/raw/WHU_Mix_cities/khartoum/image/khartoum_513.tif,data/raw/WHU_Mix_cities/khartoum/label/khartoum_513.tif
train,khartoum,whu_mix,khartoum_385.tif,0,0,0,0,512,512,0.11664581,data/raw/WHU_Mix_cities/khartoum/image/khartoum_385.tif,data/raw/WHU_Mix_cities/khartoum/label/khartoum_385.tif
train,khartoum,whu_mix,khartoum_847.tif,0,0,0,0,512,512,0.13592911,data/raw/WHU_Mix_cities/khartoum/image/khartoum_847.tif,data/raw/WHU_Mix_cities/khartoum/label/khartoum_847.tif
train,khartoum,whu_mix,khartoum_294.tif,0,0,0,0,512,512,0.06077957,data/raw/WHU_Mix_cities/khartoum/image/khartoum_294.tif,data/raw/WHU_Mix_cities/khartoum/label/khartoum_294.tif
train,khartoum,whu_mix,khartoum_295.tif,0,0,0,0,512,512,0.19202423,data/raw/WHU_Mix_cities/khartoum/image/khartoum_295.tif,data/raw/WHU_Mix_cities/khartoum/label/khartoum_295.tif
train,khartoum,whu_mix,khartoum_971.tif,0,0,0,0,512,512,0.08223724,data/raw/WHU_Mix_cities/khartoum/image/khartoum_971.tif,data/raw/WHU_Mix_cities/khartoum/label/khartoum_971.tif
train,khartoum,whu_mix,khartoum_706.tif,0,0,0,0,512,512,0.15710449,data/raw/WHU_Mix_cities/khartoum/image/khartoum_706.tif,data/raw/WHU_Mix_cities/khartoum/label/khartoum_706.tif
train,khartoum,whu_mix,khartoum_507.tif,0,0,0,0,512,512,0.37354279,data/raw/WHU_Mix_cities/khartoum/image/khartoum_507.tif,data/raw/WHU_Mix_cities/khartoum/label/khartoum_507.tif
train,khartoum,whu_mix,khartoum_880.tif,0,0,0,0,512,512,0.26475143,data/raw/WHU_Mix_cities/khartoum/image/khartoum_880.tif,data/raw/WHU_Mix_cities/khartoum/label/khartoum_880.tif
train,khartoum,whu_mix,khartoum_159.tif,0,0,0,0,512,512,0.00207520,data/raw/WHU_Mix_cities/khartoum/image/khartoum_159.tif,data/raw/WHU_Mix_cities/khartoum/label/khartoum_159.tif
train,khartoum,whu_mix,khartoum_812.tif,0,0,0,0,512,512,0.23413849,data/raw/WHU_Mix_cities/khartoum/image/khartoum_812.tif,data/raw/WHU_Mix_cities/khartoum/label/khartoum_812.tif
train,khartoum,whu_mix,khartoum_310.tif,0,0,0,0,512,512,0.00766754,data/raw/WHU_Mix_cities/khartoum/image/khartoum_310.tif,data/raw/WHU_Mix_cities/khartoum/label/khartoum_310.tif
train,khartoum,whu_mix,khartoum_245.tif,0,0,0,0,512,512,0.33703613,data/raw/WHU_Mix_cities/khartoum/image/khartoum_245.tif,data/raw/WHU_Mix_cities/khartoum/label/khartoum_245.tif
train,khartoum,whu_mix,khartoum_103.tif,0,0,0,0,512,512,0.31055069,data/raw/WHU_Mix_cities/khartoum/image/khartoum_103.tif,data/raw/WHU_Mix_cities/khartoum/label/khartoum_103.tif
train,khartoum,whu_mix,khartoum_503.tif,0,0,0,0,512,512,0.32892227,data/raw/WHU_Mix_cities/khartoum/image/khartoum_503.tif,data/raw/WHU_Mix_cities/khartoum/label/khartoum_503.tif
train,khartoum,whu_mix,khartoum_121.tif,0,0,0,0,512,512,0.03537750,data/raw/WHU_Mix_cities/khartoum/image/khartoum_121.tif,data/raw/WHU_Mix_cities/khartoum/label/khartoum_121.tif
train,khartoum,whu_mix,khartoum_116.tif,0,0,0,0,512,512,0.25833893,data/raw/WHU_Mix_cities/khartoum/image/khartoum_116.tif,data/raw/WHU_Mix_cities/khartoum/label/khartoum_116.tif
train,khartoum,whu_mix,khartoum_650.tif,0,0,0,0,512,512,0.10797501,data/raw/WHU_Mix_cities/khartoum/image/khartoum_650.tif,data/raw/WHU_Mix_cities/khartoum/label/khartoum_650.tif
train,khartoum,whu_mix,khartoum_709.tif,0,0,0,0,512,512,0.34495163,data/raw/WHU_Mix_cities/khartoum/image/khartoum_709.tif,data/raw/WHU_Mix_cities/khartoum/label/khartoum_709.tif
train,khartoum,whu_mix,khartoum_996.tif,0,0,0,0,512,512,0.00495148,data/raw/WHU_Mix_cities/khartoum/image/khartoum_996.tif,data/raw/WHU_Mix_cities/khartoum/label/khartoum_996.tif
train,khartoum,whu_mix,khartoum_321.tif,0,0,0,0,512,512,0.12224960,data/raw/WHU_Mix_cities/khartoum/image/khartoum_321.tif,data/raw/WHU_Mix_cities/khartoum/label/khartoum_321.tif
train,khartoum,whu_mix,khartoum_813.tif,0,0,0,0,512,512,0.37871170,data/raw/WHU_Mix_cities/khartoum/image/khartoum_813.tif,data/raw/WHU_Mix_cities/khartoum/label/khartoum_813.tif
train,khartoum,whu_mix,khartoum_126.tif,0,0,0,0,512,512,0.06250381,data/raw/WHU_Mix_cities/khartoum/image/khartoum_126.tif,data/raw/WHU_Mix_cities/khartoum/label/khartoum_126.tif
train,khartoum,whu_mix,khartoum_872.tif,0,0,0,0,512,512,0.14093399,data/raw/WHU_Mix_cities/khartoum/image/khartoum_872.tif,data/raw/WHU_Mix_cities/khartoum/label/khartoum_872.tif
train,khartoum,whu_mix,khartoum_61.tif,0,0,0,0,512,512,0.03639984,data/raw/WHU_Mix_cities/khartoum/image/khartoum_61.tif,data/raw/WHU_Mix_cities/khartoum/label/khartoum_61.tif
train,khartoum,whu_mix,khartoum_10.tif,0,0,0,0,512,512,0.18100739,data/raw/WHU_Mix_cities/khartoum/image/khartoum_10.tif,data/raw/WHU_Mix_cities/khartoum/label/khartoum_10.tif
train,khartoum,whu_mix,khartoum_228.tif,0,0,0,0,512,512,0.30564499,data/raw/WHU_Mix_cities/khartoum/image/khartoum_228.tif,data/raw/WHU_Mix_cities/khartoum/label/khartoum_228.tif
train,khartoum,whu_mix,khartoum_303.tif,0,0,0,0,512,512,0.14591599,data/raw/WHU_Mix_cities/khartoum/image/khartoum_303.tif,data/raw/WHU_Mix_cities/khartoum/label/khartoum_303.tif
train,khartoum,whu_mix,khartoum_1008.tif,0,0,0,0,512,512,0.01955795,data/raw/WHU_Mix_cities/khartoum/image/khartoum_1008.tif,data/raw/WHU_Mix_cities/khartoum/label/khartoum_1008.tif
train,khartoum,whu_mix,khartoum_791.tif,0,0,0,0,512,512,0.23301315,data/raw/WHU_Mix_cities/khartoum/image/khartoum_791.tif,data/raw/WHU_Mix_cities/khartoum/label/khartoum_791.tif
train,khartoum,whu_mix,khartoum_342.tif,0,0,0,0,512,512,0.18953323,data/raw/WHU_Mix_cities/khartoum/image/khartoum_342.tif,data/raw/WHU_Mix_cities/khartoum/label/khartoum_342.tif
train,khartoum,whu_mix,khartoum_771.tif,0,0,0,0,512,512,0.02651596,data/raw/WHU_Mix_cities/khartoum/image/khartoum_771.tif,data/raw/WHU_Mix_cities/khartoum/label/khartoum_771.tif
train,khartoum,whu_mix,khartoum_887.tif,0,0,0,0,512,512,0.15319061,data/raw/WHU_Mix_cities/khartoum/image/khartoum_887.tif,data/raw/WHU_Mix_cities/khartoum/label/khartoum_887.tif
train,khartoum,whu_mix,khartoum_489.tif,0,0,0,0,512,512,0.44643402,data/raw/WHU_Mix_cities/khartoum/image/khartoum_489.tif,data/raw/WHU_Mix_cities/khartoum/label/khartoum_489.tif
train,khartoum,whu_mix,khartoum_717.tif,0,0,0,0,512,512,0.18456268,data/raw/WHU_Mix_cities/khartoum/image/khartoum_717.tif,data/raw/WHU_Mix_cities/khartoum/label/khartoum_717.tif
train,khartoum,whu_mix,khartoum_898.tif,0,0,0,0,512,512,0.37329865,data/raw/WHU_Mix_cities/khartoum/image/khartoum_898.tif,data/raw/WHU_Mix_cities/khartoum/label/khartoum_898.tif
train,khartoum,whu_mix,khartoum_945.tif,0,0,0,0,512,512,0.20875549,data/raw/WHU_Mix_cities/khartoum/image/khartoum_945.tif,data/raw/WHU_Mix_cities/khartoum/label/khartoum_945.tif
train,khartoum,whu_mix,khartoum_952.tif,0,0,0,0,512,512,0.18802261,data/raw/WHU_Mix_cities/khartoum/image/khartoum_952.tif,data/raw/WHU_Mix_cities/khartoum/label/khartoum_952.tif
train,khartoum,whu_mix,khartoum_829.tif,0,0,0,0,512,512,0.25868225,data/raw/WHU_Mix_cities/khartoum/image/khartoum_829.tif,data/raw/WHU_Mix_cities/khartoum/label/khartoum_829.tif
train,khartoum,whu_mix,khartoum_114.tif,0,0,0,0,512,512,0.24214172,data/raw/WHU_Mix_cities/khartoum/image/khartoum_114.tif,data/raw/WHU_Mix_cities/khartoum/label/khartoum_114.tif
train,khartoum,whu_mix,khartoum_834.tif,0,0,0,0,512,512,0.09204483,data/raw/WHU_Mix_cities/khartoum/image/khartoum_834.tif,data/raw/WHU_Mix_cities/khartoum/label/khartoum_834.tif
train,khartoum,whu_mix,khartoum_368.tif,0,0,0,0,512,512,0.03725815,data/raw/WHU_Mix_cities/khartoum/image/khartoum_368.tif,data/raw/WHU_Mix_cities/khartoum/label/khartoum_368.tif
train,khartoum,whu_mix,khartoum_755.tif,0,0,0,0,512,512,0.35411453,data/raw/WHU_Mix_cities/khartoum/image/khartoum_755.tif,data/raw/WHU_Mix_cities/khartoum/label/khartoum_755.tif
train,khartoum,whu_mix,khartoum_869.tif,0,0,0,0,512,512,0.29937363,data/raw/WHU_Mix_cities/khartoum/image/khartoum_869.tif,data/raw/WHU_Mix_cities/khartoum/label/khartoum_869.tif
train,khartoum,whu_mix,khartoum_86.tif,0,0,0,0,512,512,0.25558853,data/raw/WHU_Mix_cities/khartoum/image/khartoum_86.tif,data/raw/WHU_Mix_cities/khartoum/label/khartoum_86.tif
train,khartoum,whu_mix,khartoum_203.tif,0,0,0,0,512,512,0.27956009,data/raw/WHU_Mix_cities/khartoum/image/khartoum_203.tif,data/raw/WHU_Mix_cities/khartoum/label/khartoum_203.tif
train,khartoum,whu_mix,khartoum_5.tif,0,0,0,0,512,512,0.32929611,data/raw/WHU_Mix_cities/khartoum/image/khartoum_5.tif,data/raw/WHU_Mix_cities/khartoum/label/khartoum_5.tif
train,khartoum,whu_mix,khartoum_15.tif,0,0,0,0,512,512,0.07151794,data/raw/WHU_Mix_cities/khartoum/image/khartoum_15.tif,data/raw/WHU_Mix_cities/khartoum/label/khartoum_15.tif
train,khartoum,whu_mix,khartoum_330.tif,0,0,0,0,512,512,0.13280487,data/raw/WHU_Mix_cities/khartoum/image/khartoum_330.tif,data/raw/WHU_Mix_cities/khartoum/label/khartoum_330.tif
train,khartoum,whu_mix,khartoum_376.tif,0,0,0,0,512,512,0.06304932,data/raw/WHU_Mix_cities/khartoum/image/khartoum_376.tif,data/raw/WHU_Mix_cities/khartoum/label/khartoum_376.tif
train,khartoum,whu_mix,khartoum_560.tif,0,0,0,0,512,512,0.06404114,data/raw/WHU_Mix_cities/khartoum/image/khartoum_560.tif,data/raw/WHU_Mix_cities/khartoum/label/khartoum_560.tif
train,khartoum,whu_mix,khartoum_183.tif,0,0,0,0,512,512,0.07976532,data/raw/WHU_Mix_cities/khartoum/image/khartoum_183.tif,data/raw/WHU_Mix_cities/khartoum/label/khartoum_183.tif
train,khartoum,whu_mix,khartoum_17.tif,0,0,0,0,512,512,0.06666565,data/raw/WHU_Mix_cities/khartoum/image/khartoum_17.tif,data/raw/WHU_Mix_cities/khartoum/label/khartoum_17.tif
train,khartoum,whu_mix,khartoum_383.tif,0,0,0,0,512,512,0.06552124,data/raw/WHU_Mix_cities/khartoum/image/khartoum_383.tif,data/raw/WHU_Mix_cities/khartoum/label/khartoum_383.tif
train,khartoum,whu_mix,khartoum_563.tif,0,0,0,0,512,512,0.28236771,data/raw/WHU_Mix_cities/khartoum/image/khartoum_563.tif,data/raw/WHU_Mix_cities/khartoum/label/khartoum_563.tif
train,khartoum,whu_mix,khartoum_201.tif,0,0,0,0,512,512,0.35981750,data/raw/WHU_Mix_cities/khartoum/image/khartoum_201.tif,data/raw/WHU_Mix_cities/khartoum/label/khartoum_201.tif
train,khartoum,whu_mix,khartoum_956.tif,0,0,0,0,512,512,0.12693405,data/raw/WHU_Mix_cities/khartoum/image/khartoum_956.tif,data/raw/WHU_Mix_cities/khartoum/label/khartoum_956.tif
train,khartoum,whu_mix,khartoum_785.tif,0,0,0,0,512,512,0.01544571,data/raw/WHU_Mix_cities/khartoum/image/khartoum_785.tif,data/raw/WHU_Mix_cities/khartoum/label/khartoum_785.tif
train,khartoum,whu_mix,khartoum_633.tif,0,0,0,0,512,512,0.00587845,data/raw/WHU_Mix_cities/khartoum/image/khartoum_633.tif,data/raw/WHU_Mix_cities/khartoum/label/khartoum_633.tif
train,khartoum,whu_mix,khartoum_802.tif,0,0,0,0,512,512,0.37505722,data/raw/WHU_Mix_cities/khartoum/image/khartoum_802.tif,data/raw/WHU_Mix_cities/khartoum/label/khartoum_802.tif
train,khartoum,whu_mix,khartoum_803.tif,0,0,0,0,512,512,0.54730225,data/raw/WHU_Mix_cities/khartoum/image/khartoum_803.tif,data/raw/WHU_Mix_cities/khartoum/label/khartoum_803.tif
train,khartoum,whu_mix,khartoum_754.tif,0,0,0,0,512,512,0.30173874,data/raw/WHU_Mix_cities/khartoum/image/khartoum_754.tif,data/raw/WHU_Mix_cities/khartoum/label/khartoum_754.tif
train,khartoum,whu_mix,khartoum_284.tif,0,0,0,0,512,512,0.03717041,data/raw/WHU_Mix_cities/khartoum/image/khartoum_284.tif,data/raw/WHU_Mix_cities/khartoum/label/khartoum_284.tif
train,khartoum,whu_mix,khartoum_950.tif,0,0,0,0,512,512,0.46522903,data/raw/WHU_Mix_cities/khartoum/image/khartoum_950.tif,data/raw/WHU_Mix_cities/khartoum/label/khartoum_950.tif
train,khartoum,whu_mix,khartoum_680.tif,0,0,0,0,512,512,0.03418732,data/raw/WHU_Mix_cities/khartoum/image/khartoum_680.tif,data/raw/WHU_Mix_cities/khartoum/label/khartoum_680.tif
train,khartoum,whu_mix,khartoum_547.tif,0,0,0,0,512,512,0.48418808,data/raw/WHU_Mix_cities/khartoum/image/khartoum_547.tif,data/raw/WHU_Mix_cities/khartoum/label/khartoum_547.tif
train,khartoum,whu_mix,khartoum_379.tif,0,0,0,0,512,512,0.09577560,data/raw/WHU_Mix_cities/khartoum/image/khartoum_379.tif,data/raw/WHU_Mix_cities/khartoum/label/khartoum_379.tif
train,khartoum,whu_mix,khartoum_976.tif,0,0,0,0,512,512,0.07262421,data/raw/WHU_Mix_cities/khartoum/image/khartoum_976.tif,data/raw/WHU_Mix_cities/khartoum/label/khartoum_976.tif
train,khartoum,whu_mix,khartoum_676.tif,0,0,0,0,512,512,0.02812958,data/raw/WHU_Mix_cities/khartoum/image/khartoum_676.tif,data/raw/WHU_Mix_cities/khartoum/label/khartoum_676.tif
train,khartoum,whu_mix,khartoum_856.tif,0,0,0,0,512,512,0.39176559,data/raw/WHU_Mix_cities/khartoum/image/khartoum_856.tif,data/raw/WHU_Mix_cities/khartoum/label/khartoum_856.tif
train,khartoum,whu_mix,khartoum_224.tif,0,0,0,0,512,512,0.41245651,data/raw/WHU_Mix_cities/khartoum/image/khartoum_224.tif,data/raw/WHU_Mix_cities/khartoum/label/khartoum_224.tif
train,khartoum,whu_mix,khartoum_690.tif,0,0,0,0,512,512,0.30871201,data/raw/WHU_Mix_cities/khartoum/image/khartoum_690.tif,data/raw/WHU_Mix_cities/khartoum/label/khartoum_690.tif
train,khartoum,whu_mix,khartoum_450.tif,0,0,0,0,512,512,0.21000671,data/raw/WHU_Mix_cities/khartoum/image/khartoum_450.tif,data/raw/WHU_Mix_cities/khartoum/label/khartoum_450.tif
train,khartoum,whu_mix,khartoum_384.tif,0,0,0,0,512,512,0.12379074,data/raw/WHU_Mix_cities/khartoum/image/khartoum_384.tif,data/raw/WHU_Mix_cities/khartoum/label/khartoum_384.tif
train,khartoum,whu_mix,khartoum_347.tif,0,0,0,0,512,512,0.00035477,data/raw/WHU_Mix_cities/khartoum/image/khartoum_347.tif,data/raw/WHU_Mix_cities/khartoum/label/khartoum_347.tif
train,khartoum,whu_mix,khartoum_906.tif,0,0,0,0,512,512,0.33788300,data/raw/WHU_Mix_cities/khartoum/image/khartoum_906.tif,data/raw/WHU_Mix_cities/khartoum/label/khartoum_906.tif
train,khartoum,whu_mix,khartoum_47.tif,0,0,0,0,512,512,0.20005035,data/raw/WHU_Mix_cities/khartoum/image/khartoum_47.tif,data/raw/WHU_Mix_cities/khartoum/label/khartoum_47.tif
train,khartoum,whu_mix,khartoum_907.tif,0,0,0,0,512,512,0.30748367,data/raw/WHU_Mix_cities/khartoum/image/khartoum_907.tif,data/raw/WHU_Mix_cities/khartoum/label/khartoum_907.tif
train,khartoum,whu_mix,khartoum_291.tif,0,0,0,0,512,512,0.00276947,data/raw/WHU_Mix_cities/khartoum/image/khartoum_291.tif,data/raw/WHU_Mix_cities/khartoum/label/khartoum_291.tif
train,khartoum,whu_mix,khartoum_903.tif,0,0,0,0,512,512,0.22372437,data/raw/WHU_Mix_cities/khartoum/image/khartoum_903.tif,data/raw/WHU_Mix_cities/khartoum/label/khartoum_903.tif
train,khartoum,whu_mix,khartoum_765.tif,0,0,0,0,512,512,0.37459183,data/raw/WHU_Mix_cities/khartoum/image/khartoum_765.tif,data/raw/WHU_Mix_cities/khartoum/label/khartoum_765.tif
train,khartoum,whu_mix,khartoum_639.tif,0,0,0,0,512,512,0.36374283,data/raw/WHU_Mix_cities/khartoum/image/khartoum_639.tif,data/raw/WHU_Mix_cities/khartoum/label/khartoum_639.tif
train,khartoum,whu_mix,khartoum_178.tif,0,0,0,0,512,512,0.00514221,data/raw/WHU_Mix_cities/khartoum/image/khartoum_178.tif,data/raw/WHU_Mix_cities/khartoum/label/khartoum_178.tif
train,khartoum,whu_mix,khartoum_553.tif,0,0,0,0,512,512,0.05752182,data/raw/WHU_Mix_cities/khartoum/image/khartoum_553.tif,data/raw/WHU_Mix_cities/khartoum/label/khartoum_553.tif
train,khartoum,whu_mix,khartoum_949.tif,0,0,0,0,512,512,0.56364441,data/raw/WHU_Mix_cities/khartoum/image/khartoum_949.tif,data/raw/WHU_Mix_cities/khartoum/label/khartoum_949.tif
train,khartoum,whu_mix,khartoum_928.tif,0,0,0,0,512,512,0.29192734,data/raw/WHU_Mix_cities/khartoum/image/khartoum_928.tif,data/raw/WHU_Mix_cities/khartoum/label/khartoum_928.tif
train,khartoum,whu_mix,khartoum_212.tif,0,0,0,0,512,512,0.04111481,data/raw/WHU_Mix_cities/khartoum/image/khartoum_212.tif,data/raw/WHU_Mix_cities/khartoum/label/khartoum_212.tif
train,khartoum,whu_mix,khartoum_425.tif,0,0,0,0,512,512,0.37788010,data/raw/WHU_Mix_cities/khartoum/image/khartoum_425.tif,data/raw/WHU_Mix_cities/khartoum/label/khartoum_425.tif
train,khartoum,whu_mix,khartoum_288.tif,0,0,0,0,512,512,0.04144287,data/raw/WHU_Mix_cities/khartoum/image/khartoum_288.tif,data/raw/WHU_Mix_cities/khartoum/label/khartoum_288.tif
train,khartoum,whu_mix,khartoum_572.tif,0,0,0,0,512,512,0.30143738,data/raw/WHU_Mix_cities/khartoum/image/khartoum_572.tif,data/raw/WHU_Mix_cities/khartoum/label/khartoum_572.tif
train,khartoum,whu_mix,khartoum_565.tif,0,0,0,0,512,512,0.37226105,data/raw/WHU_Mix_cities/khartoum/image/khartoum_565.tif,data/raw/WHU_Mix_cities/khartoum/label/khartoum_565.tif
train,khartoum,whu_mix,khartoum_586.tif,0,0,0,0,512,512,0.29153061,data/raw/WHU_Mix_cities/khartoum/image/khartoum_586.tif,data/raw/WHU_Mix_cities/khartoum/label/khartoum_586.tif
train,khartoum,whu_mix,khartoum_662.tif,0,0,0,0,512,512,0.11300659,data/raw/WHU_Mix_cities/khartoum/image/khartoum_662.tif,data/raw/WHU_Mix_cities/khartoum/label/khartoum_662.tif
train,khartoum,whu_mix,khartoum_258.tif,0,0,0,0,512,512,0.27231598,data/raw/WHU_Mix_cities/khartoum/image/khartoum_258.tif,data/raw/WHU_Mix_cities/khartoum/label/khartoum_258.tif
train,khartoum,whu_mix,khartoum_511.tif,0,0,0,0,512,512,0.16712189,data/raw/WHU_Mix_cities/khartoum/image/khartoum_511.tif,data/raw/WHU_Mix_cities/khartoum/label/khartoum_511.tif
train,khartoum,whu_mix,khartoum_470.tif,0,0,0,0,512,512,0.17369080,data/raw/WHU_Mix_cities/khartoum/image/khartoum_470.tif,data/raw/WHU_Mix_cities/khartoum/label/khartoum_470.tif
train,khartoum,whu_mix,khartoum_363.tif,0,0,0,0,512,512,0.07424164,data/raw/WHU_Mix_cities/khartoum/image/khartoum_363.tif,data/raw/WHU_Mix_cities/khartoum/label/khartoum_363.tif
train,khartoum,whu_mix,khartoum_460.tif,0,0,0,0,512,512,0.14533234,data/raw/WHU_Mix_cities/khartoum/image/khartoum_460.tif,data/raw/WHU_Mix_cities/khartoum/label/khartoum_460.tif
train,khartoum,whu_mix,khartoum_605.tif,0,0,0,0,512,512,0.36969376,data/raw/WHU_Mix_cities/khartoum/image/khartoum_605.tif,data/raw/WHU_Mix_cities/khartoum/label/khartoum_605.tif
train,khartoum,whu_mix,khartoum_180.tif,0,0,0,0,512,512,0.02947235,data/raw/WHU_Mix_cities/khartoum/image/khartoum_180.tif,data/raw/WHU_Mix_cities/khartoum/label/khartoum_180.tif
train,khartoum,whu_mix,khartoum_895.tif,0,0,0,0,512,512,0.03326416,data/raw/WHU_Mix_cities/khartoum/image/khartoum_895.tif,data/raw/WHU_Mix_cities/khartoum/label/khartoum_895.tif
train,khartoum,whu_mix,khartoum_643.tif,0,0,0,0,512,512,0.27614594,data/raw/WHU_Mix_cities/khartoum/image/khartoum_643.tif,data/raw/WHU_Mix_cities/khartoum/label/khartoum_643.tif
train,khartoum,whu_mix,khartoum_777.tif,0,0,0,0,512,512,0.27630997,data/raw/WHU_Mix_cities/khartoum/image/khartoum_777.tif,data/raw/WHU_Mix_cities/khartoum/label/khartoum_777.tif
train,khartoum,whu_mix,khartoum_751.tif,0,0,0,0,512,512,0.13862610,data/raw/WHU_Mix_cities/khartoum/image/khartoum_751.tif,data/raw/WHU_Mix_cities/khartoum/label/khartoum_751.tif
train,khartoum,whu_mix,khartoum_876.tif,0,0,0,0,512,512,0.13465881,data/raw/WHU_Mix_cities/khartoum/image/khartoum_876.tif,data/raw/WHU_Mix_cities/khartoum/label/khartoum_876.tif
train,khartoum,whu_mix,khartoum_548.tif,0,0,0,0,512,512,0.22835922,data/raw/WHU_Mix_cities/khartoum/image/khartoum_548.tif,data/raw/WHU_Mix_cities/khartoum/label/khartoum_548.tif
train,khartoum,whu_mix,khartoum_656.tif,0,0,0,0,512,512,0.02196884,data/raw/WHU_Mix_cities/khartoum/image/khartoum_656.tif,data/raw/WHU_Mix_cities/khartoum/label/khartoum_656.tif
train,khartoum,whu_mix,khartoum_283.tif,0,0,0,0,512,512,0.02575684,data/raw/WHU_Mix_cities/khartoum/image/khartoum_283.tif,data/raw/WHU_Mix_cities/khartoum/label/khartoum_283.tif
train,khartoum,whu_mix,khartoum_445.tif,0,0,0,0,512,512,0.09204865,data/raw/WHU_Mix_cities/khartoum/image/khartoum_445.tif,data/raw/WHU_Mix_cities/khartoum/label/khartoum_445.tif
train,khartoum,whu_mix,khartoum_55.tif,0,0,0,0,512,512,0.16124344,data/raw/WHU_Mix_cities/khartoum/image/khartoum_55.tif,data/raw/WHU_Mix_cities/khartoum/label/khartoum_55.tif
train,khartoum,whu_mix,khartoum_636.tif,0,0,0,0,512,512,0.02975845,data/raw/WHU_Mix_cities/khartoum/image/khartoum_636.tif,data/raw/WHU_Mix_cities/khartoum/label/khartoum_636.tif
train,khartoum,whu_mix,khartoum_400.tif,0,0,0,0,512,512,0.37740707,data/raw/WHU_Mix_cities/khartoum/image/khartoum_400.tif,data/raw/WHU_Mix_cities/khartoum/label/khartoum_400.tif
train,khartoum,whu_mix,khartoum_973.tif,0,0,0,0,512,512,0.12784958,data/raw/WHU_Mix_cities/khartoum/image/khartoum_973.tif,data/raw/WHU_Mix_cities/khartoum/label/khartoum_973.tif
train,khartoum,whu_mix,khartoum_405.tif,0,0,0,0,512,512,0.22661972,data/raw/WHU_Mix_cities/khartoum/image/khartoum_405.tif,data/raw/WHU_Mix_cities/khartoum/label/khartoum_405.tif
train,khartoum,whu_mix,khartoum_253.tif,0,0,0,0,512,512,0.04427338,data/raw/WHU_Mix_cities/khartoum/image/khartoum_253.tif,data/raw/WHU_Mix_cities/khartoum/label/khartoum_253.tif
train,khartoum,whu_mix,khartoum_918.tif,0,0,0,0,512,512,0.35883713,data/raw/WHU_Mix_cities/khartoum/image/khartoum_918.tif,data/raw/WHU_Mix_cities/khartoum/label/khartoum_918.tif
train,khartoum,whu_mix,khartoum_234.tif,0,0,0,0,512,512,0.23552322,data/raw/WHU_Mix_cities/khartoum/image/khartoum_234.tif,data/raw/WHU_Mix_cities/khartoum/label/khartoum_234.tif
train,khartoum,whu_mix,khartoum_69.tif,0,0,0,0,512,512,0.27676773,data/raw/WHU_Mix_cities/khartoum/image/khartoum_69.tif,data/raw/WHU_Mix_cities/khartoum/label/khartoum_69.tif
train,khartoum,whu_mix,khartoum_333.tif,0,0,0,0,512,512,0.01818085,data/raw/WHU_Mix_cities/khartoum/image/khartoum_333.tif,data/raw/WHU_Mix_cities/khartoum/label/khartoum_333.tif
train,khartoum,whu_mix,khartoum_219.tif,0,0,0,0,512,512,0.10060120,data/raw/WHU_Mix_cities/khartoum/image/khartoum_219.tif,data/raw/WHU_Mix_cities/khartoum/label/khartoum_219.tif
train,khartoum,whu_mix,khartoum_763.tif,0,0,0,0,512,512,0.21589661,data/raw/WHU_Mix_cities/khartoum/image/khartoum_763.tif,data/raw/WHU_Mix_cities/khartoum/label/khartoum_763.tif
train,khartoum,whu_mix,khartoum_848.tif,0,0,0,0,512,512,0.14614105,data/raw/WHU_Mix_cities/khartoum/image/khartoum_848.tif,data/raw/WHU_Mix_cities/khartoum/label/khartoum_848.tif
train,khartoum,whu_mix,khartoum_1000.tif,0,0,0,0,512,512,0.10499573,data/raw/WHU_Mix_cities/khartoum/image/khartoum_1000.tif,data/raw/WHU_Mix_cities/khartoum/label/khartoum_1000.tif
train,khartoum,whu_mix,khartoum_921.tif,0,0,0,0,512,512,0.26238251,data/raw/WHU_Mix_cities/khartoum/image/khartoum_921.tif,data/raw/WHU_Mix_cities/khartoum/label/khartoum_921.tif
train,khartoum,whu_mix,khartoum_917.tif,0,0,0,0,512,512,0.28108215,data/raw/WHU_Mix_cities/khartoum/image/khartoum_917.tif,data/raw/WHU_Mix_cities/khartoum/label/khartoum_917.tif
train,khartoum,whu_mix,khartoum_35.tif,0,0,0,0,512,512,0.11167908,data/raw/WHU_Mix_cities/khartoum/image/khartoum_35.tif,data/raw/WHU_Mix_cities/khartoum/label/khartoum_35.tif
train,khartoum,whu_mix,khartoum_160.tif,0,0,0,0,512,512,0.00651550,data/raw/WHU_Mix_cities/khartoum/image/khartoum_160.tif,data/raw/WHU_Mix_cities/khartoum/label/khartoum_160.tif
train,khartoum,whu_mix,khartoum_194.tif,0,0,0,0,512,512,0.40521240,data/raw/WHU_Mix_cities/khartoum/image/khartoum_194.tif,data/raw/WHU_Mix_cities/khartoum/label/khartoum_194.tif
train,khartoum,whu_mix,khartoum_136.tif,0,0,0,0,512,512,0.02820587,data/raw/WHU_Mix_cities/khartoum/image/khartoum_136.tif,data/raw/WHU_Mix_cities/khartoum/label/khartoum_136.tif
train,khartoum,whu_mix,khartoum_452.tif,0,0,0,0,512,512,0.36418915,data/raw/WHU_Mix_cities/khartoum/image/khartoum_452.tif,data/raw/WHU_Mix_cities/khartoum/label/khartoum_452.tif
train,khartoum,whu_mix,khartoum_999.tif,0,0,0,0,512,512,0.00910950,data/raw/WHU_Mix_cities/khartoum/image/khartoum_999.tif,data/raw/WHU_Mix_cities/khartoum/label/khartoum_999.tif
train,khartoum,whu_mix,khartoum_132.tif,0,0,0,0,512,512,0.25824738,data/raw/WHU_Mix_cities/khartoum/image/khartoum_132.tif,data/raw/WHU_Mix_cities/khartoum/label/khartoum_132.tif
train,khartoum,whu_mix,khartoum_267.tif,0,0,0,0,512,512,0.32723999,data/raw/WHU_Mix_cities/khartoum/image/khartoum_267.tif,data/raw/WHU_Mix_cities/khartoum/label/khartoum_267.tif
train,khartoum,whu_mix,khartoum_37.tif,0,0,0,0,512,512,0.22450638,data/raw/WHU_Mix_cities/khartoum/image/khartoum_37.tif,data/raw/WHU_Mix_cities/khartoum/label/khartoum_37.tif
train,khartoum,whu_mix,khartoum_323.tif,0,0,0,0,512,512,0.31651688,data/raw/WHU_Mix_cities/khartoum/image/khartoum_323.tif,data/raw/WHU_Mix_cities/khartoum/label/khartoum_323.tif
train,khartoum,whu_mix,khartoum_959.tif,0,0,0,0,512,512,0.04282761,data/raw/WHU_Mix_cities/khartoum/image/khartoum_959.tif,data/raw/WHU_Mix_cities/khartoum/label/khartoum_959.tif
train,khartoum,whu_mix,khartoum_309.tif,0,0,0,0,512,512,0.01836395,data/raw/WHU_Mix_cities/khartoum/image/khartoum_309.tif,data/raw/WHU_Mix_cities/khartoum/label/khartoum_309.tif
train,khartoum,whu_mix,khartoum_99.tif,0,0,0,0,512,512,0.13693619,data/raw/WHU_Mix_cities/khartoum/image/khartoum_99.tif,data/raw/WHU_Mix_cities/khartoum/label/khartoum_99.tif
train,khartoum,whu_mix,khartoum_554.tif,0,0,0,0,512,512,0.06914902,data/raw/WHU_Mix_cities/khartoum/image/khartoum_554.tif,data/raw/WHU_Mix_cities/khartoum/label/khartoum_554.tif
train,khartoum,whu_mix,khartoum_42.tif,0,0,0,0,512,512,0.17850876,data/raw/WHU_Mix_cities/khartoum/image/khartoum_42.tif,data/raw/WHU_Mix_cities/khartoum/label/khartoum_42.tif
train,khartoum,whu_mix,khartoum_993.tif,0,0,0,0,512,512,0.01113892,data/raw/WHU_Mix_cities/khartoum/image/khartoum_993.tif,data/raw/WHU_Mix_cities/khartoum/label/khartoum_993.tif
train,khartoum,whu_mix,khartoum_587.tif,0,0,0,0,512,512,0.21440125,data/raw/WHU_Mix_cities/khartoum/image/khartoum_587.tif,data/raw/WHU_Mix_cities/khartoum/label/khartoum_587.tif
train,khartoum,whu_mix,khartoum_504.tif,0,0,0,0,512,512,0.33203506,data/raw/WHU_Mix_cities/khartoum/image/khartoum_504.tif,data/raw/WHU_Mix_cities/khartoum/label/khartoum_504.tif
train,khartoum,whu_mix,khartoum_89.tif,0,0,0,0,512,512,0.28559494,data/raw/WHU_Mix_cities/khartoum/image/khartoum_89.tif,data/raw/WHU_Mix_cities/khartoum/label/khartoum_89.tif
train,khartoum,whu_mix,khartoum_786.tif,0,0,0,0,512,512,0.08845139,data/raw/WHU_Mix_cities/khartoum/image/khartoum_786.tif,data/raw/WHU_Mix_cities/khartoum/label/khartoum_786.tif
train,khartoum,whu_mix,khartoum_710.tif,0,0,0,0,512,512,0.27976608,data/raw/WHU_Mix_cities/khartoum/image/khartoum_710.tif,data/raw/WHU_Mix_cities/khartoum/label/khartoum_710.tif
train,khartoum,whu_mix,khartoum_663.tif,0,0,0,0,512,512,0.14556503,data/raw/WHU_Mix_cities/khartoum/image/khartoum_663.tif,data/raw/WHU_Mix_cities/khartoum/label/khartoum_663.tif
train,khartoum,whu_mix,khartoum_899.tif,0,0,0,0,512,512,0.14009094,data/raw/WHU_Mix_cities/khartoum/image/khartoum_899.tif,data/raw/WHU_Mix_cities/khartoum/label/khartoum_899.tif
train,khartoum,whu_mix,khartoum_728.tif,0,0,0,0,512,512,0.07741165,data/raw/WHU_Mix_cities/khartoum/image/khartoum_728.tif,data/raw/WHU_Mix_cities/khartoum/label/khartoum_728.tif
train,khartoum,whu_mix,khartoum_1004.tif,0,0,0,0,512,512,0.01167679,data/raw/WHU_Mix_cities/khartoum/image/khartoum_1004.tif,data/raw/WHU_Mix_cities/khartoum/label/khartoum_1004.tif
train,khartoum,whu_mix,khartoum_772.tif,0,0,0,0,512,512,0.18405151,data/raw/WHU_Mix_cities/khartoum/image/khartoum_772.tif,data/raw/WHU_Mix_cities/khartoum/label/khartoum_772.tif
train,khartoum,whu_mix,khartoum_483.tif,0,0,0,0,512,512,0.02678680,data/raw/WHU_Mix_cities/khartoum/image/khartoum_483.tif,data/raw/WHU_Mix_cities/khartoum/label/khartoum_483.tif
train,khartoum,whu_mix,khartoum_881.tif,0,0,0,0,512,512,0.19343185,data/raw/WHU_Mix_cities/khartoum/image/khartoum_881.tif,data/raw/WHU_Mix_cities/khartoum/label/khartoum_881.tif
train,khartoum,whu_mix,khartoum_440.tif,0,0,0,0,512,512,0.05932999,data/raw/WHU_Mix_cities/khartoum/image/khartoum_440.tif,data/raw/WHU_Mix_cities/khartoum/label/khartoum_440.tif
train,khartoum,whu_mix,khartoum_340.tif,0,0,0,0,512,512,0.06017303,data/raw/WHU_Mix_cities/khartoum/image/khartoum_340.tif,data/raw/WHU_Mix_cities/khartoum/label/khartoum_340.tif
train,khartoum,whu_mix,khartoum_762.tif,0,0,0,0,512,512,0.40501022,data/raw/WHU_Mix_cities/khartoum/image/khartoum_762.tif,data/raw/WHU_Mix_cities/khartoum/label/khartoum_762.tif
train,khartoum,whu_mix,khartoum_886.tif,0,0,0,0,512,512,0.23786163,data/raw/WHU_Mix_cities/khartoum/image/khartoum_886.tif,data/raw/WHU_Mix_cities/khartoum/label/khartoum_886.tif
train,khartoum,whu_mix,khartoum_269.tif,0,0,0,0,512,512,0.19277191,data/raw/WHU_Mix_cities/khartoum/image/khartoum_269.tif,data/raw/WHU_Mix_cities/khartoum/label/khartoum_269.tif
train,khartoum,whu_mix,khartoum_145.tif,0,0,0,0,512,512,0.10412979,data/raw/WHU_Mix_cities/khartoum/image/khartoum_145.tif,data/raw/WHU_Mix_cities/khartoum/label/khartoum_145.tif
train,khartoum,whu_mix,khartoum_530.tif,0,0,0,0,512,512,0.00407410,data/raw/WHU_Mix_cities/khartoum/image/khartoum_530.tif,data/raw/WHU_Mix_cities/khartoum/label/khartoum_530.tif
train,khartoum,whu_mix,khartoum_198.tif,0,0,0,0,512,512,0.45036316,data/raw/WHU_Mix_cities/khartoum/image/khartoum_198.tif,data/raw/WHU_Mix_cities/khartoum/label/khartoum_198.tif
train,khartoum,whu_mix,khartoum_237.tif,0,0,0,0,512,512,0.19965363,data/raw/WHU_Mix_cities/khartoum/image/khartoum_237.tif,data/raw/WHU_Mix_cities/khartoum/label/khartoum_237.tif
train,khartoum,whu_mix,khartoum_345.tif,0,0,0,0,512,512,0.09793854,data/raw/WHU_Mix_cities/khartoum/image/khartoum_345.tif,data/raw/WHU_Mix_cities/khartoum/label/khartoum_345.tif
train,khartoum,whu_mix,khartoum_364.tif,0,0,0,0,512,512,0.05451202,data/raw/WHU_Mix_cities/khartoum/image/khartoum_364.tif,data/raw/WHU_Mix_cities/khartoum/label/khartoum_364.tif
train,khartoum,whu_mix,khartoum_551.tif,0,0,0,0,512,512,0.13889694,data/raw/WHU_Mix_cities/khartoum/image/khartoum_551.tif,data/raw/WHU_Mix_cities/khartoum/label/khartoum_551.tif
train,khartoum,whu_mix,khartoum_158.tif,0,0,0,0,512,512,0.04491043,data/raw/WHU_Mix_cities/khartoum/image/khartoum_158.tif,data/raw/WHU_Mix_cities/khartoum/label/khartoum_158.tif
train,khartoum,whu_mix,khartoum_994.tif,0,0,0,0,512,512,0.01601791,data/raw/WHU_Mix_cities/khartoum/image/khartoum_994.tif,data/raw/WHU_Mix_cities/khartoum/label/khartoum_994.tif
train,khartoum,whu_mix,khartoum_678.tif,0,0,0,0,512,512,0.10632324,data/raw/WHU_Mix_cities/khartoum/image/khartoum_678.tif,data/raw/WHU_Mix_cities/khartoum/label/khartoum_678.tif
train,khartoum,whu_mix,khartoum_378.tif,0,0,0,0,512,512,0.04257202,data/raw/WHU_Mix_cities/khartoum/image/khartoum_378.tif,data/raw/WHU_Mix_cities/khartoum/label/khartoum_378.tif
train,khartoum,whu_mix,khartoum_65.tif,0,0,0,0,512,512,0.05358124,data/raw/WHU_Mix_cities/khartoum/image/khartoum_65.tif,data/raw/WHU_Mix_cities/khartoum/label/khartoum_65.tif
train,khartoum,whu_mix,khartoum_629.tif,0,0,0,0,512,512,0.18973541,data/raw/WHU_Mix_cities/khartoum/image/khartoum_629.tif,data/raw/WHU_Mix_cities/khartoum/label/khartoum_629.tif
train,khartoum,whu_mix,khartoum_339.tif,0,0,0,0,512,512,0.04183197,data/raw/WHU_Mix_cities/khartoum/image/khartoum_339.tif,data/raw/WHU_Mix_cities/khartoum/label/khartoum_339.tif
train,khartoum,whu_mix,khartoum_244.tif,0,0,0,0,512,512,0.06563187,data/raw/WHU_Mix_cities/khartoum/image/khartoum_244.tif,data/raw/WHU_Mix_cities/khartoum/label/khartoum_244.tif
train,khartoum,whu_mix,khartoum_270.tif,0,0,0,0,512,512,0.28683853,data/raw/WHU_Mix_cities/khartoum/image/khartoum_270.tif,data/raw/WHU_Mix_cities/khartoum/label/khartoum_270.tif
train,khartoum,whu_mix,khartoum_858.tif,0,0,0,0,512,512,0.39867020,data/raw/WHU_Mix_cities/khartoum/image/khartoum_858.tif,data/raw/WHU_Mix_cities/khartoum/label/khartoum_858.tif
train,khartoum,whu_mix,khartoum_142.tif,0,0,0,0,512,512,0.26095200,data/raw/WHU_Mix_cities/khartoum/image/khartoum_142.tif,data/raw/WHU_Mix_cities/khartoum/label/khartoum_142.tif
train,khartoum,whu_mix,khartoum_416.tif,0,0,0,0,512,512,0.08913040,data/raw/WHU_Mix_cities/khartoum/image/khartoum_416.tif,data/raw/WHU_Mix_cities/khartoum/label/khartoum_416.tif
train,khartoum,whu_mix,khartoum_974.tif,0,0,0,0,512,512,0.10787201,data/raw/WHU_Mix_cities/khartoum/image/khartoum_974.tif,data/raw/WHU_Mix_cities/khartoum/label/khartoum_974.tif
train,khartoum,whu_mix,khartoum_748.tif,0,0,0,0,512,512,0.22803879,data/raw/WHU_Mix_cities/khartoum/image/khartoum_748.tif,data/raw/WHU_Mix_cities/khartoum/label/khartoum_748.tif
train,khartoum,whu_mix,khartoum_1001.tif,0,0,0,0,512,512,0.12434387,data/raw/WHU_Mix_cities/khartoum/image/khartoum_1001.tif,data/raw/WHU_Mix_cities/khartoum/label/khartoum_1001.tif
train,khartoum,whu_mix,khartoum_705.tif,0,0,0,0,512,512,0.06602859,data/raw/WHU_Mix_cities/khartoum/image/khartoum_705.tif,data/raw/WHU_Mix_cities/khartoum/label/khartoum_705.tif
train,khartoum,whu_mix,khartoum_564.tif,0,0,0,0,512,512,0.33015060,data/raw/WHU_Mix_cities/khartoum/image/khartoum_564.tif,data/raw/WHU_Mix_cities/khartoum/label/khartoum_564.tif
train,khartoum,whu_mix,khartoum_247.tif,0,0,0,0,512,512,0.48079681,data/raw/WHU_Mix_cities/khartoum/image/khartoum_247.tif,data/raw/WHU_Mix_cities/khartoum/label/khartoum_247.tif
train,khartoum,whu_mix,khartoum_589.tif,0,0,0,0,512,512,0.16547775,data/raw/WHU_Mix_cities/khartoum/image/khartoum_589.tif,data/raw/WHU_Mix_cities/khartoum/label/khartoum_589.tif
train,khartoum,whu_mix,khartoum_562.tif,0,0,0,0,512,512,0.28717422,data/raw/WHU_Mix_cities/khartoum/image/khartoum_562.tif,data/raw/WHU_Mix_cities/khartoum/label/khartoum_562.tif
train,khartoum,whu_mix,khartoum_604.tif,0,0,0,0,512,512,0.52865982,data/raw/WHU_Mix_cities/khartoum/image/khartoum_604.tif,data/raw/WHU_Mix_cities/khartoum/label/khartoum_604.tif
train,khartoum,whu_mix,khartoum_500.tif,0,0,0,0,512,512,0.05957413,data/raw/WHU_Mix_cities/khartoum/image/khartoum_500.tif,data/raw/WHU_Mix_cities/khartoum/label/khartoum_500.tif
train,khartoum,whu_mix,khartoum_593.tif,0,0,0,0,512,512,0.00577545,data/raw/WHU_Mix_cities/khartoum/image/khartoum_593.tif,data/raw/WHU_Mix_cities/khartoum/label/khartoum_593.tif
train,khartoum,whu_mix,khartoum_900.tif,0,0,0,0,512,512,0.18202209,data/raw/WHU_Mix_cities/khartoum/image/khartoum_900.tif,data/raw/WHU_Mix_cities/khartoum/label/khartoum_900.tif
train,khartoum,whu_mix,khartoum_833.tif,0,0,0,0,512,512,0.13903427,data/raw/WHU_Mix_cities/khartoum/image/khartoum_833.tif,data/raw/WHU_Mix_cities/khartoum/label/khartoum_833.tif
train,khartoum,whu_mix,khartoum_766.tif,0,0,0,0,512,512,0.29872513,data/raw/WHU_Mix_cities/khartoum/image/khartoum_766.tif,data/raw/WHU_Mix_cities/khartoum/label/khartoum_766.tif
train,khartoum,whu_mix,khartoum_760.tif,0,0,0,0,512,512,0.38232040,data/raw/WHU_Mix_cities/khartoum/image/khartoum_760.tif,data/raw/WHU_Mix_cities/khartoum/label/khartoum_760.tif
train,khartoum,whu_mix,khartoum_814.tif,0,0,0,0,512,512,0.48091125,data/raw/WHU_Mix_cities/khartoum/image/khartoum_814.tif,data/raw/WHU_Mix_cities/khartoum/label/khartoum_814.tif
train,khartoum,whu_mix,khartoum_105.tif,0,0,0,0,512,512,0.24425507,data/raw/WHU_Mix_cities/khartoum/image/khartoum_105.tif,data/raw/WHU_Mix_cities/khartoum/label/khartoum_105.tif
train,khartoum,whu_mix,khartoum_687.tif,0,0,0,0,512,512,0.00382233,data/raw/WHU_Mix_cities/khartoum/image/khartoum_687.tif,data/raw/WHU_Mix_cities/khartoum/label/khartoum_687.tif
train,khartoum,whu_mix,khartoum_817.tif,0,0,0,0,512,512,0.12910080,data/raw/WHU_Mix_cities/khartoum/image/khartoum_817.tif,data/raw/WHU_Mix_cities/khartoum/label/khartoum_817.tif
train,khartoum,whu_mix,khartoum_19.tif,0,0,0,0,512,512,0.09955978,data/raw/WHU_Mix_cities/khartoum/image/khartoum_19.tif,data/raw/WHU_Mix_cities/khartoum/label/khartoum_19.tif
train,khartoum,whu_mix,khartoum_702.tif,0,0,0,0,512,512,0.17329025,data/raw/WHU_Mix_cities/khartoum/image/khartoum_702.tif,data/raw/WHU_Mix_cities/khartoum/label/khartoum_702.tif
train,khartoum,whu_mix,khartoum_704.tif,0,0,0,0,512,512,0.01042175,data/raw/WHU_Mix_cities/khartoum/image/khartoum_704.tif,data/raw/WHU_Mix_cities/khartoum/label/khartoum_704.tif
train,khartoum,whu_mix,khartoum_544.tif,0,0,0,0,512,512,0.05984879,data/raw/WHU_Mix_cities/khartoum/image/khartoum_544.tif,data/raw/WHU_Mix_cities/khartoum/label/khartoum_544.tif
train,khartoum,whu_mix,khartoum_279.tif,0,0,0,0,512,512,0.05379105,data/raw/WHU_Mix_cities/khartoum/image/khartoum_279.tif,data/raw/WHU_Mix_cities/khartoum/label/khartoum_279.tif
train,khartoum,whu_mix,khartoum_127.tif,0,0,0,0,512,512,0.23603821,data/raw/WHU_Mix_cities/khartoum/image/khartoum_127.tif,data/raw/WHU_Mix_cities/khartoum/label/khartoum_127.tif
train,khartoum,whu_mix,khartoum_343.tif,0,0,0,0,512,512,0.22793961,data/raw/WHU_Mix_cities/khartoum/image/khartoum_343.tif,data/raw/WHU_Mix_cities/khartoum/label/khartoum_343.tif
train,khartoum,whu_mix,khartoum_190.tif,0,0,0,0,512,512,0.38312149,data/raw/WHU_Mix_cities/khartoum/image/khartoum_190.tif,data/raw/WHU_Mix_cities/khartoum/label/khartoum_190.tif
train,khartoum,whu_mix,khartoum_150.tif,0,0,0,0,512,512,0.28452682,data/raw/WHU_Mix_cities/khartoum/image/khartoum_150.tif,data/raw/WHU_Mix_cities/khartoum/label/khartoum_150.tif
train,khartoum,whu_mix,khartoum_799.tif,0,0,0,0,512,512,0.29986191,data/raw/WHU_Mix_cities/khartoum/image/khartoum_799.tif,data/raw/WHU_Mix_cities/khartoum/label/khartoum_799.tif
train,khartoum,whu_mix,khartoum_438.tif,0,0,0,0,512,512,0.06047821,data/raw/WHU_Mix_cities/khartoum/image/khartoum_438.tif,data/raw/WHU_Mix_cities/khartoum/label/khartoum_438.tif
train,khartoum,whu_mix,khartoum_798.tif,0,0,0,0,512,512,0.23416901,data/raw/WHU_Mix_cities/khartoum/image/khartoum_798.tif,data/raw/WHU_Mix_cities/khartoum/label/khartoum_798.tif
train,khartoum,whu_mix,khartoum_305.tif,0,0,0,0,512,512,0.08560562,data/raw/WHU_Mix_cities/khartoum/image/khartoum_305.tif,data/raw/WHU_Mix_cities/khartoum/label/khartoum_305.tif
train,khartoum,whu_mix,khartoum_600.tif,0,0,0,0,512,512,0.11585617,data/raw/WHU_Mix_cities/khartoum/image/khartoum_600.tif,data/raw/WHU_Mix_cities/khartoum/label/khartoum_600.tif
train,khartoum,whu_mix,khartoum_60.tif,0,0,0,0,512,512,0.04698944,data/raw/WHU_Mix_cities/khartoum/image/khartoum_60.tif,data/raw/WHU_Mix_cities/khartoum/label/khartoum_60.tif
train,khartoum,whu_mix,khartoum_533.tif,0,0,0,0,512,512,0.11473083,data/raw/WHU_Mix_cities/khartoum/image/khartoum_533.tif,data/raw/WHU_Mix_cities/khartoum/label/khartoum_533.tif
train,khartoum,whu_mix,khartoum_861.tif,0,0,0,0,512,512,0.05575180,data/raw/WHU_Mix_cities/khartoum/image/khartoum_861.tif,data/raw/WHU_Mix_cities/khartoum/label/khartoum_861.tif
train,khartoum,whu_mix,khartoum_1002.tif,0,0,0,0,512,512,0.02750015,data/raw/WHU_Mix_cities/khartoum/image/khartoum_1002.tif,data/raw/WHU_Mix_cities/khartoum/label/khartoum_1002.tif
train,khartoum,whu_mix,khartoum_649.tif,0,0,0,0,512,512,0.07604599,data/raw/WHU_Mix_cities/khartoum/image/khartoum_649.tif,data/raw/WHU_Mix_cities/khartoum/label/khartoum_649.tif
train,khartoum,whu_mix,khartoum_695.tif,0,0,0,0,512,512,0.34605408,data/raw/WHU_Mix_cities/khartoum/image/khartoum_695.tif,data/raw/WHU_Mix_cities/khartoum/label/khartoum_695.tif
train,khartoum,whu_mix,khartoum_597.tif,0,0,0,0,512,512,0.10160065,data/raw/WHU_Mix_cities/khartoum/image/khartoum_597.tif,data/raw/WHU_Mix_cities/khartoum/label/khartoum_597.tif
train,khartoum,whu_mix,khartoum_449.tif,0,0,0,0,512,512,0.23357391,data/raw/WHU_Mix_cities/khartoum/image/khartoum_449.tif,data/raw/WHU_Mix_cities/khartoum/label/khartoum_449.tif
train,khartoum,whu_mix,khartoum_54.tif,0,0,0,0,512,512,0.29201889,data/raw/WHU_Mix_cities/khartoum/image/khartoum_54.tif,data/raw/WHU_Mix_cities/khartoum/label/khartoum_54.tif
train,khartoum,whu_mix,khartoum_200.tif,0,0,0,0,512,512,0.52149582,data/raw/WHU_Mix_cities/khartoum/image/khartoum_200.tif,data/raw/WHU_Mix_cities/khartoum/label/khartoum_200.tif
train,khartoum,whu_mix,khartoum_141.tif,0,0,0,0,512,512,0.26468658,data/raw/WHU_Mix_cities/khartoum/image/khartoum_141.tif,data/raw/WHU_Mix_cities/khartoum/label/khartoum_141.tif
train,khartoum,whu_mix,khartoum_344.tif,0,0,0,0,512,512,0.08606720,data/raw/WHU_Mix_cities/khartoum/image/khartoum_344.tif,data/raw/WHU_Mix_cities/khartoum/label/khartoum_344.tif
train,khartoum,whu_mix,khartoum_338.tif,0,0,0,0,512,512,0.15402985,data/raw/WHU_Mix_cities/khartoum/image/khartoum_338.tif,data/raw/WHU_Mix_cities/khartoum/label/khartoum_338.tif
train,khartoum,whu_mix,khartoum_868.tif,0,0,0,0,512,512,0.40292358,data/raw/WHU_Mix_cities/khartoum/image/khartoum_868.tif,data/raw/WHU_Mix_cities/khartoum/label/khartoum_868.tif
train,khartoum,whu_mix,khartoum_71.tif,0,0,0,0,512,512,0.19710159,data/raw/WHU_Mix_cities/khartoum/image/khartoum_71.tif,data/raw/WHU_Mix_cities/khartoum/label/khartoum_71.tif
train,khartoum,whu_mix,khartoum_350.tif,0,0,0,0,512,512,0.20821381,data/raw/WHU_Mix_cities/khartoum/image/khartoum_350.tif,data/raw/WHU_Mix_cities/khartoum/label/khartoum_350.tif
train,khartoum,whu_mix,khartoum_21.tif,0,0,0,0,512,512,0.06812286,data/raw/WHU_Mix_cities/khartoum/image/khartoum_21.tif,data/raw/WHU_Mix_cities/khartoum/label/khartoum_21.tif
train,khartoum,whu_mix,khartoum_908.tif,0,0,0,0,512,512,0.44170761,data/raw/WHU_Mix_cities/khartoum/image/khartoum_908.tif,data/raw/WHU_Mix_cities/khartoum/label/khartoum_908.tif
train,khartoum,whu_mix,khartoum_387.tif,0,0,0,0,512,512,0.19485092,data/raw/WHU_Mix_cities/khartoum/image/khartoum_387.tif,data/raw/WHU_Mix_cities/khartoum/label/khartoum_387.tif
train,khartoum,whu_mix,khartoum_386.tif,0,0,0,0,512,512,0.29991531,data/raw/WHU_Mix_cities/khartoum/image/khartoum_386.tif,data/raw/WHU_Mix_cities/khartoum/label/khartoum_386.tif
train,khartoum,whu_mix,khartoum_307.tif,0,0,0,0,512,512,0.20100784,data/raw/WHU_Mix_cities/khartoum/image/khartoum_307.tif,data/raw/WHU_Mix_cities/khartoum/label/khartoum_307.tif
train,khartoum,whu_mix,khartoum_324.tif,0,0,0,0,512,512,0.28385162,data/raw/WHU_Mix_cities/khartoum/image/khartoum_324.tif,data/raw/WHU_Mix_cities/khartoum/label/khartoum_324.tif
train,khartoum,whu_mix,khartoum_948.tif,0,0,0,0,512,512,0.51373291,data/raw/WHU_Mix_cities/khartoum/image/khartoum_948.tif,data/raw/WHU_Mix_cities/khartoum/label/khartoum_948.tif
train,khartoum,whu_mix,khartoum_369.tif,0,0,0,0,512,512,0.03252411,data/raw/WHU_Mix_cities/khartoum/image/khartoum_369.tif,data/raw/WHU_Mix_cities/khartoum/label/khartoum_369.tif
train,khartoum,whu_mix,khartoum_568.tif,0,0,0,0,512,512,0.51058197,data/raw/WHU_Mix_cities/khartoum/image/khartoum_568.tif,data/raw/WHU_Mix_cities/khartoum/label/khartoum_568.tif
train,khartoum,whu_mix,khartoum_913.tif,0,0,0,0,512,512,0.24964905,data/raw/WHU_Mix_cities/khartoum/image/khartoum_913.tif,data/raw/WHU_Mix_cities/khartoum/label/khartoum_913.tif
train,khartoum,whu_mix,khartoum_969.tif,0,0,0,0,512,512,0.00261688,data/raw/WHU_Mix_cities/khartoum/image/khartoum_969.tif,data/raw/WHU_Mix_cities/khartoum/label/khartoum_969.tif
train,khartoum,whu_mix,khartoum_873.tif,0,0,0,0,512,512,0.18936920,data/raw/WHU_Mix_cities/khartoum/image/khartoum_873.tif,data/raw/WHU_Mix_cities/khartoum/label/khartoum_873.tif
train,khartoum,whu_mix,khartoum_131.tif,0,0,0,0,512,512,0.36809540,data/raw/WHU_Mix_cities/khartoum/image/khartoum_131.tif,data/raw/WHU_Mix_cities/khartoum/label/khartoum_131.tif
train,khartoum,whu_mix,khartoum_979.tif,0,0,0,0,512,512,0.08502197,data/raw/WHU_Mix_cities/khartoum/image/khartoum_979.tif,data/raw/WHU_Mix_cities/khartoum/label/khartoum_979.tif
train,khartoum,whu_mix,khartoum_248.tif,0,0,0,0,512,512,0.58176422,data/raw/WHU_Mix_cities/khartoum/image/khartoum_248.tif,data/raw/WHU_Mix_cities/khartoum/label/khartoum_248.tif
train,khartoum,whu_mix,khartoum_85.tif,0,0,0,0,512,512,0.29166794,data/raw/WHU_Mix_cities/khartoum/image/khartoum_85.tif,data/raw/WHU_Mix_cities/khartoum/label/khartoum_85.tif
train,khartoum,whu_mix,khartoum_521.tif,0,0,0,0,512,512,0.09427261,data/raw/WHU_Mix_cities/khartoum/image/khartoum_521.tif,data/raw/WHU_Mix_cities/khartoum/label/khartoum_521.tif
train,khartoum,whu_mix,khartoum_505.tif,0,0,0,0,512,512,0.33338547,data/raw/WHU_Mix_cities/khartoum/image/khartoum_505.tif,data/raw/WHU_Mix_cities/khartoum/label/khartoum_505.tif
train,khartoum,whu_mix,khartoum_665.tif,0,0,0,0,512,512,0.39476776,data/raw/WHU_Mix_cities/khartoum/image/khartoum_665.tif,data/raw/WHU_Mix_cities/khartoum/label/khartoum_665.tif
train,khartoum,whu_mix,khartoum_970.tif,0,0,0,0,512,512,0.11794662,data/raw/WHU_Mix_cities/khartoum/image/khartoum_970.tif,data/raw/WHU_Mix_cities/khartoum/label/khartoum_970.tif
train,khartoum,whu_mix,khartoum_401.tif,0,0,0,0,512,512,0.23244095,data/raw/WHU_Mix_cities/khartoum/image/khartoum_401.tif,data/raw/WHU_Mix_cities/khartoum/label/khartoum_401.tif
train,khartoum,whu_mix,khartoum_389.tif,0,0,0,0,512,512,0.15870285,data/raw/WHU_Mix_cities/khartoum/image/khartoum_389.tif,data/raw/WHU_Mix_cities/khartoum/label/khartoum_389.tif
train,khartoum,whu_mix,khartoum_468.tif,0,0,0,0,512,512,0.01166916,data/raw/WHU_Mix_cities/khartoum/image/khartoum_468.tif,data/raw/WHU_Mix_cities/khartoum/label/khartoum_468.tif
train,khartoum,whu_mix,khartoum_714.tif,0,0,0,0,512,512,0.02011490,data/raw/WHU_Mix_cities/khartoum/image/khartoum_714.tif,data/raw/WHU_Mix_cities/khartoum/label/khartoum_714.tif
train,khartoum,whu_mix,khartoum_94.tif,0,0,0,0,512,512,0.02149200,data/raw/WHU_Mix_cities/khartoum/image/khartoum_94.tif,data/raw/WHU_Mix_cities/khartoum/label/khartoum_94.tif
train,khartoum,whu_mix,khartoum_708.tif,0,0,0,0,512,512,0.22187424,data/raw/WHU_Mix_cities/khartoum/image/khartoum_708.tif,data/raw/WHU_Mix_cities/khartoum/label/khartoum_708.tif
train,khartoum,whu_mix,khartoum_78.tif,0,0,0,0,512,512,0.09831238,data/raw/WHU_Mix_cities/khartoum/image/khartoum_78.tif,data/raw/WHU_Mix_cities/khartoum/label/khartoum_78.tif
train,khartoum,whu_mix,khartoum_866.tif,0,0,0,0,512,512,0.28063965,data/raw/WHU_Mix_cities/khartoum/image/khartoum_866.tif,data/raw/WHU_Mix_cities/khartoum/label/khartoum_866.tif
train,khartoum,whu_mix,khartoum_914.tif,0,0,0,0,512,512,0.26880264,data/raw/WHU_Mix_cities/khartoum/image/khartoum_914.tif,data/raw/WHU_Mix_cities/khartoum/label/khartoum_914.tif
train,khartoum,whu_mix,khartoum_413.tif,0,0,0,0,512,512,0.05501556,data/raw/WHU_Mix_cities/khartoum/image/khartoum_413.tif,data/raw/WHU_Mix_cities/khartoum/label/khartoum_413.tif
train,khartoum,whu_mix,khartoum_394.tif,0,0,0,0,512,512,0.36929703,data/raw/WHU_Mix_cities/khartoum/image/khartoum_394.tif,data/raw/WHU_Mix_cities/khartoum/label/khartoum_394.tif
train,khartoum,whu_mix,khartoum_357.tif,0,0,0,0,512,512,0.22116089,data/raw/WHU_Mix_cities/khartoum/image/khartoum_357.tif,data/raw/WHU_Mix_cities/khartoum/label/khartoum_357.tif
train,khartoum,whu_mix,khartoum_298.tif,0,0,0,0,512,512,0.24404144,data/raw/WHU_Mix_cities/khartoum/image/khartoum_298.tif,data/raw/WHU_Mix_cities/khartoum/label/khartoum_298.tif
train,khartoum,whu_mix,khartoum_859.tif,0,0,0,0,512,512,0.54419327,data/raw/WHU_Mix_cities/khartoum/image/khartoum_859.tif,data/raw/WHU_Mix_cities/khartoum/label/khartoum_859.tif
train,khartoum,whu_mix,khartoum_935.tif,0,0,0,0,512,512,0.20518112,data/raw/WHU_Mix_cities/khartoum/image/khartoum_935.tif,data/raw/WHU_Mix_cities/khartoum/label/khartoum_935.tif
train,khartoum,whu_mix,khartoum_472.tif,0,0,0,0,512,512,0.06411362,data/raw/WHU_Mix_cities/khartoum/image/khartoum_472.tif,data/raw/WHU_Mix_cities/khartoum/label/khartoum_472.tif
train,khartoum,whu_mix,khartoum_668.tif,0,0,0,0,512,512,0.27536392,data/raw/WHU_Mix_cities/khartoum/image/khartoum_668.tif,data/raw/WHU_Mix_cities/khartoum/label/khartoum_668.tif
train,khartoum,whu_mix,khartoum_46.tif,0,0,0,0,512,512,0.21250916,data/raw/WHU_Mix_cities/khartoum/image/khartoum_46.tif,data/raw/WHU_Mix_cities/khartoum/label/khartoum_46.tif
train,khartoum,whu_mix,khartoum_915.tif,0,0,0,0,512,512,0.27045822,data/raw/WHU_Mix_cities/khartoum/image/khartoum_915.tif,data/raw/WHU_Mix_cities/khartoum/label/khartoum_915.tif
train,khartoum,whu_mix,khartoum_584.tif,0,0,0,0,512,512,0.15635681,data/raw/WHU_Mix_cities/khartoum/image/khartoum_584.tif,data/raw/WHU_Mix_cities/khartoum/label/khartoum_584.tif
train,khartoum,whu_mix,khartoum_277.tif,0,0,0,0,512,512,0.02733612,data/raw/WHU_Mix_cities/khartoum/image/khartoum_277.tif,data/raw/WHU_Mix_cities/khartoum/label/khartoum_277.tif
train,khartoum,whu_mix,khartoum_715.tif,0,0,0,0,512,512,0.18813324,data/raw/WHU_Mix_cities/khartoum/image/khartoum_715.tif,data/raw/WHU_Mix_cities/khartoum/label/khartoum_715.tif
train,khartoum,whu_mix,khartoum_502.tif,0,0,0,0,512,512,0.13644028,data/raw/WHU_Mix_cities/khartoum/image/khartoum_502.tif,data/raw/WHU_Mix_cities/khartoum/label/khartoum_502.tif
train,khartoum,whu_mix,khartoum_947.tif,0,0,0,0,512,512,0.16144943,data/raw/WHU_Mix_cities/khartoum/image/khartoum_947.tif,data/raw/WHU_Mix_cities/khartoum/label/khartoum_947.tif
train,khartoum,whu_mix,khartoum_601.tif,0,0,0,0,512,512,0.29682922,data/raw/WHU_Mix_cities/khartoum/image/khartoum_601.tif,data/raw/WHU_Mix_cities/khartoum/label/khartoum_601.tif
train,khartoum,whu_mix,khartoum_441.tif,0,0,0,0,512,512,0.09717178,data/raw/WHU_Mix_cities/khartoum/image/khartoum_441.tif,data/raw/WHU_Mix_cities/khartoum/label/khartoum_441.tif
train,khartoum,whu_mix,khartoum_681.tif,0,0,0,0,512,512,0.06874847,data/raw/WHU_Mix_cities/khartoum/image/khartoum_681.tif,data/raw/WHU_Mix_cities/khartoum/label/khartoum_681.tif
train,khartoum,whu_mix,khartoum_316.tif,0,0,0,0,512,512,0.00383377,data/raw/WHU_Mix_cities/khartoum/image/khartoum_316.tif,data/raw/WHU_Mix_cities/khartoum/label/khartoum_316.tif
train,khartoum,whu_mix,khartoum_75.tif,0,0,0,0,512,512,0.18536758,data/raw/WHU_Mix_cities/khartoum/image/khartoum_75.tif,data/raw/WHU_Mix_cities/khartoum/label/khartoum_75.tif
train,khartoum,whu_mix,khartoum_239.tif,0,0,0,0,512,512,0.29026794,data/raw/WHU_Mix_cities/khartoum/image/khartoum_239.tif,data/raw/WHU_Mix_cities/khartoum/label/khartoum_239.tif
train,khartoum,whu_mix,khartoum_153.tif,0,0,0,0,512,512,0.15240860,data/raw/WHU_Mix_cities/khartoum/image/khartoum_153.tif,data/raw/WHU_Mix_cities/khartoum/label/khartoum_153.tif
train,khartoum,whu_mix,khartoum_596.tif,0,0,0,0,512,512,0.12905884,data/raw/WHU_Mix_cities/khartoum/image/khartoum_596.tif,data/raw/WHU_Mix_cities/khartoum/label/khartoum_596.tif
train,khartoum,whu_mix,khartoum_624.tif,0,0,0,0,512,512,0.30136490,data/raw/WHU_Mix_cities/khartoum/image/khartoum_624.tif,data/raw/WHU_Mix_cities/khartoum/label/khartoum_624.tif
train,khartoum,whu_mix,khartoum_946.tif,0,0,0,0,512,512,0.31158066,data/raw/WHU_Mix_cities/khartoum/image/khartoum_946.tif,data/raw/WHU_Mix_cities/khartoum/label/khartoum_946.tif
train,khartoum,whu_mix,khartoum_857.tif,0,0,0,0,512,512,0.54372406,data/raw/WHU_Mix_cities/khartoum/image/khartoum_857.tif,data/raw/WHU_Mix_cities/khartoum/label/khartoum_857.tif
train,khartoum,whu_mix,khartoum_539.tif,0,0,0,0,512,512,0.12733078,data/raw/WHU_Mix_cities/khartoum/image/khartoum_539.tif,data/raw/WHU_Mix_cities/khartoum/label/khartoum_539.tif
train,khartoum,whu_mix,khartoum_254.tif,0,0,0,0,512,512,0.05086136,data/raw/WHU_Mix_cities/khartoum/image/khartoum_254.tif,data/raw/WHU_Mix_cities/khartoum/label/khartoum_254.tif
train,khartoum,whu_mix,khartoum_827.tif,0,0,0,0,512,512,0.19908905,data/raw/WHU_Mix_cities/khartoum/image/khartoum_827.tif,data/raw/WHU_Mix_cities/khartoum/label/khartoum_827.tif
train,khartoum,whu_mix,khartoum_431.tif,0,0,0,0,512,512,0.26811600,data/raw/WHU_Mix_cities/khartoum/image/khartoum_431.tif,data/raw/WHU_Mix_cities/khartoum/label/khartoum_431.tif
train,khartoum,whu_mix,khartoum_567.tif,0,0,0,0,512,512,0.52295685,data/raw/WHU_Mix_cities/khartoum/image/khartoum_567.tif,data/raw/WHU_Mix_cities/khartoum/label/khartoum_567.tif
train,khartoum,whu_mix,khartoum_106.tif,0,0,0,0,512,512,0.01509857,data/raw/WHU_Mix_cities/khartoum/image/khartoum_106.tif,data/raw/WHU_Mix_cities/khartoum/label/khartoum_106.tif
train,khartoum,whu_mix,khartoum_297.tif,0,0,0,0,512,512,0.26935196,data/raw/WHU_Mix_cities/khartoum/image/khartoum_297.tif,data/raw/WHU_Mix_cities/khartoum/label/khartoum_297.tif
train,khartoum,whu_mix,khartoum_726.tif,0,0,0,0,512,512,0.08654785,data/raw/WHU_Mix_cities/khartoum/image/khartoum_726.tif,data/raw/WHU_Mix_cities/khartoum/label/khartoum_726.tif
train,khartoum,whu_mix,khartoum_961.tif,0,0,0,0,512,512,0.02280045,data/raw/WHU_Mix_cities/khartoum/image/khartoum_961.tif,data/raw/WHU_Mix_cities/khartoum/label/khartoum_961.tif
train,khartoum,whu_mix,khartoum_118.tif,0,0,0,0,512,512,0.35791016,data/raw/WHU_Mix_cities/khartoum/image/khartoum_118.tif,data/raw/WHU_Mix_cities/khartoum/label/khartoum_118.tif
train,khartoum,whu_mix,khartoum_353.tif,0,0,0,0,512,512,0.21538162,data/raw/WHU_Mix_cities/khartoum/image/khartoum_353.tif,data/raw/WHU_Mix_cities/khartoum/label/khartoum_353.tif
train,khartoum,whu_mix,khartoum_25.tif,0,0,0,0,512,512,0.17372894,data/raw/WHU_Mix_cities/khartoum/image/khartoum_25.tif,data/raw/WHU_Mix_cities/khartoum/label/khartoum_25.tif
train,khartoum,whu_mix,khartoum_506.tif,0,0,0,0,512,512,0.41431808,data/raw/WHU_Mix_cities/khartoum/image/khartoum_506.tif,data/raw/WHU_Mix_cities/khartoum/label/khartoum_506.tif
train,khartoum,whu_mix,khartoum_646.tif,0,0,0,0,512,512,0.21936417,data/raw/WHU_Mix_cities/khartoum/image/khartoum_646.tif,data/raw/WHU_Mix_cities/khartoum/label/khartoum_646.tif
train,khartoum,whu_mix,khartoum_273.tif,0,0,0,0,512,512,0.04806137,data/raw/WHU_Mix_cities/khartoum/image/khartoum_273.tif,data/raw/WHU_Mix_cities/khartoum/label/khartoum_273.tif
train,khartoum,whu_mix,khartoum_603.tif,0,0,0,0,512,512,0.44681931,data/raw/WHU_Mix_cities/khartoum/image/khartoum_603.tif,data/raw/WHU_Mix_cities/khartoum/label/khartoum_603.tif
train,khartoum,whu_mix,khartoum_747.tif,0,0,0,0,512,512,0.10691452,data/raw/WHU_Mix_cities/khartoum/image/khartoum_747.tif,data/raw/WHU_Mix_cities/khartoum/label/khartoum_747.tif
train,khartoum,whu_mix,khartoum_787.tif,0,0,0,0,512,512,0.03197098,data/raw/WHU_Mix_cities/khartoum/image/khartoum_787.tif,data/raw/WHU_Mix_cities/khartoum/label/khartoum_787.tif
train,khartoum,whu_mix,khartoum_34.tif,0,0,0,0,512,512,0.24709702,data/raw/WHU_Mix_cities/khartoum/image/khartoum_34.tif,data/raw/WHU_Mix_cities/khartoum/label/khartoum_34.tif
train,khartoum,whu_mix,khartoum_823.tif,0,0,0,0,512,512,0.29582977,data/raw/WHU_Mix_cities/khartoum/image/khartoum_823.tif,data/raw/WHU_Mix_cities/khartoum/label/khartoum_823.tif
train,khartoum,whu_mix,khartoum_7.tif,0,0,0,0,512,512,0.01890564,data/raw/WHU_Mix_cities/khartoum/image/khartoum_7.tif,data/raw/WHU_Mix_cities/khartoum/label/khartoum_7.tif
train,khartoum,whu_mix,khartoum_882.tif,0,0,0,0,512,512,0.23594284,data/raw/WHU_Mix_cities/khartoum/image/khartoum_882.tif,data/raw/WHU_Mix_cities/khartoum/label/khartoum_882.tif
train,khartoum,whu_mix,khartoum_750.tif,0,0,0,0,512,512,0.00019836,data/raw/WHU_Mix_cities/khartoum/image/khartoum_750.tif,data/raw/WHU_Mix_cities/khartoum/label/khartoum_750.tif
train,khartoum,whu_mix,khartoum_991.tif,0,0,0,0,512,512,0.00660324,data/raw/WHU_Mix_cities/khartoum/image/khartoum_991.tif,data/raw/WHU_Mix_cities/khartoum/label/khartoum_991.tif
train,khartoum,whu_mix,khartoum_113.tif,0,0,0,0,512,512,0.27494812,data/raw/WHU_Mix_cities/khartoum/image/khartoum_113.tif,data/raw/WHU_Mix_cities/khartoum/label/khartoum_113.tif
train,khartoum,whu_mix,khartoum_815.tif,0,0,0,0,512,512,0.16316986,data/raw/WHU_Mix_cities/khartoum/image/khartoum_815.tif,data/raw/WHU_Mix_cities/khartoum/label/khartoum_815.tif
train,khartoum,whu_mix,khartoum_807.tif,0,0,0,0,512,512,0.07689667,data/raw/WHU_Mix_cities/khartoum/image/khartoum_807.tif,data/raw/WHU_Mix_cities/khartoum/label/khartoum_807.tif
train,khartoum,whu_mix,khartoum_879.tif,0,0,0,0,512,512,0.16915894,data/raw/WHU_Mix_cities/khartoum/image/khartoum_879.tif,data/raw/WHU_Mix_cities/khartoum/label/khartoum_879.tif
train,khartoum,whu_mix,khartoum_211.tif,0,0,0,0,512,512,0.02673721,data/raw/WHU_Mix_cities/khartoum/image/khartoum_211.tif,data/raw/WHU_Mix_cities/khartoum/label/khartoum_211.tif
train,khartoum,whu_mix,khartoum_45.tif,0,0,0,0,512,512,0.17730713,data/raw/WHU_Mix_cities/khartoum/image/khartoum_45.tif,data/raw/WHU_Mix_cities/khartoum/label/khartoum_45.tif
train,khartoum,whu_mix,khartoum_960.tif,0,0,0,0,512,512,0.00276947,data/raw/WHU_Mix_cities/khartoum/image/khartoum_960.tif,data/raw/WHU_Mix_cities/khartoum/label/khartoum_960.tif
train,khartoum,whu_mix,khartoum_104.tif,0,0,0,0,512,512,0.25714874,data/raw/WHU_Mix_cities/khartoum/image/khartoum_104.tif,data/raw/WHU_Mix_cities/khartoum/label/khartoum_104.tif
train,khartoum,whu_mix,khartoum_6.tif,0,0,0,0,512,512,0.09119797,data/raw/WHU_Mix_cities/khartoum/image/khartoum_6.tif,data/raw/WHU_Mix_cities/khartoum/label/khartoum_6.tif
train,khartoum,whu_mix,khartoum_738.tif,0,0,0,0,512,512,0.20412827,data/raw/WHU_Mix_cities/khartoum/image/khartoum_738.tif,data/raw/WHU_Mix_cities/khartoum/label/khartoum_738.tif
train,khartoum,whu_mix,khartoum_683.tif,0,0,0,0,512,512,0.08955383,data/raw/WHU_Mix_cities/khartoum/image/khartoum_683.tif,data/raw/WHU_Mix_cities/khartoum/label/khartoum_683.tif
train,khartoum,whu_mix,khartoum_612.tif,0,0,0,0,512,512,0.01808929,data/raw/WHU_Mix_cities/khartoum/image/khartoum_612.tif,data/raw/WHU_Mix_cities/khartoum/label/khartoum_612.tif
train,khartoum,whu_mix,khartoum_654.tif,0,0,0,0,512,512,0.13845825,data/raw/WHU_Mix_cities/khartoum/image/khartoum_654.tif,data/raw/WHU_Mix_cities/khartoum/label/khartoum_654.tif
train,khartoum,whu_mix,khartoum_884.tif,0,0,0,0,512,512,0.35559082,data/raw/WHU_Mix_cities/khartoum/image/khartoum_884.tif,data/raw/WHU_Mix_cities/khartoum/label/khartoum_884.tif
train,khartoum,whu_mix,khartoum_63.tif,0,0,0,0,512,512,0.12652969,data/raw/WHU_Mix_cities/khartoum/image/khartoum_63.tif,data/raw/WHU_Mix_cities/khartoum/label/khartoum_63.tif
train,khartoum,whu_mix,khartoum_454.tif,0,0,0,0,512,512,0.24608994,data/raw/WHU_Mix_cities/khartoum/image/khartoum_454.tif,data/raw/WHU_Mix_cities/khartoum/label/khartoum_454.tif
train,khartoum,whu_mix,khartoum_712.tif,0,0,0,0,512,512,0.14742661,data/raw/WHU_Mix_cities/khartoum/image/khartoum_712.tif,data/raw/WHU_Mix_cities/khartoum/label/khartoum_712.tif
train,khartoum,whu_mix,khartoum_414.tif,0,0,0,0,512,512,0.00246048,data/raw/WHU_Mix_cities/khartoum/image/khartoum_414.tif,data/raw/WHU_Mix_cities/khartoum/label/khartoum_414.tif
train,khartoum,whu_mix,khartoum_734.tif,0,0,0,0,512,512,0.41985321,data/raw/WHU_Mix_cities/khartoum/image/khartoum_734.tif,data/raw/WHU_Mix_cities/khartoum/label/khartoum_734.tif
train,khartoum,whu_mix,khartoum_811.tif,0,0,0,0,512,512,0.20934677,data/raw/WHU_Mix_cities/khartoum/image/khartoum_811.tif,data/raw/WHU_Mix_cities/khartoum/label/khartoum_811.tif
train,khartoum,whu_mix,khartoum_266.tif,0,0,0,0,512,512,0.03936386,data/raw/WHU_Mix_cities/khartoum/image/khartoum_266.tif,data/raw/WHU_Mix_cities/khartoum/label/khartoum_266.tif
train,khartoum,whu_mix,khartoum_84.tif,0,0,0,0,512,512,0.20895386,data/raw/WHU_Mix_cities/khartoum/image/khartoum_84.tif,data/raw/WHU_Mix_cities/khartoum/label/khartoum_84.tif
train,khartoum,whu_mix,khartoum_730.tif,0,0,0,0,512,512,0.04516220,data/raw/WHU_Mix_cities/khartoum/image/khartoum_730.tif,data/raw/WHU_Mix_cities/khartoum/label/khartoum_730.tif
train,khartoum,whu_mix,khartoum_824.tif,0,0,0,0,512,512,0.32751465,data/raw/WHU_Mix_cities/khartoum/image/khartoum_824.tif,data/raw/WHU_Mix_cities/khartoum/label/khartoum_824.tif
train,khartoum,whu_mix,khartoum_240.tif,0,0,0,0,512,512,0.26798248,data/raw/WHU_Mix_cities/khartoum/image/khartoum_240.tif,data/raw/WHU_Mix_cities/khartoum/label/khartoum_240.tif
train,khartoum,whu_mix,khartoum_818.tif,0,0,0,0,512,512,0.22466278,data/raw/WHU_Mix_cities/khartoum/image/khartoum_818.tif,data/raw/WHU_Mix_cities/khartoum/label/khartoum_818.tif
train,khartoum,whu_mix,khartoum_724.tif,0,0,0,0,512,512,0.24007797,data/raw/WHU_Mix_cities/khartoum/image/khartoum_724.tif,data/raw/WHU_Mix_cities/khartoum/label/khartoum_724.tif
train,khartoum,whu_mix,khartoum_250.tif,0,0,0,0,512,512,0.26838684,data/raw/WHU_Mix_cities/khartoum/image/khartoum_250.tif,data/raw/WHU_Mix_cities/khartoum/label/khartoum_250.tif
train,khartoum,whu_mix,khartoum_581.tif,0,0,0,0,512,512,0.12320328,data/raw/WHU_Mix_cities/khartoum/image/khartoum_581.tif,data/raw/WHU_Mix_cities/khartoum/label/khartoum_581.tif
train,khartoum,whu_mix,khartoum_912.tif,0,0,0,0,512,512,0.16304016,data/raw/WHU_Mix_cities/khartoum/image/khartoum_912.tif,data/raw/WHU_Mix_cities/khartoum/label/khartoum_912.tif
train,khartoum,whu_mix,khartoum_599.tif,0,0,0,0,512,512,0.18477631,data/raw/WHU_Mix_cities/khartoum/image/khartoum_599.tif,data/raw/WHU_Mix_cities/khartoum/label/khartoum_599.tif
train,khartoum,whu_mix,khartoum_451.tif,0,0,0,0,512,512,0.37626648,data/raw/WHU_Mix_cities/khartoum/image/khartoum_451.tif,data/raw/WHU_Mix_cities/khartoum/label/khartoum_451.tif
train,khartoum,whu_mix,khartoum_238.tif,0,0,0,0,512,512,0.38232422,data/raw/WHU_Mix_cities/khartoum/image/khartoum_238.tif,data/raw/WHU_Mix_cities/khartoum/label/khartoum_238.tif
train,khartoum,whu_mix,khartoum_128.tif,0,0,0,0,512,512,0.27184296,data/raw/WHU_Mix_cities/khartoum/image/khartoum_128.tif,data/raw/WHU_Mix_cities/khartoum/label/khartoum_128.tif
train,khartoum,whu_mix,khartoum_789.tif,0,0,0,0,512,512,0.11557770,data/raw/WHU_Mix_cities/khartoum/image/khartoum_789.tif,data/raw/WHU_Mix_cities/khartoum/label/khartoum_789.tif
train,khartoum,whu_mix,khartoum_13.tif,0,0,0,0,512,512,0.44902420,data/raw/WHU_Mix_cities/khartoum/image/khartoum_13.tif,data/raw/WHU_Mix_cities/khartoum/label/khartoum_13.tif
train,khartoum,whu_mix,khartoum_623.tif,0,0,0,0,512,512,0.09772491,data/raw/WHU_Mix_cities/khartoum/image/khartoum_623.tif,data/raw/WHU_Mix_cities/khartoum/label/khartoum_623.tif
train,khartoum,whu_mix,khartoum_528.tif,0,0,0,0,512,512,0.23751450,data/raw/WHU_Mix_cities/khartoum/image/khartoum_528.tif,data/raw/WHU_Mix_cities/khartoum/label/khartoum_528.tif
train,khartoum,whu_mix,khartoum_631.tif,0,0,0,0,512,512,0.10605240,data/raw/WHU_Mix_cities/khartoum/image/khartoum_631.tif,data/raw/WHU_Mix_cities/khartoum/label/khartoum_631.tif
train,khartoum,whu_mix,khartoum_720.tif,0,0,0,0,512,512,0.13759613,data/raw/WHU_Mix_cities/khartoum/image/khartoum_720.tif,data/raw/WHU_Mix_cities/khartoum/label/khartoum_720.tif
train,khartoum,whu_mix,khartoum_304.tif,0,0,0,0,512,512,0.26479340,data/raw/WHU_Mix_cities/khartoum/image/khartoum_304.tif,data/raw/WHU_Mix_cities/khartoum/label/khartoum_304.tif
train,khartoum,whu_mix,khartoum_854.tif,0,0,0,0,512,512,0.23896790,data/raw/WHU_Mix_cities/khartoum/image/khartoum_854.tif,data/raw/WHU_Mix_cities/khartoum/label/khartoum_854.tif
train,khartoum,whu_mix,khartoum_79.tif,0,0,0,0,512,512,0.09868240,data/raw/WHU_Mix_cities/khartoum/image/khartoum_79.tif,data/raw/WHU_Mix_cities/khartoum/label/khartoum_79.tif
train,khartoum,whu_mix,khartoum_679.tif,0,0,0,0,512,512,0.19561768,data/raw/WHU_Mix_cities/khartoum/image/khartoum_679.tif,data/raw/WHU_Mix_cities/khartoum/label/khartoum_679.tif
train,khartoum,whu_mix,khartoum_457.tif,0,0,0,0,512,512,0.56744385,data/raw/WHU_Mix_cities/khartoum/image/khartoum_457.tif,data/raw/WHU_Mix_cities/khartoum/label/khartoum_457.tif
train,khartoum,whu_mix,khartoum_50.tif,0,0,0,0,512,512,0.04728699,data/raw/WHU_Mix_cities/khartoum/image/khartoum_50.tif,data/raw/WHU_Mix_cities/khartoum/label/khartoum_50.tif
train,khartoum,whu_mix,khartoum_52.tif,0,0,0,0,512,512,0.11861038,data/raw/WHU_Mix_cities/khartoum/image/khartoum_52.tif,data/raw/WHU_Mix_cities/khartoum/label/khartoum_52.tif
train,khartoum,whu_mix,khartoum_995.tif,0,0,0,0,512,512,0.02710342,data/raw/WHU_Mix_cities/khartoum/image/khartoum_995.tif,data/raw/WHU_Mix_cities/khartoum/label/khartoum_995.tif
train,khartoum,whu_mix,khartoum_932.tif,0,0,0,0,512,512,0.05961227,data/raw/WHU_Mix_cities/khartoum/image/khartoum_932.tif,data/raw/WHU_Mix_cities/khartoum/label/khartoum_932.tif
train,khartoum,whu_mix,khartoum_22.tif,0,0,0,0,512,512,0.18640900,data/raw/WHU_Mix_cities/khartoum/image/khartoum_22.tif,data/raw/WHU_Mix_cities/khartoum/label/khartoum_22.tif
train,khartoum,whu_mix,khartoum_729.tif,0,0,0,0,512,512,0.13958740,data/raw/WHU_Mix_cities/khartoum/image/khartoum_729.tif,data/raw/WHU_Mix_cities/khartoum/label/khartoum_729.tif
train,khartoum,whu_mix,khartoum_740.tif,0,0,0,0,512,512,0.46209335,data/raw/WHU_Mix_cities/khartoum/image/khartoum_740.tif,data/raw/WHU_Mix_cities/khartoum/label/khartoum_740.tif
train,khartoum,whu_mix,khartoum_395.tif,0,0,0,0,512,512,0.35089874,data/raw/WHU_Mix_cities/khartoum/image/khartoum_395.tif,data/raw/WHU_Mix_cities/khartoum/label/khartoum_395.tif
train,khartoum,whu_mix,khartoum_984.tif,0,0,0,0,512,512,0.04471970,data/raw/WHU_Mix_cities/khartoum/image/khartoum_984.tif,data/raw/WHU_Mix_cities/khartoum/label/khartoum_984.tif
train,khartoum,whu_mix,khartoum_576.tif,0,0,0,0,512,512,0.24489212,data/raw/WHU_Mix_cities/khartoum/image/khartoum_576.tif,data/raw/WHU_Mix_cities/khartoum/label/khartoum_576.tif
train,khartoum,whu_mix,khartoum_627.tif,0,0,0,0,512,512,0.35319901,data/raw/WHU_Mix_cities/khartoum/image/khartoum_627.tif,data/raw/WHU_Mix_cities/khartoum/label/khartoum_627.tif
train,khartoum,whu_mix,khartoum_512.tif,0,0,0,0,512,512,0.20878601,data/raw/WHU_Mix_cities/khartoum/image/khartoum_512.tif,data/raw/WHU_Mix_cities/khartoum/label/khartoum_512.tif
train,khartoum,whu_mix,khartoum_938.tif,0,0,0,0,512,512,0.18124390,data/raw/WHU_Mix_cities/khartoum/image/khartoum_938.tif,data/raw/WHU_Mix_cities/khartoum/label/khartoum_938.tif
train,khartoum,whu_mix,khartoum_402.tif,0,0,0,0,512,512,0.39921951,data/raw/WHU_Mix_cities/khartoum/image/khartoum_402.tif,data/raw/WHU_Mix_cities/khartoum/label/khartoum_402.tif
train,khartoum,whu_mix,khartoum_674.tif,0,0,0,0,512,512,0.01670456,data/raw/WHU_Mix_cities/khartoum/image/khartoum_674.tif,data/raw/WHU_Mix_cities/khartoum/label/khartoum_674.tif
train,khartoum,whu_mix,khartoum_488.tif,0,0,0,0,512,512,0.37837982,data/raw/WHU_Mix_cities/khartoum/image/khartoum_488.tif,data/raw/WHU_Mix_cities/khartoum/label/khartoum_488.tif
train,khartoum,whu_mix,khartoum_300.tif,0,0,0,0,512,512,0.33583832,data/raw/WHU_Mix_cities/khartoum/image/khartoum_300.tif,data/raw/WHU_Mix_cities/khartoum/label/khartoum_300.tif
train,khartoum,whu_mix,khartoum_845.tif,0,0,0,0,512,512,0.38322067,data/raw/WHU_Mix_cities/khartoum/image/khartoum_845.tif,data/raw/WHU_Mix_cities/khartoum/label/khartoum_845.tif
train,khartoum,whu_mix,khartoum_691.tif,0,0,0,0,512,512,0.31008911,data/raw/WHU_Mix_cities/khartoum/image/khartoum_691.tif,data/raw/WHU_Mix_cities/khartoum/label/khartoum_691.tif
train,khartoum,whu_mix,khartoum_140.tif,0,0,0,0,512,512,0.18149948,data/raw/WHU_Mix_cities/khartoum/image/khartoum_140.tif,data/raw/WHU_Mix_cities/khartoum/label/khartoum_140.tif
train,khartoum,whu_mix,khartoum_527.tif,0,0,0,0,512,512,0.26574326,data/raw/WHU_Mix_cities/khartoum/image/khartoum_527.tif,data/raw/WHU_Mix_cities/khartoum/label/khartoum_527.tif
train,khartoum,whu_mix,khartoum_885.tif,0,0,0,0,512,512,0.37184525,data/raw/WHU_Mix_cities/khartoum/image/khartoum_885.tif,data/raw/WHU_Mix_cities/khartoum/label/khartoum_885.tif
train,khartoum,whu_mix,khartoum_792.tif,0,0,0,0,512,512,0.15637589,data/raw/WHU_Mix_cities/khartoum/image/khartoum_792.tif,data/raw/WHU_Mix_cities/khartoum/label/khartoum_792.tif
train,khartoum,whu_mix,khartoum_529.tif,0,0,0,0,512,512,0.05338669,data/raw/WHU_Mix_cities/khartoum/image/khartoum_529.tif,data/raw/WHU_Mix_cities/khartoum/label/khartoum_529.tif
train,khartoum,whu_mix,khartoum_490.tif,0,0,0,0,512,512,0.26245499,data/raw/WHU_Mix_cities/khartoum/image/khartoum_490.tif,data/raw/WHU_Mix_cities/khartoum/label/khartoum_490.tif
train,khartoum,whu_mix,khartoum_38.tif,0,0,0,0,512,512,0.27328873,data/raw/WHU_Mix_cities/khartoum/image/khartoum_38.tif,data/raw/WHU_Mix_cities/khartoum/label/khartoum_38.tif
train,khartoum,whu_mix,khartoum_235.tif,0,0,0,0,512,512,0.41471863,data/raw/WHU_Mix_cities/khartoum/image/khartoum_235.tif,data/raw/WHU_Mix_cities/khartoum/label/khartoum_235.tif
train,khartoum,whu_mix,khartoum_557.tif,0,0,0,0,512,512,0.01177979,data/raw/WHU_Mix_cities/khartoum/image/khartoum_557.tif,data/raw/WHU_Mix_cities/khartoum/label/khartoum_557.tif
train,khartoum,whu_mix,khartoum_209.tif,0,0,0,0,512,512,0.01850891,data/raw/WHU_Mix_cities/khartoum/image/khartoum_209.tif,data/raw/WHU_Mix_cities/khartoum/label/khartoum_209.tif
train,khartoum,whu_mix,khartoum_1005.tif,0,0,0,0,512,512,0.05082321,data/raw/WHU_Mix_cities/khartoum/image/khartoum_1005.tif,data/raw/WHU_Mix_cities/khartoum/label/khartoum_1005.tif
train,khartoum,whu_mix,khartoum_659.tif,0,0,0,0,512,512,0.17057800,data/raw/WHU_Mix_cities/khartoum/image/khartoum_659.tif,data/raw/WHU_Mix_cities/khartoum/label/khartoum_659.tif
train,khartoum,whu_mix,khartoum_40.tif,0,0,0,0,512,512,0.22359467,data/raw/WHU_Mix_cities/khartoum/image/khartoum_40.tif,data/raw/WHU_Mix_cities/khartoum/label/khartoum_40.tif
train,khartoum,whu_mix,khartoum_595.tif,0,0,0,0,512,512,0.14995575,data/raw/WHU_Mix_cities/khartoum/image/khartoum_595.tif,data/raw/WHU_Mix_cities/khartoum/label/khartoum_595.tif
train,khartoum,whu_mix,khartoum_793.tif,0,0,0,0,512,512,0.01428986,data/raw/WHU_Mix_cities/khartoum/image/khartoum_793.tif,data/raw/WHU_Mix_cities/khartoum/label/khartoum_793.tif
train,khartoum,whu_mix,khartoum_770.tif,0,0,0,0,512,512,0.14060593,data/raw/WHU_Mix_cities/khartoum/image/khartoum_770.tif,data/raw/WHU_Mix_cities/khartoum/label/khartoum_770.tif
train,khartoum,whu_mix,khartoum_716.tif,0,0,0,0,512,512,0.18278122,data/raw/WHU_Mix_cities/khartoum/image/khartoum_716.tif,data/raw/WHU_Mix_cities/khartoum/label/khartoum_716.tif
train,khartoum,whu_mix,khartoum_618.tif,0,0,0,0,512,512,0.31014633,data/raw/WHU_Mix_cities/khartoum/image/khartoum_618.tif,data/raw/WHU_Mix_cities/khartoum/label/khartoum_618.tif
train,khartoum,whu_mix,khartoum_397.tif,0,0,0,0,512,512,0.31153107,data/raw/WHU_Mix_cities/khartoum/image/khartoum_397.tif,data/raw/WHU_Mix_cities/khartoum/label/khartoum_397.tif
train,khartoum,whu_mix,khartoum_830.tif,0,0,0,0,512,512,0.37193298,data/raw/WHU_Mix_cities/khartoum/image/khartoum_830.tif,data/raw/WHU_Mix_cities/khartoum/label/khartoum_830.tif
train,khartoum,whu_mix,khartoum_138.tif,0,0,0,0,512,512,0.00220871,data/raw/WHU_Mix_cities/khartoum/image/khartoum_138.tif,data/raw/WHU_Mix_cities/khartoum/label/khartoum_138.tif
train,khartoum,whu_mix,khartoum_471.tif,0,0,0,0,512,512,0.21138382,data/raw/WHU_Mix_cities/khartoum/image/khartoum_471.tif,data/raw/WHU_Mix_cities/khartoum/label/khartoum_471.tif
train,khartoum,whu_mix,khartoum_703.tif,0,0,0,0,512,512,0.01693726,data/raw/WHU_Mix_cities/khartoum/image/khartoum_703.tif,data/raw/WHU_Mix_cities/khartoum/label/khartoum_703.tif
train,khartoum,whu_mix,khartoum_325.tif,0,0,0,0,512,512,0.09185410,data/raw/WHU_Mix_cities/khartoum/image/khartoum_325.tif,data/raw/WHU_Mix_cities/khartoum/label/khartoum_325.tif
train,khartoum,whu_mix,khartoum_351.tif,0,0,0,0,512,512,0.38732147,data/raw/WHU_Mix_cities/khartoum/image/khartoum_351.tif,data/raw/WHU_Mix_cities/khartoum/label/khartoum_351.tif
train,khartoum,whu_mix,khartoum_582.tif,0,0,0,0,512,512,0.35970306,data/raw/WHU_Mix_cities/khartoum/image/khartoum_582.tif,data/raw/WHU_Mix_cities/khartoum/label/khartoum_582.tif
train,khartoum,whu_mix,khartoum_628.tif,0,0,0,0,512,512,0.27569199,data/raw/WHU_Mix_cities/khartoum/image/khartoum_628.tif,data/raw/WHU_Mix_cities/khartoum/label/khartoum_628.tif
train,khartoum,whu_mix,khartoum_519.tif,0,0,0,0,512,512,0.03068924,data/raw/WHU_Mix_cities/khartoum/image/khartoum_519.tif,data/raw/WHU_Mix_cities/khartoum/label/khartoum_519.tif
train,khartoum,whu_mix,khartoum_191.tif,0,0,0,0,512,512,0.00288010,data/raw/WHU_Mix_cities/khartoum/image/khartoum_191.tif,data/raw/WHU_Mix_cities/khartoum/label/khartoum_191.tif
train,khartoum,whu_mix,khartoum_11.tif,0,0,0,0,512,512,0.03554916,data/raw/WHU_Mix_cities/khartoum/image/khartoum_11.tif,data/raw/WHU_Mix_cities/khartoum/label/khartoum_11.tif
train,khartoum,whu_mix,khartoum_875.tif,0,0,0,0,512,512,0.19222260,data/raw/WHU_Mix_cities/khartoum/image/khartoum_875.tif,data/raw/WHU_Mix_cities/khartoum/label/khartoum_875.tif
train,khartoum,whu_mix,khartoum_426.tif,0,0,0,0,512,512,0.09331512,data/raw/WHU_Mix_cities/khartoum/image/khartoum_426.tif,data/raw/WHU_Mix_cities/khartoum/label/khartoum_426.tif
train,khartoum,whu_mix,khartoum_977.tif,0,0,0,0,512,512,0.03519821,data/raw/WHU_Mix_cities/khartoum/image/khartoum_977.tif,data/raw/WHU_Mix_cities/khartoum/label/khartoum_977.tif
train,khartoum,whu_mix,khartoum_96.tif,0,0,0,0,512,512,0.26046371,data/raw/WHU_Mix_cities/khartoum/image/khartoum_96.tif,data/raw/WHU_Mix_cities/khartoum/label/khartoum_96.tif
train,khartoum,whu_mix,khartoum_846.tif,0,0,0,0,512,512,0.46746063,data/raw/WHU_Mix_cities/khartoum/image/khartoum_846.tif,data/raw/WHU_Mix_cities/khartoum/label/khartoum_846.tif
train,khartoum,whu_mix,khartoum_621.tif,0,0,0,0,512,512,0.32938766,data/raw/WHU_Mix_cities/khartoum/image/khartoum_621.tif,data/raw/WHU_Mix_cities/khartoum/label/khartoum_621.tif
train,khartoum,whu_mix,khartoum_825.tif,0,0,0,0,512,512,0.31819534,data/raw/WHU_Mix_cities/khartoum/image/khartoum_825.tif,data/raw/WHU_Mix_cities/khartoum/label/khartoum_825.tif
train,khartoum,whu_mix,khartoum_296.tif,0,0,0,0,512,512,0.29140472,data/raw/WHU_Mix_cities/khartoum/image/khartoum_296.tif,data/raw/WHU_Mix_cities/khartoum/label/khartoum_296.tif
train,khartoum,whu_mix,khartoum_853.tif,0,0,0,0,512,512,0.27508545,data/raw/WHU_Mix_cities/khartoum/image/khartoum_853.tif,data/raw/WHU_Mix_cities/khartoum/label/khartoum_853.tif
train,khartoum,whu_mix,khartoum_699.tif,0,0,0,0,512,512,0.25550461,data/raw/WHU_Mix_cities/khartoum/image/khartoum_699.tif,data/raw/WHU_Mix_cities/khartoum/label/khartoum_699.tif
train,khartoum,whu_mix,khartoum_446.tif,0,0,0,0,512,512,0.06101990,data/raw/WHU_Mix_cities/khartoum/image/khartoum_446.tif,data/raw/WHU_Mix_cities/khartoum/label/khartoum_446.tif
train,khartoum,whu_mix,khartoum_261.tif,0,0,0,0,512,512,0.15113068,data/raw/WHU_Mix_cities/khartoum/image/khartoum_261.tif,data/raw/WHU_Mix_cities/khartoum/label/khartoum_261.tif
train,khartoum,whu_mix,khartoum_36.tif,0,0,0,0,512,512,0.11476898,data/raw/WHU_Mix_cities/khartoum/image/khartoum_36.tif,data/raw/WHU_Mix_cities/khartoum/label/khartoum_36.tif
train,khartoum,whu_mix,khartoum_545.tif,0,0,0,0,512,512,0.02439880,data/raw/WHU_Mix_cities/khartoum/image/khartoum_545.tif,data/raw/WHU_Mix_cities/khartoum/label/khartoum_545.tif
train,khartoum,whu_mix,khartoum_733.tif,0,0,0,0,512,512,0.31126022,data/raw/WHU_Mix_cities/khartoum/image/khartoum_733.tif,data/raw/WHU_Mix_cities/khartoum/label/khartoum_733.tif
train,khartoum,whu_mix,khartoum_510.tif,0,0,0,0,512,512,0.30890274,data/raw/WHU_Mix_cities/khartoum/image/khartoum_510.tif,data/raw/WHU_Mix_cities/khartoum/label/khartoum_510.tif
train,khartoum,whu_mix,khartoum_982.tif,0,0,0,0,512,512,0.06022263,data/raw/WHU_Mix_cities/khartoum/image/khartoum_982.tif,data/raw/WHU_Mix_cities/khartoum/label/khartoum_982.tif
train,khartoum,whu_mix,khartoum_14.tif,0,0,0,0,512,512,0.30768585,data/raw/WHU_Mix_cities/khartoum/image/khartoum_14.tif,data/raw/WHU_Mix_cities/khartoum/label/khartoum_14.tif
train,khartoum,whu_mix,khartoum_199.tif,0,0,0,0,512,512,0.05160141,data/raw/WHU_Mix_cities/khartoum/image/khartoum_199.tif,data/raw/WHU_Mix_cities/khartoum/label/khartoum_199.tif
train,khartoum,whu_mix,khartoum_241.tif,0,0,0,0,512,512,0.23739243,data/raw/WHU_Mix_cities/khartoum/image/khartoum_241.tif,data/raw/WHU_Mix_cities/khartoum/label/khartoum_241.tif
train,khartoum,whu_mix,khartoum_358.tif,0,0,0,0,512,512,0.40560913,data/raw/WHU_Mix_cities/khartoum/image/khartoum_358.tif,data/raw/WHU_Mix_cities/khartoum/label/khartoum_358.tif
train,khartoum,whu_mix,khartoum_937.tif,0,0,0,0,512,512,0.16183853,data/raw/WHU_Mix_cities/khartoum/image/khartoum_937.tif,data/raw/WHU_Mix_cities/khartoum/label/khartoum_937.tif
train,khartoum,whu_mix,khartoum_382.tif,0,0,0,0,512,512,0.09877777,data/raw/WHU_Mix_cities/khartoum/image/khartoum_382.tif,data/raw/WHU_Mix_cities/khartoum/label/khartoum_382.tif
train,khartoum,whu_mix,khartoum_223.tif,0,0,0,0,512,512,0.44567871,data/raw/WHU_Mix_cities/khartoum/image/khartoum_223.tif,data/raw/WHU_Mix_cities/khartoum/label/khartoum_223.tif
train,khartoum,whu_mix,khartoum_936.tif,0,0,0,0,512,512,0.23782349,data/raw/WHU_Mix_cities/khartoum/image/khartoum_936.tif,data/raw/WHU_Mix_cities/khartoum/label/khartoum_936.tif
train,khartoum,whu_mix,khartoum_352.tif,0,0,0,0,512,512,0.17781448,data/raw/WHU_Mix_cities/khartoum/image/khartoum_352.tif,data/raw/WHU_Mix_cities/khartoum/label/khartoum_352.tif
train,khartoum,whu_mix,khartoum_850.tif,0,0,0,0,512,512,0.22877884,data/raw/WHU_Mix_cities/khartoum/image/khartoum_850.tif,data/raw/WHU_Mix_cities/khartoum/label/khartoum_850.tif
train,khartoum,whu_mix,khartoum_207.tif,0,0,0,0,512,512,0.43827057,data/raw/WHU_Mix_cities/khartoum/image/khartoum_207.tif,data/raw/WHU_Mix_cities/khartoum/label/khartoum_207.tif
train,khartoum,whu_mix,khartoum_682.tif,0,0,0,0,512,512,0.01405716,data/raw/WHU_Mix_cities/khartoum/image/khartoum_682.tif,data/raw/WHU_Mix_cities/khartoum/label/khartoum_682.tif
train,khartoum,whu_mix,khartoum_638.tif,0,0,0,0,512,512,0.29680634,data/raw/WHU_Mix_cities/khartoum/image/khartoum_638.tif,data/raw/WHU_Mix_cities/khartoum/label/khartoum_638.tif
train,khartoum,whu_mix,khartoum_495.tif,0,0,0,0,512,512,0.03860092,data/raw/WHU_Mix_cities/khartoum/image/khartoum_495.tif,data/raw/WHU_Mix_cities/khartoum/label/khartoum_495.tif
train,khartoum,whu_mix,khartoum_230.tif,0,0,0,0,512,512,0.21070480,data/raw/WHU_Mix_cities/khartoum/image/khartoum_230.tif,data/raw/WHU_Mix_cities/khartoum/label/khartoum_230.tif
train,khartoum,whu_mix,khartoum_525.tif,0,0,0,0,512,512,0.03223038,data/raw/WHU_Mix_cities/khartoum/image/khartoum_525.tif,data/raw/WHU_Mix_cities/khartoum/label/khartoum_525.tif
train,khartoum,whu_mix,khartoum_462.tif,0,0,0,0,512,512,0.08666229,data/raw/WHU_Mix_cities/khartoum/image/khartoum_462.tif,data/raw/WHU_Mix_cities/khartoum/label/khartoum_462.tif
train,khartoum,whu_mix,khartoum_436.tif,0,0,0,0,512,512,0.22643280,data/raw/WHU_Mix_cities/khartoum/image/khartoum_436.tif,data/raw/WHU_Mix_cities/khartoum/label/khartoum_436.tif
train,khartoum,whu_mix,khartoum_837.tif,0,0,0,0,512,512,0.01498413,data/raw/WHU_Mix_cities/khartoum/image/khartoum_837.tif,data/raw/WHU_Mix_cities/khartoum/label/khartoum_837.tif
train,khartoum,whu_mix,khartoum_430.tif,0,0,0,0,512,512,0.11324310,data/raw/WHU_Mix_cities/khartoum/image/khartoum_430.tif,data/raw/WHU_Mix_cities/khartoum/label/khartoum_430.tif
train,khartoum,whu_mix,khartoum_246.tif,0,0,0,0,512,512,0.19116592,data/raw/WHU_Mix_cities/khartoum/image/khartoum_246.tif,data/raw/WHU_Mix_cities/khartoum/label/khartoum_246.tif
train,khartoum,whu_mix,khartoum_725.tif,0,0,0,0,512,512,0.19853210,data/raw/WHU_Mix_cities/khartoum/image/khartoum_725.tif,data/raw/WHU_Mix_cities/khartoum/label/khartoum_725.tif
train,khartoum,whu_mix,khartoum_458.tif,0,0,0,0,512,512,0.17044830,data/raw/WHU_Mix_cities/khartoum/image/khartoum_458.tif,data/raw/WHU_Mix_cities/khartoum/label/khartoum_458.tif
train,khartoum,whu_mix,khartoum_31.tif,0,0,0,0,512,512,0.07800674,data/raw/WHU_Mix_cities/khartoum/image/khartoum_31.tif,data/raw/WHU_Mix_cities/khartoum/label/khartoum_31.tif
train,khartoum,whu_mix,khartoum_59.tif,0,0,0,0,512,512,0.03441620,data/raw/WHU_Mix_cities/khartoum/image/khartoum_59.tif,data/raw/WHU_Mix_cities/khartoum/label/khartoum_59.tif
train,khartoum,whu_mix,khartoum_607.tif,0,0,0,0,512,512,0.01362610,data/raw/WHU_Mix_cities/khartoum/image/khartoum_607.tif,data/raw/WHU_Mix_cities/khartoum/label/khartoum_607.tif
train,khartoum,whu_mix,khartoum_542.tif,0,0,0,0,512,512,0.00320053,data/raw/WHU_Mix_cities/khartoum/image/khartoum_542.tif,data/raw/WHU_Mix_cities/khartoum/label/khartoum_542.tif
train,khartoum,whu_mix,khartoum_566.tif,0,0,0,0,512,512,0.10628128,data/raw/WHU_Mix_cities/khartoum/image/khartoum_566.tif,data/raw/WHU_Mix_cities/khartoum/label/khartoum_566.tif
train,khartoum,whu_mix,khartoum_98.tif,0,0,0,0,512,512,0.19952393,data/raw/WHU_Mix_cities/khartoum/image/khartoum_98.tif,data/raw/WHU_Mix_cities/khartoum/label/khartoum_98.tif
train,khartoum,whu_mix,khartoum_151.tif,0,0,0,0,512,512,0.26725769,data/raw/WHU_Mix_cities/khartoum/image/khartoum_151.tif,data/raw/WHU_Mix_cities/khartoum/label/khartoum_151.tif
train,khartoum,whu_mix,khartoum_808.tif,0,0,0,0,512,512,0.06799316,data/raw/WHU_Mix_cities/khartoum/image/khartoum_808.tif,data/raw/WHU_Mix_cities/khartoum/label/khartoum_808.tif
train,khartoum,whu_mix,khartoum_165.tif,0,0,0,0,512,512,0.09829712,data/raw/WHU_Mix_cities/khartoum/image/khartoum_165.tif,data/raw/WHU_Mix_cities/khartoum/label/khartoum_165.tif
train,khartoum,whu_mix,khartoum_579.tif,0,0,0,0,512,512,0.02142334,data/raw/WHU_Mix_cities/khartoum/image/khartoum_579.tif,data/raw/WHU_Mix_cities/khartoum/label/khartoum_579.tif
train,khartoum,whu_mix,khartoum_412.tif,0,0,0,0,512,512,0.05394745,data/raw/WHU_Mix_cities/khartoum/image/khartoum_412.tif,data/raw/WHU_Mix_cities/khartoum/label/khartoum_412.tif
train,khartoum,whu_mix,khartoum_532.tif,0,0,0,0,512,512,0.05755615,data/raw/WHU_Mix_cities/khartoum/image/khartoum_532.tif,data/raw/WHU_Mix_cities/khartoum/label/khartoum_532.tif
train,khartoum,whu_mix,khartoum_804.tif,0,0,0,0,512,512,0.09104538,data/raw/WHU_Mix_cities/khartoum/image/khartoum_804.tif,data/raw/WHU_Mix_cities/khartoum/label/khartoum_804.tif
train,khartoum,whu_mix,khartoum_355.tif,0,0,0,0,512,512,0.21720123,data/raw/WHU_Mix_cities/khartoum/image/khartoum_355.tif,data/raw/WHU_Mix_cities/khartoum/label/khartoum_355.tif
train,khartoum,whu_mix,khartoum_606.tif,0,0,0,0,512,512,0.13145447,data/raw/WHU_Mix_cities/khartoum/image/khartoum_606.tif,data/raw/WHU_Mix_cities/khartoum/label/khartoum_606.tif
train,khartoum,whu_mix,khartoum_417.tif,0,0,0,0,512,512,0.01589966,data/raw/WHU_Mix_cities/khartoum/image/khartoum_417.tif,data/raw/WHU_Mix_cities/khartoum/label/khartoum_417.tif
train,khartoum,whu_mix,khartoum_939.tif,0,0,0,0,512,512,0.17864609,data/raw/WHU_Mix_cities/khartoum/image/khartoum_939.tif,data/raw/WHU_Mix_cities/khartoum/label/khartoum_939.tif
train,khartoum,whu_mix,khartoum_403.tif,0,0,0,0,512,512,0.29087067,data/raw/WHU_Mix_cities/khartoum/image/khartoum_403.tif,data/raw/WHU_Mix_cities/khartoum/label/khartoum_403.tif
train,khartoum,whu_mix,khartoum_667.tif,0,0,0,0,512,512,0.29222488,data/raw/WHU_Mix_cities/khartoum/image/khartoum_667.tif,data/raw/WHU_Mix_cities/khartoum/label/khartoum_667.tif
train,khartoum,whu_mix,khartoum_745.tif,0,0,0,0,512,512,0.08091736,data/raw/WHU_Mix_cities/khartoum/image/khartoum_745.tif,data/raw/WHU_Mix_cities/khartoum/label/khartoum_745.tif
train,khartoum,whu_mix,khartoum_620.tif,0,0,0,0,512,512,0.19918060,data/raw/WHU_Mix_cities/khartoum/image/khartoum_620.tif,data/raw/WHU_Mix_cities/khartoum/label/khartoum_620.tif
train,khartoum,whu_mix,khartoum_117.tif,0,0,0,0,512,512,0.35093689,data/raw/WHU_Mix_cities/khartoum/image/khartoum_117.tif,data/raw/WHU_Mix_cities/khartoum/label/khartoum_117.tif
train,khartoum,whu_mix,khartoum_757.tif,0,0,0,0,512,512,0.48041916,data/raw/WHU_Mix_cities/khartoum/image/khartoum_757.tif,data/raw/WHU_Mix_cities/khartoum/label/khartoum_757.tif
train,khartoum,whu_mix,khartoum_735.tif,0,0,0,0,512,512,0.37786865,data/raw/WHU_Mix_cities/khartoum/image/khartoum_735.tif,data/raw/WHU_Mix_cities/khartoum/label/khartoum_735.tif
train,khartoum,whu_mix,khartoum_543.tif,0,0,0,0,512,512,0.00119019,data/raw/WHU_Mix_cities/khartoum/image/khartoum_543.tif,data/raw/WHU_Mix_cities/khartoum/label/khartoum_543.tif
train,khartoum,whu_mix,khartoum_693.tif,0,0,0,0,512,512,0.26969528,data/raw/WHU_Mix_cities/khartoum/image/khartoum_693.tif,data/raw/WHU_Mix_cities/khartoum/label/khartoum_693.tif
train,khartoum,whu_mix,khartoum_320.tif,0,0,0,0,512,512,0.31541443,data/raw/WHU_Mix_cities/khartoum/image/khartoum_320.tif,data/raw/WHU_Mix_cities/khartoum/label/khartoum_320.tif
train,khartoum,whu_mix,khartoum_768.tif,0,0,0,0,512,512,0.27418518,data/raw/WHU_Mix_cities/khartoum/image/khartoum_768.tif,data/raw/WHU_Mix_cities/khartoum/label/khartoum_768.tif
train,khartoum,whu_mix,khartoum_380.tif,0,0,0,0,512,512,0.10833359,data/raw/WHU_Mix_cities/khartoum/image/khartoum_380.tif,data/raw/WHU_Mix_cities/khartoum/label/khartoum_380.tif
train,khartoum,whu_mix,khartoum_698.tif,0,0,0,0,512,512,0.37759018,data/raw/WHU_Mix_cities/khartoum/image/khartoum_698.tif,data/raw/WHU_Mix_cities/khartoum/label/khartoum_698.tif
train,khartoum,whu_mix,khartoum_931.tif,0,0,0,0,512,512,0.24137497,data/raw/WHU_Mix_cities/khartoum/image/khartoum_931.tif,data/raw/WHU_Mix_cities/khartoum/label/khartoum_931.tif
train,khartoum,whu_mix,khartoum_134.tif,0,0,0,0,512,512,0.03270721,data/raw/WHU_Mix_cities/khartoum/image/khartoum_134.tif,data/raw/WHU_Mix_cities/khartoum/label/khartoum_134.tif
train,khartoum,whu_mix,khartoum_182.tif,0,0,0,0,512,512,0.01714325,data/raw/WHU_Mix_cities/khartoum/image/khartoum_182.tif,data/raw/WHU_Mix_cities/khartoum/label/khartoum_182.tif
train,khartoum,whu_mix,khartoum_115.tif,0,0,0,0,512,512,0.27127838,data/raw/WHU_Mix_cities/khartoum/image/khartoum_115.tif,data/raw/WHU_Mix_cities/khartoum/label/khartoum_115.tif
train,khartoum,whu_mix,khartoum_130.tif,0,0,0,0,512,512,0.26609802,data/raw/WHU_Mix_cities/khartoum/image/khartoum_130.tif,data/raw/WHU_Mix_cities/khartoum/label/khartoum_130.tif
train,khartoum,whu_mix,khartoum_684.tif,0,0,0,0,512,512,0.01696396,data/raw/WHU_Mix_cities/khartoum/image/khartoum_684.tif,data/raw/WHU_Mix_cities/khartoum/label/khartoum_684.tif
train,khartoum,whu_mix,khartoum_455.tif,0,0,0,0,512,512,0.39271545,data/raw/WHU_Mix_cities/khartoum/image/khartoum_455.tif,data/raw/WHU_Mix_cities/khartoum/label/khartoum_455.tif
train,khartoum,whu_mix,khartoum_723.tif,0,0,0,0,512,512,0.00207520,data/raw/WHU_Mix_cities/khartoum/image/khartoum_723.tif,data/raw/WHU_Mix_cities/khartoum/label/khartoum_723.tif
train,khartoum,whu_mix,khartoum_839.tif,0,0,0,0,512,512,0.11383057,data/raw/WHU_Mix_cities/khartoum/image/khartoum_839.tif,data/raw/WHU_Mix_cities/khartoum/label/khartoum_839.tif
train,khartoum,whu_mix,khartoum_741.tif,0,0,0,0,512,512,0.13437653,data/raw/WHU_Mix_cities/khartoum/image/khartoum_741.tif,data/raw/WHU_Mix_cities/khartoum/label/khartoum_741.tif
train,khartoum,whu_mix,khartoum_778.tif,0,0,0,0,512,512,0.29427719,data/raw/WHU_Mix_cities/khartoum/image/khartoum_778.tif,data/raw/WHU_Mix_cities/khartoum/label/khartoum_778.tif
train,khartoum,whu_mix,khartoum_274.tif,0,0,0,0,512,512,0.08343887,data/raw/WHU_Mix_cities/khartoum/image/khartoum_274.tif,data/raw/WHU_Mix_cities/khartoum/label/khartoum_274.tif
train,khartoum,whu_mix,khartoum_256.tif,0,0,0,0,512,512,0.25489044,data/raw/WHU_Mix_cities/khartoum/image/khartoum_256.tif,data/raw/WHU_Mix_cities/khartoum/label/khartoum_256.tif
train,khartoum,whu_mix,khartoum_700.tif,0,0,0,0,512,512,0.38867569,data/raw/WHU_Mix_cities/khartoum/image/khartoum_700.tif,data/raw/WHU_Mix_cities/khartoum/label/khartoum_700.tif
train,khartoum,whu_mix,khartoum_711.tif,0,0,0,0,512,512,0.26230240,data/raw/WHU_Mix_cities/khartoum/image/khartoum_711.tif,data/raw/WHU_Mix_cities/khartoum/label/khartoum_711.tif
train,khartoum,whu_mix,khartoum_271.tif,0,0,0,0,512,512,0.33320618,data/raw/WHU_Mix_cities/khartoum/image/khartoum_271.tif,data/raw/WHU_Mix_cities/khartoum/label/khartoum_271.tif
train,khartoum,whu_mix,khartoum_759.tif,0,0,0,0,512,512,0.31497955,data/raw/WHU_Mix_cities/khartoum/image/khartoum_759.tif,data/raw/WHU_Mix_cities/khartoum/label/khartoum_759.tif
train,khartoum,whu_mix,khartoum_923.tif,0,0,0,0,512,512,0.27318192,data/raw/WHU_Mix_cities/khartoum/image/khartoum_923.tif,data/raw/WHU_Mix_cities/khartoum/label/khartoum_923.tif
train,potsdam,whu_mix,potsdam_368.tif,0,0,0,0,512,512,0.23124313,data/raw/WHU_Mix_cities/potsdam/image/potsdam_368.tif,data/raw/WHU_Mix_cities/potsdam/label/potsdam_368.tif
train,potsdam,whu_mix,potsdam_566.tif,0,0,0,0,512,512,0.03083420,data/raw/WHU_Mix_cities/potsdam/image/potsdam_566.tif,data/raw/WHU_Mix_cities/potsdam/label/potsdam_566.tif
train,potsdam,whu_mix,potsdam_888.tif,0,0,0,0,512,512,0.06231689,data/raw/WHU_Mix_cities/potsdam/image/potsdam_888.tif,data/raw/WHU_Mix_cities/potsdam/label/potsdam_888.tif
train,potsdam,whu_mix,potsdam_1139.tif,0,0,0,0,512,512,0.25789642,data/raw/WHU_Mix_cities/potsdam/image/potsdam_1139.tif,data/raw/WHU_Mix_cities/potsdam/label/potsdam_1139.tif
train,potsdam,whu_mix,potsdam_94.tif,0,0,0,0,512,512,0.08304977,data/raw/WHU_Mix_cities/potsdam/image/potsdam_94.tif,data/raw/WHU_Mix_cities/potsdam/label/potsdam_94.tif
train,potsdam,whu_mix,potsdam_538.tif,0,0,0,0,512,512,0.03980637,data/raw/WHU_Mix_cities/potsdam/image/potsdam_538.tif,data/raw/WHU_Mix_cities/potsdam/label/potsdam_538.tif
train,potsdam,whu_mix,potsdam_255.tif,0,0,0,0,512,512,0.22423935,data/raw/WHU_Mix_cities/potsdam/image/potsdam_255.tif,data/raw/WHU_Mix_cities/potsdam/label/potsdam_255.tif
train,potsdam,whu_mix,potsdam_544.tif,0,0,0,0,512,512,0.49525833,data/raw/WHU_Mix_cities/potsdam/image/potsdam_544.tif,data/raw/WHU_Mix_cities/potsdam/label/potsdam_544.tif
train,potsdam,whu_mix,potsdam_430.tif,0,0,0,0,512,512,0.47179794,data/raw/WHU_Mix_cities/potsdam/image/potsdam_430.tif,data/raw/WHU_Mix_cities/potsdam/label/potsdam_430.tif
train,potsdam,whu_mix,potsdam_994.tif,0,0,0,0,512,512,0.38038254,data/raw/WHU_Mix_cities/potsdam/image/potsdam_994.tif,data/raw/WHU_Mix_cities/potsdam/label/potsdam_994.tif
train,potsdam,whu_mix,potsdam_89.tif,0,0,0,0,512,512,0.26610947,data/raw/WHU_Mix_cities/potsdam/image/potsdam_89.tif,data/raw/WHU_Mix_cities/potsdam/label/potsdam_89.tif
train,potsdam,whu_mix,potsdam_977.tif,0,0,0,0,512,512,0.00997925,data/raw/WHU_Mix_cities/potsdam/image/potsdam_977.tif,data/raw/WHU_Mix_cities/potsdam/label/potsdam_977.tif
train,potsdam,whu_mix,potsdam_1011.tif,0,0,0,0,512,512,0.00000000,data/raw/WHU_Mix_cities/potsdam/image/potsdam_1011.tif,data/raw/WHU_Mix_cities/potsdam/label/potsdam_1011.tif
train,potsdam,whu_mix,potsdam_1116.tif,0,0,0,0,512,512,0.28791428,data/raw/WHU_Mix_cities/potsdam/image/potsdam_1116.tif,data/raw/WHU_Mix_cities/potsdam/label/potsdam_1116.tif
train,potsdam,whu_mix,potsdam_816.tif,0,0,0,0,512,512,0.41609192,data/raw/WHU_Mix_cities/potsdam/image/potsdam_816.tif,data/raw/WHU_Mix_cities/potsdam/label/potsdam_816.tif
train,potsdam,whu_mix,potsdam_1054.tif,0,0,0,0,512,512,0.00199127,data/raw/WHU_Mix_cities/potsdam/image/potsdam_1054.tif,data/raw/WHU_Mix_cities/potsdam/label/potsdam_1054.tif
train,potsdam,whu_mix,potsdam_879.tif,0,0,0,0,512,512,0.15712357,data/raw/WHU_Mix_cities/potsdam/image/potsdam_879.tif,data/raw/WHU_Mix_cities/potsdam/label/potsdam_879.tif
train,potsdam,whu_mix,potsdam_165.tif,0,0,0,0,512,512,0.00000000,data/raw/WHU_Mix_cities/potsdam/image/potsdam_165.tif,data/raw/WHU_Mix_cities/potsdam/label/potsdam_165.tif
train,potsdam,whu_mix,potsdam_133.tif,0,0,0,0,512,512,0.92600250,data/raw/WHU_Mix_cities/potsdam/image/potsdam_133.tif,data/raw/WHU_Mix_cities/potsdam/label/potsdam_133.tif
train,potsdam,whu_mix,potsdam_883.tif,0,0,0,0,512,512,0.31949234,data/raw/WHU_Mix_cities/potsdam/image/potsdam_883.tif,data/raw/WHU_Mix_cities/potsdam/label/potsdam_883.tif
train,potsdam,whu_mix,potsdam_679.tif,0,0,0,0,512,512,0.01286697,data/raw/WHU_Mix_cities/potsdam/image/potsdam_679.tif,data/raw/WHU_Mix_cities/potsdam/label/potsdam_679.tif
train,potsdam,whu_mix,potsdam_658.tif,0,0,0,0,512,512,0.10871124,data/raw/WHU_Mix_cities/potsdam/image/potsdam_658.tif,data/raw/WHU_Mix_cities/potsdam/label/potsdam_658.tif
train,potsdam,whu_mix,potsdam_184.tif,0,0,0,0,512,512,0.30827713,data/raw/WHU_Mix_cities/potsdam/image/potsdam_184.tif,data/raw/WHU_Mix_cities/potsdam/label/potsdam_184.tif
train,potsdam,whu_mix,potsdam_584.tif,0,0,0,0,512,512,0.11796951,data/raw/WHU_Mix_cities/potsdam/image/potsdam_584.tif,data/raw/WHU_Mix_cities/potsdam/label/potsdam_584.tif
train,potsdam,whu_mix,potsdam_1049.tif,0,0,0,0,512,512,0.00807571,data/raw/WHU_Mix_cities/potsdam/image/potsdam_1049.tif,data/raw/WHU_Mix_cities/potsdam/label/potsdam_1049.tif
train,potsdam,whu_mix,potsdam_35.tif,0,0,0,0,512,512,0.35806656,data/raw/WHU_Mix_cities/potsdam/image/potsdam_35.tif,data/raw/WHU_Mix_cities/potsdam/label/potsdam_35.tif
train,potsdam,whu_mix,potsdam_613.tif,0,0,0,0,512,512,0.06548691,data/raw/WHU_Mix_cities/potsdam/image/potsdam_613.tif,data/raw/WHU_Mix_cities/potsdam/label/potsdam_613.tif
train,potsdam,whu_mix,potsdam_26.tif,0,0,0,0,512,512,0.00000000,data/raw/WHU_Mix_cities/potsdam/image/potsdam_26.tif,data/raw/WHU_Mix_cities/potsdam/label/potsdam_26.tif
train,potsdam,whu_mix,potsdam_1155.tif,0,0,0,0,512,512,0.11054993,data/raw/WHU_Mix_cities/potsdam/image/potsdam_1155.tif,data/raw/WHU_Mix_cities/potsdam/label/potsdam_1155.tif
train,potsdam,whu_mix,potsdam_130.tif,0,0,0,0,512,512,0.00000000,data/raw/WHU_Mix_cities/potsdam/image/potsdam_130.tif,data/raw/WHU_Mix_cities/potsdam/label/potsdam_130.tif
train,potsdam,whu_mix,potsdam_1057.tif,0,0,0,0,512,512,0.00000000,data/raw/WHU_Mix_cities/potsdam/image/potsdam_1057.tif,data/raw/WHU_Mix_cities/potsdam/label/potsdam_1057.tif
train,potsdam,whu_mix,potsdam_1056.tif,0,0,0,0,512,512,0.10237885,data/raw/WHU_Mix_cities/potsdam/image/potsdam_1056.tif,data/raw/WHU_Mix_cities/potsdam/label/potsdam_1056.tif
train,potsdam,whu_mix,potsdam_254.tif,0,0,0,0,512,512,0.31890869,data/raw/WHU_Mix_cities/potsdam/image/potsdam_254.tif,data/raw/WHU_Mix_cities/potsdam/label/potsdam_254.tif
train,potsdam,whu_mix,potsdam_975.tif,0,0,0,0,512,512,0.14819336,data/raw/WHU_Mix_cities/potsdam/image/potsdam_975.tif,data/raw/WHU_Mix_cities/potsdam/label/potsdam_975.tif
train,potsdam,whu_mix,potsdam_582.tif,0,0,0,0,512,512,0.36341095,data/raw/WHU_Mix_cities/potsdam/image/potsdam_582.tif,data/raw/WHU_Mix_cities/potsdam/label/potsdam_582.tif
train,potsdam,whu_mix,potsdam_1128.tif,0,0,0,0,512,512,0.01789856,data/raw/WHU_Mix_cities/potsdam/image/potsdam_1128.tif,data/raw/WHU_Mix_cities/potsdam/label/potsdam_1128.tif
train,potsdam,whu_mix,potsdam_220.tif,0,0,0,0,512,512,0.27182770,data/raw/WHU_Mix_cities/potsdam/image/potsdam_220.tif,data/raw/WHU_Mix_cities/potsdam/label/potsdam_220.tif
train,potsdam,whu_mix,potsdam_190.tif,0,0,0,0,512,512,0.00000000,data/raw/WHU_Mix_cities/potsdam/image/potsdam_190.tif,data/raw/WHU_Mix_cities/potsdam/label/potsdam_190.tif
train,potsdam,whu_mix,potsdam_34.tif,0,0,0,0,512,512,0.00631714,data/raw/WHU_Mix_cities/potsdam/image/potsdam_34.tif,data/raw/WHU_Mix_cities/potsdam/label/potsdam_34.tif
train,potsdam,whu_mix,potsdam_1151.tif,0,0,0,0,512,512,0.26903152,data/raw/WHU_Mix_cities/potsdam/image/potsdam_1151.tif,data/raw/WHU_Mix_cities/potsdam/label/potsdam_1151.tif
train,potsdam,whu_mix,potsdam_787.tif,0,0,0,0,512,512,0.41826630,data/raw/WHU_Mix_cities/potsdam/image/potsdam_787.tif,data/raw/WHU_Mix_cities/potsdam/label/potsdam_787.tif
train,potsdam,whu_mix,potsdam_1114.tif,0,0,0,0,512,512,0.24099731,data/raw/WHU_Mix_cities/potsdam/image/potsdam_1114.tif,data/raw/WHU_Mix_cities/potsdam/label/potsdam_1114.tif
train,potsdam,whu_mix,potsdam_753.tif,0,0,0,0,512,512,0.05247879,data/raw/WHU_Mix_cities/potsdam/image/potsdam_753.tif,data/raw/WHU_Mix_cities/potsdam/label/potsdam_753.tif
train,potsdam,whu_mix,potsdam_360.tif,0,0,0,0,512,512,0.32749557,data/raw/WHU_Mix_cities/potsdam/image/potsdam_360.tif,data/raw/WHU_Mix_cities/potsdam/label/potsdam_360.tif
train,potsdam,whu_mix,potsdam_715.tif,0,0,0,0,512,512,0.26993942,data/raw/WHU_Mix_cities/potsdam/image/potsdam_715.tif,data/raw/WHU_Mix_cities/potsdam/label/potsdam_715.tif
train,potsdam,whu_mix,potsdam_277.tif,0,0,0,0,512,512,0.19940567,data/raw/WHU_Mix_cities/potsdam/image/potsdam_277.tif,data/raw/WHU_Mix_cities/potsdam/label/potsdam_277.tif
train,potsdam,whu_mix,potsdam_995.tif,0,0,0,0,512,512,0.31835938,data/raw/WHU_Mix_cities/potsdam/image/potsdam_995.tif,data/raw/WHU_Mix_cities/potsdam/label/potsdam_995.tif
train,potsdam,whu_mix,potsdam_5.tif,0,0,0,0,512,512,0.00000000,data/raw/WHU_Mix_cities/potsdam/image/potsdam_5.tif,data/raw/WHU_Mix_cities/potsdam/label/potsdam_5.tif
train,potsdam,whu_mix,potsdam_378.tif,0,0,0,0,512,512,0.12014389,data/raw/WHU_Mix_cities/potsdam/image/potsdam_378.tif,data/raw/WHU_Mix_cities/potsdam/label/potsdam_378.tif
train,potsdam,whu_mix,potsdam_1173.tif,0,0,0,0,512,512,0.07133865,data/raw/WHU_Mix_cities/potsdam/image/potsdam_1173.tif,data/raw/WHU_Mix_cities/potsdam/label/potsdam_1173.tif
train,potsdam,whu_mix,potsdam_958.tif,0,0,0,0,512,512,0.10751343,data/raw/WHU_Mix_cities/potsdam/image/potsdam_958.tif,data/raw/WHU_Mix_cities/potsdam/label/potsdam_958.tif
train,potsdam,whu_mix,potsdam_840.tif,0,0,0,0,512,512,0.69834137,data/raw/WHU_Mix_cities/potsdam/image/potsdam_840.tif,data/raw/WHU_Mix_cities/potsdam/label/potsdam_840.tif
train,potsdam,whu_mix,potsdam_539.tif,0,0,0,0,512,512,0.04159927,data/raw/WHU_Mix_cities/potsdam/image/potsdam_539.tif,data/raw/WHU_Mix_cities/potsdam/label/potsdam_539.tif
train,potsdam,whu_mix,potsdam_989.tif,0,0,0,0,512,512,0.26648712,data/raw/WHU_Mix_cities/potsdam/image/potsdam_989.tif,data/raw/WHU_Mix_cities/potsdam/label/potsdam_989.tif
train,potsdam,whu_mix,potsdam_312.tif,0,0,0,0,512,512,0.02789688,data/raw/WHU_Mix_cities/potsdam/image/potsdam_312.tif,data/raw/WHU_Mix_cities/potsdam/label/potsdam_312.tif
train,potsdam,whu_mix,potsdam_1134.tif,0,0,0,0,512,512,0.00000000,data/raw/WHU_Mix_cities/potsdam/image/potsdam_1134.tif,data/raw/WHU_Mix_cities/potsdam/label/potsdam_1134.tif
train,potsdam,whu_mix,potsdam_736.tif,0,0,0,0,512,512,0.53298187,data/raw/WHU_Mix_cities/potsdam/image/potsdam_736.tif,data/raw/WHU_Mix_cities/potsdam/label/potsdam_736.tif
train,potsdam,whu_mix,potsdam_1077.tif,0,0,0,0,512,512,0.09411240,data/raw/WHU_Mix_cities/potsdam/image/potsdam_1077.tif,data/raw/WHU_Mix_cities/potsdam/label/potsdam_1077.tif
train,potsdam,whu_mix,potsdam_836.tif,0,0,0,0,512,512,0.54972458,data/raw/WHU_Mix_cities/potsdam/image/potsdam_836.tif,data/raw/WHU_Mix_cities/potsdam/label/potsdam_836.tif
train,potsdam,whu_mix,potsdam_785.tif,0,0,0,0,512,512,0.53611374,data/raw/WHU_Mix_cities/potsdam/image/potsdam_785.tif,data/raw/WHU_Mix_cities/potsdam/label/potsdam_785.tif
train,potsdam,whu_mix,potsdam_516.tif,0,0,0,0,512,512,0.81445312,data/raw/WHU_Mix_cities/potsdam/image/potsdam_516.tif,data/raw/WHU_Mix_cities/potsdam/label/potsdam_516.tif
train,potsdam,whu_mix,potsdam_393.tif,0,0,0,0,512,512,0.32466507,data/raw/WHU_Mix_cities/potsdam/image/potsdam_393.tif,data/raw/WHU_Mix_cities/potsdam/label/potsdam_393.tif
train,potsdam,whu_mix,potsdam_826.tif,0,0,0,0,512,512,0.00000000,data/raw/WHU_Mix_cities/potsdam/image/potsdam_826.tif,data/raw/WHU_Mix_cities/potsdam/label/potsdam_826.tif
train,potsdam,whu_mix,potsdam_373.tif,0,0,0,0,512,512,0.29803467,data/raw/WHU_Mix_cities/potsdam/image/potsdam_373.tif,data/raw/WHU_Mix_cities/potsdam/label/potsdam_373.tif
train,potsdam,whu_mix,potsdam_75.tif,0,0,0,0,512,512,0.13260269,data/raw/WHU_Mix_cities/potsdam/image/potsdam_75.tif,data/raw/WHU_Mix_cities/potsdam/label/potsdam_75.tif
train,potsdam,whu_mix,potsdam_717.tif,0,0,0,0,512,512,0.19954300,data/raw/WHU_Mix_cities/potsdam/image/potsdam_717.tif,data/raw/WHU_Mix_cities/potsdam/label/potsdam_717.tif
train,potsdam,whu_mix,potsdam_734.tif,0,0,0,0,512,512,0.01004028,data/raw/WHU_Mix_cities/potsdam/image/potsdam_734.tif,data/raw/WHU_Mix_cities/potsdam/label/potsdam_734.tif
train,potsdam,whu_mix,potsdam_729.tif,0,0,0,0,512,512,0.04875565,data/raw/WHU_Mix_cities/potsdam/image/potsdam_729.tif,data/raw/WHU_Mix_cities/potsdam/label/potsdam_729.tif
train,potsdam,whu_mix,potsdam_1014.tif,0,0,0,0,512,512,0.00000000,data/raw/WHU_Mix_cities/potsdam/image/potsdam_1014.tif,data/raw/WHU_Mix_cities/potsdam/label/potsdam_1014.tif
train,potsdam,whu_mix,potsdam_429.tif,0,0,0,0,512,512,0.41913986,data/raw/WHU_Mix_cities/potsdam/image/potsdam_429.tif,data/raw/WHU_Mix_cities/potsdam/label/potsdam_429.tif
train,potsdam,whu_mix,potsdam_293.tif,0,0,0,0,512,512,0.02264786,data/raw/WHU_Mix_cities/potsdam/image/potsdam_293.tif,data/raw/WHU_Mix_cities/potsdam/label/potsdam_293.tif
train,potsdam,whu_mix,potsdam_696.tif,0,0,0,0,512,512,0.01573181,data/raw/WHU_Mix_cities/potsdam/image/potsdam_696.tif,data/raw/WHU_Mix_cities/potsdam/label/potsdam_696.tif
train,potsdam,whu_mix,potsdam_173.tif,0,0,0,0,512,512,0.13481140,data/raw/WHU_Mix_cities/potsdam/image/potsdam_173.tif,data/raw/WHU_Mix_cities/potsdam/label/potsdam_173.tif
train,potsdam,whu_mix,potsdam_98.tif,0,0,0,0,512,512,0.10105515,data/raw/WHU_Mix_cities/potsdam/image/potsdam_98.tif,data/raw/WHU_Mix_cities/potsdam/label/potsdam_98.tif
train,potsdam,whu_mix,potsdam_1124.tif,0,0,0,0,512,512,0.04635239,data/raw/WHU_Mix_cities/potsdam/image/potsdam_1124.tif,data/raw/WHU_Mix_cities/potsdam/label/potsdam_1124.tif
train,potsdam,whu_mix,potsdam_900.tif,0,0,0,0,512,512,0.63528824,data/raw/WHU_Mix_cities/potsdam/image/potsdam_900.tif,data/raw/WHU_Mix_cities/potsdam/label/potsdam_900.tif
train,potsdam,whu_mix,potsdam_1093.tif,0,0,0,0,512,512,0.22292709,data/raw/WHU_Mix_cities/potsdam/image/potsdam_1093.tif,data/raw/WHU_Mix_cities/potsdam/label/potsdam_1093.tif
train,potsdam,whu_mix,potsdam_667.tif,0,0,0,0,512,512,0.13720703,data/raw/WHU_Mix_cities/potsdam/image/potsdam_667.tif,data/raw/WHU_Mix_cities/potsdam/label/potsdam_667.tif
train,potsdam,whu_mix,potsdam_898.tif,0,0,0,0,512,512,0.28760529,data/raw/WHU_Mix_cities/potsdam/image/potsdam_898.tif,data/raw/WHU_Mix_cities/potsdam/label/potsdam_898.tif
train,potsdam,whu_mix,potsdam_29.tif,0,0,0,0,512,512,0.34388351,data/raw/WHU_Mix_cities/potsdam/image/potsdam_29.tif,data/raw/WHU_Mix_cities/potsdam/label/potsdam_29.tif
train,potsdam,whu_mix,potsdam_282.tif,0,0,0,0,512,512,0.32201004,data/raw/WHU_Mix_cities/potsdam/image/potsdam_282.tif,data/raw/WHU_Mix_cities/potsdam/label/potsdam_282.tif
train,potsdam,whu_mix,potsdam_195.tif,0,0,0,0,512,512,0.00910950,data/raw/WHU_Mix_cities/potsdam/image/potsdam_195.tif,data/raw/WHU_Mix_cities/potsdam/label/potsdam_195.tif
train,potsdam,whu_mix,potsdam_973.tif,0,0,0,0,512,512,0.07314682,data/raw/WHU_Mix_cities/potsdam/image/potsdam_973.tif,data/raw/WHU_Mix_cities/potsdam/label/potsdam_973.tif
train,potsdam,whu_mix,potsdam_573.tif,0,0,0,0,512,512,0.01803207,data/raw/WHU_Mix_cities/potsdam/image/potsdam_573.tif,data/raw/WHU_Mix_cities/potsdam/label/potsdam_573.tif
train,potsdam,whu_mix,potsdam_1102.tif,0,0,0,0,512,512,0.15028763,data/raw/WHU_Mix_cities/potsdam/image/potsdam_1102.tif,data/raw/WHU_Mix_cities/potsdam/label/potsdam_1102.tif
train,potsdam,whu_mix,potsdam_637.tif,0,0,0,0,512,512,0.15428162,data/raw/WHU_Mix_cities/potsdam/image/potsdam_637.tif,data/raw/WHU_Mix_cities/potsdam/label/potsdam_637.tif
train,potsdam,whu_mix,potsdam_640.tif,0,0,0,0,512,512,0.00000000,data/raw/WHU_Mix_cities/potsdam/image/potsdam_640.tif,data/raw/WHU_Mix_cities/potsdam/label/potsdam_640.tif
train,potsdam,whu_mix,potsdam_1066.tif,0,0,0,0,512,512,0.00000000,data/raw/WHU_Mix_cities/potsdam/image/potsdam_1066.tif,data/raw/WHU_Mix_cities/potsdam/label/potsdam_1066.tif
train,potsdam,whu_mix,potsdam_869.tif,0,0,0,0,512,512,0.46887589,data/raw/WHU_Mix_cities/potsdam/image/potsdam_869.tif,data/raw/WHU_Mix_cities/potsdam/label/potsdam_869.tif
train,potsdam,whu_mix,potsdam_1115.tif,0,0,0,0,512,512,0.34155273,data/raw/WHU_Mix_cities/potsdam/image/potsdam_1115.tif,data/raw/WHU_Mix_cities/potsdam/label/potsdam_1115.tif
train,potsdam,whu_mix,potsdam_956.tif,0,0,0,0,512,512,0.26248550,data/raw/WHU_Mix_cities/potsdam/image/potsdam_956.tif,data/raw/WHU_Mix_cities/potsdam/label/potsdam_956.tif
train,potsdam,whu_mix,potsdam_91.tif,0,0,0,0,512,512,0.11125946,data/raw/WHU_Mix_cities/potsdam/image/potsdam_91.tif,data/raw/WHU_Mix_cities/potsdam/label/potsdam_91.tif
train,potsdam,whu_mix,potsdam_1157.tif,0,0,0,0,512,512,0.12098312,data/raw/WHU_Mix_cities/potsdam/image/potsdam_1157.tif,data/raw/WHU_Mix_cities/potsdam/label/potsdam_1157.tif
train,potsdam,whu_mix,potsdam_1016.tif,0,0,0,0,512,512,0.24386978,data/raw/WHU_Mix_cities/potsdam/image/potsdam_1016.tif,data/raw/WHU_Mix_cities/potsdam/label/potsdam_1016.tif
train,potsdam,whu_mix,potsdam_1040.tif,0,0,0,0,512,512,0.14159775,data/raw/WHU_Mix_cities/potsdam/image/potsdam_1040.tif,data/raw/WHU_Mix_cities/potsdam/label/potsdam_1040.tif
train,potsdam,whu_mix,potsdam_332.tif,0,0,0,0,512,512,0.35776138,data/raw/WHU_Mix_cities/potsdam/image/potsdam_332.tif,data/raw/WHU_Mix_cities/potsdam/label/potsdam_332.tif
train,potsdam,whu_mix,potsdam_913.tif,0,0,0,0,512,512,0.42211151,data/raw/WHU_Mix_cities/potsdam/image/potsdam_913.tif,data/raw/WHU_Mix_cities/potsdam/label/potsdam_913.tif
train,potsdam,whu_mix,potsdam_624.tif,0,0,0,0,512,512,0.13985825,data/raw/WHU_Mix_cities/potsdam/image/potsdam_624.tif,data/raw/WHU_Mix_cities/potsdam/label/potsdam_624.tif
train,potsdam,whu_mix,potsdam_677.tif,0,0,0,0,512,512,0.17729568,data/raw/WHU_Mix_cities/potsdam/image/potsdam_677.tif,data/raw/WHU_Mix_cities/potsdam/label/potsdam_677.tif
train,potsdam,whu_mix,potsdam_1091.tif,0,0,0,0,512,512,0.00000000,data/raw/WHU_Mix_cities/potsdam/image/potsdam_1091.tif,data/raw/WHU_Mix_cities/potsdam/label/potsdam_1091.tif
train,potsdam,whu_mix,potsdam_348.tif,0,0,0,0,512,512,0.12918854,data/raw/WHU_Mix_cities/potsdam/image/potsdam_348.tif,data/raw/WHU_Mix_cities/potsdam/label/potsdam_348.tif
train,potsdam,whu_mix,potsdam_790.tif,0,0,0,0,512,512,0.04689789,data/raw/WHU_Mix_cities/potsdam/image/potsdam_790.tif,data/raw/WHU_Mix_cities/potsdam/label/potsdam_790.tif
train,potsdam,whu_mix,potsdam_454.tif,0,0,0,0,512,512,0.15724945,data/raw/WHU_Mix_cities/potsdam/image/potsdam_454.tif,data/raw/WHU_Mix_cities/potsdam/label/potsdam_454.tif
train,potsdam,whu_mix,potsdam_933.tif,0,0,0,0,512,512,0.34006882,data/raw/WHU_Mix_cities/potsdam/image/potsdam_933.tif,data/raw/WHU_Mix_cities/potsdam/label/potsdam_933.tif
train,potsdam,whu_mix,potsdam_1160.tif,0,0,0,0,512,512,0.46187210,data/raw/WHU_Mix_cities/potsdam/image/potsdam_1160.tif,data/raw/WHU_Mix_cities/potsdam/label/potsdam_1160.tif
train,potsdam,whu_mix,potsdam_158.tif,0,0,0,0,512,512,0.18077087,data/raw/WHU_Mix_cities/potsdam/image/potsdam_158.tif,data/raw/WHU_Mix_cities/potsdam/label/potsdam_158.tif
train,potsdam,whu_mix,potsdam_444.tif,0,0,0,0,512,512,0.02018356,data/raw/WHU_Mix_cities/potsdam/image/potsdam_444.tif,data/raw/WHU_Mix_cities/potsdam/label/potsdam_444.tif
train,potsdam,whu_mix,potsdam_136.tif,0,0,0,0,512,512,0.08679199,data/raw/WHU_Mix_cities/potsdam/image/potsdam_136.tif,data/raw/WHU_Mix_cities/potsdam/label/potsdam_136.tif
train,potsdam,whu_mix,potsdam_421.tif,0,0,0,0,512,512,0.14834595,data/raw/WHU_Mix_cities/potsdam/image/potsdam_421.tif,data/raw/WHU_Mix_cities/potsdam/label/potsdam_421.tif
train,potsdam,whu_mix,potsdam_738.tif,0,0,0,0,512,512,0.56831741,data/raw/WHU_Mix_cities/potsdam/image/potsdam_738.tif,data/raw/WHU_Mix_cities/potsdam/label/potsdam_738.tif
train,potsdam,whu_mix,potsdam_486.tif,0,0,0,0,512,512,0.13305664,data/raw/WHU_Mix_cities/potsdam/image/potsdam_486.tif,data/raw/WHU_Mix_cities/potsdam/label/potsdam_486.tif
train,potsdam,whu_mix,potsdam_390.tif,0,0,0,0,512,512,0.12084198,data/raw/WHU_Mix_cities/potsdam/image/potsdam_390.tif,data/raw/WHU_Mix_cities/potsdam/label/potsdam_390.tif
train,potsdam,whu_mix,potsdam_160.tif,0,0,0,0,512,512,0.00263214,data/raw/WHU_Mix_cities/potsdam/image/potsdam_160.tif,data/raw/WHU_Mix_cities/potsdam/label/potsdam_160.tif
train,potsdam,whu_mix,potsdam_754.tif,0,0,0,0,512,512,0.35215378,data/raw/WHU_Mix_cities/potsdam/image/potsdam_754.tif,data/raw/WHU_Mix_cities/potsdam/label/potsdam_754.tif
train,potsdam,whu_mix,potsdam_604.tif,0,0,0,0,512,512,0.05149460,data/raw/WHU_Mix_cities/potsdam/image/potsdam_604.tif,data/raw/WHU_Mix_cities/potsdam/label/potsdam_604.tif
train,potsdam,whu_mix,potsdam_1171.tif,0,0,0,0,512,512,0.01899338,data/raw/WHU_Mix_cities/potsdam/image/potsdam_1171.tif,data/raw/WHU_Mix_cities/potsdam/label/potsdam_1171.tif
train,potsdam,whu_mix,potsdam_885.tif,0,0,0,0,512,512,0.37599564,data/raw/WHU_Mix_cities/potsdam/image/potsdam_885.tif,data/raw/WHU_Mix_cities/potsdam/label/potsdam_885.tif
train,potsdam,whu_mix,potsdam_200.tif,0,0,0,0,512,512,0.01033783,data/raw/WHU_Mix_cities/potsdam/image/potsdam_200.tif,data/raw/WHU_Mix_cities/potsdam/label/potsdam_200.tif
train,potsdam,whu_mix,potsdam_16.tif,0,0,0,0,512,512,0.26699066,data/raw/WHU_Mix_cities/potsdam/image/potsdam_16.tif,data/raw/WHU_Mix_cities/potsdam/label/potsdam_16.tif
train,potsdam,whu_mix,potsdam_519.tif,0,0,0,0,512,512,0.33267975,data/raw/WHU_Mix_cities/potsdam/image/potsdam_519.tif,data/raw/WHU_Mix_cities/potsdam/label/potsdam_519.tif
train,potsdam,whu_mix,potsdam_592.tif,0,0,0,0,512,512,0.03226852,data/raw/WHU_Mix_cities/potsdam/image/potsdam_592.tif,data/raw/WHU_Mix_cities/potsdam/label/potsdam_592.tif
train,potsdam,whu_mix,potsdam_304.tif,0,0,0,0,512,512,0.32803726,data/raw/WHU_Mix_cities/potsdam/image/potsdam_304.tif,data/raw/WHU_Mix_cities/potsdam/label/potsdam_304.tif
train,potsdam,whu_mix,potsdam_363.tif,0,0,0,0,512,512,0.12882233,data/raw/WHU_Mix_cities/potsdam/image/potsdam_363.tif,data/raw/WHU_Mix_cities/potsdam/label/potsdam_363.tif
train,potsdam,whu_mix,potsdam_125.tif,0,0,0,0,512,512,0.07621384,data/raw/WHU_Mix_cities/potsdam/image/potsdam_125.tif,data/raw/WHU_Mix_cities/potsdam/label/potsdam_125.tif
train,potsdam,whu_mix,potsdam_712.tif,0,0,0,0,512,512,0.20622635,data/raw/WHU_Mix_cities/potsdam/image/potsdam_712.tif,data/raw/WHU_Mix_cities/potsdam/label/potsdam_712.tif
train,potsdam,whu_mix,potsdam_711.tif,0,0,0,0,512,512,0.20353699,data/raw/WHU_Mix_cities/potsdam/image/potsdam_711.tif,data/raw/WHU_Mix_cities/potsdam/label/potsdam_711.tif
train,potsdam,whu_mix,potsdam_495.tif,0,0,0,0,512,512,0.13713837,data/raw/WHU_Mix_cities/potsdam/image/potsdam_495.tif,data/raw/WHU_Mix_cities/potsdam/label/potsdam_495.tif
train,potsdam,whu_mix,potsdam_142.tif,0,0,0,0,512,512,0.00000000,data/raw/WHU_Mix_cities/potsdam/image/potsdam_142.tif,data/raw/WHU_Mix_cities/potsdam/label/potsdam_142.tif
train,potsdam,whu_mix,potsdam_61.tif,0,0,0,0,512,512,0.24609375,data/raw/WHU_Mix_cities/potsdam/image/potsdam_61.tif,data/raw/WHU_Mix_cities/potsdam/label/potsdam_61.tif
train,potsdam,whu_mix,potsdam_909.tif,0,0,0,0,512,512,0.00000000,data/raw/WHU_Mix_cities/potsdam/image/potsdam_909.tif,data/raw/WHU_Mix_cities/potsdam/label/potsdam_909.tif
train,potsdam,whu_mix,potsdam_170.tif,0,0,0,0,512,512,0.00000000,data/raw/WHU_Mix_cities/potsdam/image/potsdam_170.tif,data/raw/WHU_Mix_cities/potsdam/label/potsdam_170.tif
train,potsdam,whu_mix,potsdam_763.tif,0,0,0,0,512,512,0.36019897,data/raw/WHU_Mix_cities/potsdam/image/potsdam_763.tif,data/raw/WHU_Mix_cities/potsdam/label/potsdam_763.tif
train,potsdam,whu_mix,potsdam_726.tif,0,0,0,0,512,512,0.11711884,data/raw/WHU_Mix_cities/potsdam/image/potsdam_726.tif,data/raw/WHU_Mix_cities/potsdam/label/potsdam_726.tif
train,potsdam,whu_mix,potsdam_924.tif,0,0,0,0,512,512,0.21917725,data/raw/WHU_Mix_cities/potsdam/image/potsdam_924.tif,data/raw/WHU_Mix_cities/potsdam/label/potsdam_924.tif
train,potsdam,whu_mix,potsdam_940.tif,0,0,0,0,512,512,0.52132797,data/raw/WHU_Mix_cities/potsdam/image/potsdam_940.tif,data/raw/WHU_Mix_cities/potsdam/label/potsdam_940.tif
train,potsdam,whu_mix,potsdam_828.tif,0,0,0,0,512,512,0.20165634,data/raw/WHU_Mix_cities/potsdam/image/potsdam_828.tif,data/raw/WHU_Mix_cities/potsdam/label/potsdam_828.tif
train,potsdam,whu_mix,potsdam_608.tif,0,0,0,0,512,512,0.00000000,data/raw/WHU_Mix_cities/potsdam/image/potsdam_608.tif,data/raw/WHU_Mix_cities/potsdam/label/potsdam_608.tif
train,potsdam,whu_mix,potsdam_17.tif,0,0,0,0,512,512,0.32884216,data/raw/WHU_Mix_cities/potsdam/image/potsdam_17.tif,data/raw/WHU_Mix_cities/potsdam/label/potsdam_17.tif
train,potsdam,whu_mix,potsdam_63.tif,0,0,0,0,512,512,0.00000000,data/raw/WHU_Mix_cities/potsdam/image/potsdam_63.tif,data/raw/WHU_Mix_cities/potsdam/label/potsdam_63.tif
train,potsdam,whu_mix,potsdam_359.tif,0,0,0,0,512,512,0.37827301,data/raw/WHU_Mix_cities/potsdam/image/potsdam_359.tif,data/raw/WHU_Mix_cities/potsdam/label/potsdam_359.tif
train,potsdam,whu_mix,potsdam_87.tif,0,0,0,0,512,512,0.31763840,data/raw/WHU_Mix_cities/potsdam/image/potsdam_87.tif,data/raw/WHU_Mix_cities/potsdam/label/potsdam_87.tif
train,potsdam,whu_mix,potsdam_280.tif,0,0,0,0,512,512,0.15180969,data/raw/WHU_Mix_cities/potsdam/image/potsdam_280.tif,data/raw/WHU_Mix_cities/potsdam/label/potsdam_280.tif
train,potsdam,whu_mix,potsdam_935.tif,0,0,0,0,512,512,0.26487732,data/raw/WHU_Mix_cities/potsdam/image/potsdam_935.tif,data/raw/WHU_Mix_cities/potsdam/label/potsdam_935.tif
train,potsdam,whu_mix,potsdam_381.tif,0,0,0,0,512,512,0.19220734,data/raw/WHU_Mix_cities/potsdam/image/potsdam_381.tif,data/raw/WHU_Mix_cities/potsdam/label/potsdam_381.tif
train,potsdam,whu_mix,potsdam_652.tif,0,0,0,0,512,512,0.49237061,data/raw/WHU_Mix_cities/potsdam/image/potsdam_652.tif,data/raw/WHU_Mix_cities/potsdam/label/potsdam_652.tif
train,potsdam,whu_mix,potsdam_471.tif,0,0,0,0,512,512,0.33965683,data/raw/WHU_Mix_cities/potsdam/image/potsdam_471.tif,data/raw/WHU_Mix_cities/potsdam/label/potsdam_471.tif
train,potsdam,whu_mix,potsdam_1152.tif,0,0,0,0,512,512,0.40383911,data/raw/WHU_Mix_cities/potsdam/image/potsdam_1152.tif,data/raw/WHU_Mix_cities/potsdam/label/potsdam_1152.tif
train,potsdam,whu_mix,potsdam_1019.tif,0,0,0,0,512,512,0.00000000,data/raw/WHU_Mix_cities/potsdam/image/potsdam_1019.tif,data/raw/WHU_Mix_cities/potsdam/label/potsdam_1019.tif
train,potsdam,whu_mix,potsdam_9.tif,0,0,0,0,512,512,0.44430542,data/raw/WHU_Mix_cities/potsdam/image/potsdam_9.tif,data/raw/WHU_Mix_cities/potsdam/label/potsdam_9.tif
train,potsdam,whu_mix,potsdam_809.tif,0,0,0,0,512,512,0.27187729,data/raw/WHU_Mix_cities/potsdam/image/potsdam_809.tif,data/raw/WHU_Mix_cities/potsdam/label/potsdam_809.tif
train,potsdam,whu_mix,potsdam_328.tif,0,0,0,0,512,512,0.18676376,data/raw/WHU_Mix_cities/potsdam/image/potsdam_328.tif,data/raw/WHU_Mix_cities/potsdam/label/potsdam_328.tif
train,potsdam,whu_mix,potsdam_1136.tif,0,0,0,0,512,512,0.22793579,data/raw/WHU_Mix_cities/potsdam/image/potsdam_1136.tif,data/raw/WHU_Mix_cities/potsdam/label/potsdam_1136.tif
train,potsdam,whu_mix,potsdam_876.tif,0,0,0,0,512,512,0.23292542,data/raw/WHU_Mix_cities/potsdam/image/potsdam_876.tif,data/raw/WHU_Mix_cities/potsdam/label/potsdam_876.tif
train,potsdam,whu_mix,potsdam_159.tif,0,0,0,0,512,512,0.22546005,data/raw/WHU_Mix_cities/potsdam/image/potsdam_159.tif,data/raw/WHU_Mix_cities/potsdam/label/potsdam_159.tif
train,potsdam,whu_mix,potsdam_47.tif,0,0,0,0,512,512,0.09587479,data/raw/WHU_Mix_cities/potsdam/image/potsdam_47.tif,data/raw/WHU_Mix_cities/potsdam/label/potsdam_47.tif
train,potsdam,whu_mix,potsdam_344.tif,0,0,0,0,512,512,0.09112167,data/raw/WHU_Mix_cities/potsdam/image/potsdam_344.tif,data/raw/WHU_Mix_cities/potsdam/label/potsdam_344.tif
train,potsdam,whu_mix,potsdam_311.tif,0,0,0,0,512,512,0.20915604,data/raw/WHU_Mix_cities/potsdam/image/potsdam_311.tif,data/raw/WHU_Mix_cities/potsdam/label/potsdam_311.tif
train,potsdam,whu_mix,potsdam_227.tif,0,0,0,0,512,512,0.41879272,data/raw/WHU_Mix_cities/potsdam/image/potsdam_227.tif,data/raw/WHU_Mix_cities/potsdam/label/potsdam_227.tif
train,potsdam,whu_mix,potsdam_673.tif,0,0,0,0,512,512,0.40552521,data/raw/WHU_Mix_cities/potsdam/image/potsdam_673.tif,data/raw/WHU_Mix_cities/potsdam/label/potsdam_673.tif
train,potsdam,whu_mix,potsdam_671.tif,0,0,0,0,512,512,0.13563919,data/raw/WHU_Mix_cities/potsdam/image/potsdam_671.tif,data/raw/WHU_Mix_cities/potsdam/label/potsdam_671.tif
train,potsdam,whu_mix,potsdam_979.tif,0,0,0,0,512,512,0.00402832,data/raw/WHU_Mix_cities/potsdam/image/potsdam_979.tif,data/raw/WHU_Mix_cities/potsdam/label/potsdam_979.tif
train,potsdam,whu_mix,potsdam_520.tif,0,0,0,0,512,512,0.47892380,data/raw/WHU_Mix_cities/potsdam/image/potsdam_520.tif,data/raw/WHU_Mix_cities/potsdam/label/potsdam_520.tif
train,potsdam,whu_mix,potsdam_854.tif,0,0,0,0,512,512,0.52997208,data/raw/WHU_Mix_cities/potsdam/image/potsdam_854.tif,data/raw/WHU_Mix_cities/potsdam/label/potsdam_854.tif
train,potsdam,whu_mix,potsdam_467.tif,0,0,0,0,512,512,0.15157318,data/raw/WHU_Mix_cities/potsdam/image/potsdam_467.tif,data/raw/WHU_Mix_cities/potsdam/label/potsdam_467.tif
train,potsdam,whu_mix,potsdam_324.tif,0,0,0,0,512,512,0.14855194,data/raw/WHU_Mix_cities/potsdam/image/potsdam_324.tif,data/raw/WHU_Mix_cities/potsdam/label/potsdam_324.tif
train,potsdam,whu_mix,potsdam_7.tif,0,0,0,0,512,512,0.18808746,data/raw/WHU_Mix_cities/potsdam/image/potsdam_7.tif,data/raw/WHU_Mix_cities/potsdam/label/potsdam_7.tif
train,potsdam,whu_mix,potsdam_594.tif,0,0,0,0,512,512,0.00810623,data/raw/WHU_Mix_cities/potsdam/image/potsdam_594.tif,data/raw/WHU_Mix_cities/potsdam/label/potsdam_594.tif
train,potsdam,whu_mix,potsdam_794.tif,0,0,0,0,512,512,0.33762741,data/raw/WHU_Mix_cities/potsdam/image/potsdam_794.tif,data/raw/WHU_Mix_cities/potsdam/label/potsdam_794.tif
train,potsdam,whu_mix,potsdam_144.tif,0,0,0,0,512,512,0.00000000,data/raw/WHU_Mix_cities/potsdam/image/potsdam_144.tif,data/raw/WHU_Mix_cities/potsdam/label/potsdam_144.tif
train,potsdam,whu_mix,potsdam_915.tif,0,0,0,0,512,512,0.40609360,data/raw/WHU_Mix_cities/potsdam/image/potsdam_915.tif,data/raw/WHU_Mix_cities/potsdam/label/potsdam_915.tif
train,potsdam,whu_mix,potsdam_659.tif,0,0,0,0,512,512,0.20431137,data/raw/WHU_Mix_cities/potsdam/image/potsdam_659.tif,data/raw/WHU_Mix_cities/potsdam/label/potsdam_659.tif
train,potsdam,whu_mix,potsdam_526.tif,0,0,0,0,512,512,0.53631592,data/raw/WHU_Mix_cities/potsdam/image/potsdam_526.tif,data/raw/WHU_Mix_cities/potsdam/label/potsdam_526.tif
train,potsdam,whu_mix,potsdam_253.tif,0,0,0,0,512,512,0.10816956,data/raw/WHU_Mix_cities/potsdam/image/potsdam_253.tif,data/raw/WHU_Mix_cities/potsdam/label/potsdam_253.tif
train,potsdam,whu_mix,potsdam_243.tif,0,0,0,0,512,512,0.00000000,data/raw/WHU_Mix_cities/potsdam/image/potsdam_243.tif,data/raw/WHU_Mix_cities/potsdam/label/potsdam_243.tif
train,potsdam,whu_mix,potsdam_875.tif,0,0,0,0,512,512,0.03069687,data/raw/WHU_Mix_cities/potsdam/image/potsdam_875.tif,data/raw/WHU_Mix_cities/potsdam/label/potsdam_875.tif
train,potsdam,whu_mix,potsdam_1.tif,0,0,0,0,512,512,0.19240189,data/raw/WHU_Mix_cities/potsdam/image/potsdam_1.tif,data/raw/WHU_Mix_cities/potsdam/label/potsdam_1.tif
train,potsdam,whu_mix,potsdam_189.tif,0,0,0,0,512,512,0.00000000,data/raw/WHU_Mix_cities/potsdam/image/potsdam_189.tif,data/raw/WHU_Mix_cities/potsdam/label/potsdam_189.tif
train,potsdam,whu_mix,potsdam_577.tif,0,0,0,0,512,512,0.58339310,data/raw/WHU_Mix_cities/potsdam/image/potsdam_577.tif,data/raw/WHU_Mix_cities/potsdam/label/potsdam_577.tif
train,potsdam,whu_mix,potsdam_553.tif,0,0,0,0,512,512,0.49115372,data/raw/WHU_Mix_cities/potsdam/image/potsdam_553.tif,data/raw/WHU_Mix_cities/potsdam/label/potsdam_553.tif
train,potsdam,whu_mix,potsdam_469.tif,0,0,0,0,512,512,0.00987244,data/raw/WHU_Mix_cities/potsdam/image/potsdam_469.tif,data/raw/WHU_Mix_cities/potsdam/label/potsdam_469.tif
train,potsdam,whu_mix,potsdam_568.tif,0,0,0,0,512,512,0.65302277,data/raw/WHU_Mix_cities/potsdam/image/potsdam_568.tif,data/raw/WHU_Mix_cities/potsdam/label/potsdam_568.tif
train,potsdam,whu_mix,potsdam_401.tif,0,0,0,0,512,512,0.00955200,data/raw/WHU_Mix_cities/potsdam/image/potsdam_401.tif,data/raw/WHU_Mix_cities/potsdam/label/potsdam_401.tif
train,potsdam,whu_mix,potsdam_143.tif,0,0,0,0,512,512,0.01614380,data/raw/WHU_Mix_cities/potsdam/image/potsdam_143.tif,data/raw/WHU_Mix_cities/potsdam/label/potsdam_143.tif
train,potsdam,whu_mix,potsdam_723.tif,0,0,0,0,512,512,0.28891754,data/raw/WHU_Mix_cities/potsdam/image/potsdam_723.tif,data/raw/WHU_Mix_cities/potsdam/label/potsdam_723.tif
train,potsdam,whu_mix,potsdam_194.tif,0,0,0,0,512,512,0.01351547,data/raw/WHU_Mix_cities/potsdam/image/potsdam_194.tif,data/raw/WHU_Mix_cities/potsdam/label/potsdam_194.tif
train,potsdam,whu_mix,potsdam_1165.tif,0,0,0,0,512,512,0.44249344,data/raw/WHU_Mix_cities/potsdam/image/potsdam_1165.tif,data/raw/WHU_Mix_cities/potsdam/label/potsdam_1165.tif
train,potsdam,whu_mix,potsdam_864.tif,0,0,0,0,512,512,0.30889893,data/raw/WHU_Mix_cities/potsdam/image/potsdam_864.tif,data/raw/WHU_Mix_cities/potsdam/label/potsdam_864.tif
train,potsdam,whu_mix,potsdam_629.tif,0,0,0,0,512,512,0.12762833,data/raw/WHU_Mix_cities/potsdam/image/potsdam_629.tif,data/raw/WHU_Mix_cities/potsdam/label/potsdam_629.tif
train,potsdam,whu_mix,potsdam_1075.tif,0,0,0,0,512,512,0.14701462,data/raw/WHU_Mix_cities/potsdam/image/potsdam_1075.tif,data/raw/WHU_Mix_cities/potsdam/label/potsdam_1075.tif
train,potsdam,whu_mix,potsdam_782.tif,0,0,0,0,512,512,0.15492249,data/raw/WHU_Mix_cities/potsdam/image/potsdam_782.tif,data/raw/WHU_Mix_cities/potsdam/label/potsdam_782.tif
train,potsdam,whu_mix,potsdam_1096.tif,0,0,0,0,512,512,0.10284042,data/raw/WHU_Mix_cities/potsdam/image/potsdam_1096.tif,data/raw/WHU_Mix_cities/potsdam/label/potsdam_1096.tif
train,potsdam,whu_mix,potsdam_498.tif,0,0,0,0,512,512,0.21212769,data/raw/WHU_Mix_cities/potsdam/image/potsdam_498.tif,data/raw/WHU_Mix_cities/potsdam/label/potsdam_498.tif
train,potsdam,whu_mix,potsdam_571.tif,0,0,0,0,512,512,0.66576767,data/raw/WHU_Mix_cities/potsdam/image/potsdam_571.tif,data/raw/WHU_Mix_cities/potsdam/label/potsdam_571.tif
train,potsdam,whu_mix,potsdam_743.tif,0,0,0,0,512,512,0.44189072,data/raw/WHU_Mix_cities/potsdam/image/potsdam_743.tif,data/raw/WHU_Mix_cities/potsdam/label/potsdam_743.tif
train,potsdam,whu_mix,potsdam_102.tif,0,0,0,0,512,512,0.00000000,data/raw/WHU_Mix_cities/potsdam/image/potsdam_102.tif,data/raw/WHU_Mix_cities/potsdam/label/potsdam_102.tif
train,potsdam,whu_mix,potsdam_338.tif,0,0,0,0,512,512,0.11362457,data/raw/WHU_Mix_cities/potsdam/image/potsdam_338.tif,data/raw/WHU_Mix_cities/potsdam/label/potsdam_338.tif
train,potsdam,whu_mix,potsdam_268.tif,0,0,0,0,512,512,0.34012985,data/raw/WHU_Mix_cities/potsdam/image/potsdam_268.tif,data/raw/WHU_Mix_cities/potsdam/label/potsdam_268.tif
train,potsdam,whu_mix,potsdam_690.tif,0,0,0,0,512,512,0.08063126,data/raw/WHU_Mix_cities/potsdam/image/potsdam_690.tif,data/raw/WHU_Mix_cities/potsdam/label/potsdam_690.tif
train,potsdam,whu_mix,potsdam_1072.tif,0,0,0,0,512,512,0.00000000,data/raw/WHU_Mix_cities/potsdam/image/potsdam_1072.tif,data/raw/WHU_Mix_cities/potsdam/label/potsdam_1072.tif
train,potsdam,whu_mix,potsdam_851.tif,0,0,0,0,512,512,0.26796722,data/raw/WHU_Mix_cities/potsdam/image/potsdam_851.tif,data/raw/WHU_Mix_cities/potsdam/label/potsdam_851.tif
train,potsdam,whu_mix,potsdam_1015.tif,0,0,0,0,512,512,0.33771133,data/raw/WHU_Mix_cities/potsdam/image/potsdam_1015.tif,data/raw/WHU_Mix_cities/potsdam/label/potsdam_1015.tif
train,potsdam,whu_mix,potsdam_1104.tif,0,0,0,0,512,512,0.22832108,data/raw/WHU_Mix_cities/potsdam/image/potsdam_1104.tif,data/raw/WHU_Mix_cities/potsdam/label/potsdam_1104.tif
train,potsdam,whu_mix,potsdam_193.tif,0,0,0,0,512,512,0.07659149,data/raw/WHU_Mix_cities/potsdam/image/potsdam_193.tif,data/raw/WHU_Mix_cities/potsdam/label/potsdam_193.tif
train,potsdam,whu_mix,potsdam_233.tif,0,0,0,0,512,512,0.22325516,data/raw/WHU_Mix_cities/potsdam/image/potsdam_233.tif,data/raw/WHU_Mix_cities/potsdam/label/potsdam_233.tif
train,potsdam,whu_mix,potsdam_182.tif,0,0,0,0,512,512,0.20021057,data/raw/WHU_Mix_cities/potsdam/image/potsdam_182.tif,data/raw/WHU_Mix_cities/potsdam/label/potsdam_182.tif
train,potsdam,whu_mix,potsdam_176.tif,0,0,0,0,512,512,0.06406784,data/raw/WHU_Mix_cities/potsdam/image/potsdam_176.tif,data/raw/WHU_Mix_cities/potsdam/label/potsdam_176.tif
train,potsdam,whu_mix,potsdam_218.tif,0,0,0,0,512,512,0.23434067,data/raw/WHU_Mix_cities/potsdam/image/potsdam_218.tif,data/raw/WHU_Mix_cities/potsdam/label/potsdam_218.tif
train,potsdam,whu_mix,potsdam_963.tif,0,0,0,0,512,512,0.24489975,data/raw/WHU_Mix_cities/potsdam/image/potsdam_963.tif,data/raw/WHU_Mix_cities/potsdam/label/potsdam_963.tif
train,potsdam,whu_mix,potsdam_205.tif,0,0,0,0,512,512,0.27758408,data/raw/WHU_Mix_cities/potsdam/image/potsdam_205.tif,data/raw/WHU_Mix_cities/potsdam/label/potsdam_205.tif
train,potsdam,whu_mix,potsdam_709.tif,0,0,0,0,512,512,0.43479156,data/raw/WHU_Mix_cities/potsdam/image/potsdam_709.tif,data/raw/WHU_Mix_cities/potsdam/label/potsdam_709.tif
train,potsdam,whu_mix,potsdam_288.tif,0,0,0,0,512,512,0.31235504,data/raw/WHU_Mix_cities/potsdam/image/potsdam_288.tif,data/raw/WHU_Mix_cities/potsdam/label/potsdam_288.tif
train,potsdam,whu_mix,potsdam_949.tif,0,0,0,0,512,512,0.27088547,data/raw/WHU_Mix_cities/potsdam/image/potsdam_949.tif,data/raw/WHU_Mix_cities/potsdam/label/potsdam_949.tif
train,potsdam,whu_mix,potsdam_206.tif,0,0,0,0,512,512,0.25096130,data/raw/WHU_Mix_cities/potsdam/image/potsdam_206.tif,data/raw/WHU_Mix_cities/potsdam/label/potsdam_206.tif
train,potsdam,whu_mix,potsdam_1017.tif,0,0,0,0,512,512,0.00000000,data/raw/WHU_Mix_cities/potsdam/image/potsdam_1017.tif,data/raw/WHU_Mix_cities/potsdam/label/potsdam_1017.tif
train,potsdam,whu_mix,potsdam_541.tif,0,0,0,0,512,512,0.12931824,data/raw/WHU_Mix_cities/potsdam/image/potsdam_541.tif,data/raw/WHU_Mix_cities/potsdam/label/potsdam_541.tif
train,potsdam,whu_mix,potsdam_107.tif,0,0,0,0,512,512,0.23315811,data/raw/WHU_Mix_cities/potsdam/image/potsdam_107.tif,data/raw/WHU_Mix_cities/potsdam/label/potsdam_107.tif
train,potsdam,whu_mix,potsdam_448.tif,0,0,0,0,512,512,0.00000000,data/raw/WHU_Mix_cities/potsdam/image/potsdam_448.tif,data/raw/WHU_Mix_cities/potsdam/label/potsdam_448.tif
train,potsdam,whu_mix,potsdam_217.tif,0,0,0,0,512,512,0.00000000,data/raw/WHU_Mix_cities/potsdam/image/potsdam_217.tif,data/raw/WHU_Mix_cities/potsdam/label/potsdam_217.tif
train,potsdam,whu_mix,potsdam_1108.tif,0,0,0,0,512,512,0.26234055,data/raw/WHU_Mix_cities/potsdam/image/potsdam_1108.tif,data/raw/WHU_Mix_cities/potsdam/label/potsdam_1108.tif
train,potsdam,whu_mix,potsdam_65.tif,0,0,0,0,512,512,0.22923660,data/raw/WHU_Mix_cities/potsdam/image/potsdam_65.tif,data/raw/WHU_Mix_cities/potsdam/label/potsdam_65.tif
train,potsdam,whu_mix,potsdam_1084.tif,0,0,0,0,512,512,0.00000000,data/raw/WHU_Mix_cities/potsdam/image/potsdam_1084.tif,data/raw/WHU_Mix_cities/potsdam/label/potsdam_1084.tif
train,potsdam,whu_mix,potsdam_874.tif,0,0,0,0,512,512,0.09547043,data/raw/WHU_Mix_cities/potsdam/image/potsdam_874.tif,data/raw/WHU_Mix_cities/potsdam/label/potsdam_874.tif
train,potsdam,whu_mix,potsdam_727.tif,0,0,0,0,512,512,0.15422440,data/raw/WHU_Mix_cities/potsdam/image/potsdam_727.tif,data/raw/WHU_Mix_cities/potsdam/label/potsdam_727.tif
train,potsdam,whu_mix,potsdam_460.tif,0,0,0,0,512,512,0.24957657,data/raw/WHU_Mix_cities/potsdam/image/potsdam_460.tif,data/raw/WHU_Mix_cities/potsdam/label/potsdam_460.tif
train,potsdam,whu_mix,potsdam_201.tif,0,0,0,0,512,512,0.00000000,data/raw/WHU_Mix_cities/potsdam/image/potsdam_201.tif,data/raw/WHU_Mix_cities/potsdam/label/potsdam_201.tif
train,potsdam,whu_mix,potsdam_132.tif,0,0,0,0,512,512,0.00000000,data/raw/WHU_Mix_cities/potsdam/image/potsdam_132.tif,data/raw/WHU_Mix_cities/potsdam/label/potsdam_132.tif
train,potsdam,whu_mix,potsdam_28.tif,0,0,0,0,512,512,0.29989243,data/raw/WHU_Mix_cities/potsdam/image/potsdam_28.tif,data/raw/WHU_Mix_cities/potsdam/label/potsdam_28.tif
train,potsdam,whu_mix,potsdam_394.tif,0,0,0,0,512,512,0.18894958,data/raw/WHU_Mix_cities/potsdam/image/potsdam_394.tif,data/raw/WHU_Mix_cities/potsdam/label/potsdam_394.tif
train,potsdam,whu_mix,potsdam_603.tif,0,0,0,0,512,512,0.00463486,data/raw/WHU_Mix_cities/potsdam/image/potsdam_603.tif,data/raw/WHU_Mix_cities/potsdam/label/potsdam_603.tif
train,potsdam,whu_mix,potsdam_548.tif,0,0,0,0,512,512,0.42483521,data/raw/WHU_Mix_cities/potsdam/image/potsdam_548.tif,data/raw/WHU_Mix_cities/potsdam/label/potsdam_548.tif
train,potsdam,whu_mix,potsdam_525.tif,0,0,0,0,512,512,0.30680466,data/raw/WHU_Mix_cities/potsdam/image/potsdam_525.tif,data/raw/WHU_Mix_cities/potsdam/label/potsdam_525.tif
train,potsdam,whu_mix,potsdam_1037.tif,0,0,0,0,512,512,0.90473175,data/raw/WHU_Mix_cities/potsdam/image/potsdam_1037.tif,data/raw/WHU_Mix_cities/potsdam/label/potsdam_1037.tif
train,potsdam,whu_mix,potsdam_11.tif,0,0,0,0,512,512,0.31543732,data/raw/WHU_Mix_cities/potsdam/image/potsdam_11.tif,data/raw/WHU_Mix_cities/potsdam/label/potsdam_11.tif
train,potsdam,whu_mix,potsdam_930.tif,0,0,0,0,512,512,0.02019501,data/raw/WHU_Mix_cities/potsdam/image/potsdam_930.tif,data/raw/WHU_Mix_cities/potsdam/label/potsdam_930.tif
train,potsdam,whu_mix,potsdam_695.tif,0,0,0,0,512,512,0.12026215,data/raw/WHU_Mix_cities/potsdam/image/potsdam_695.tif,data/raw/WHU_Mix_cities/potsdam/label/potsdam_695.tif
train,potsdam,whu_mix,potsdam_199.tif,0,0,0,0,512,512,0.08786774,data/raw/WHU_Mix_cities/potsdam/image/potsdam_199.tif,data/raw/WHU_Mix_cities/potsdam/label/potsdam_199.tif
train,potsdam,whu_mix,potsdam_1063.tif,0,0,0,0,512,512,0.00000000,data/raw/WHU_Mix_cities/potsdam/image/potsdam_1063.tif,data/raw/WHU_Mix_cities/potsdam/label/potsdam_1063.tif
train,potsdam,whu_mix,potsdam_1000.tif,0,0,0,0,512,512,0.00000000,data/raw/WHU_Mix_cities/potsdam/image/potsdam_1000.tif,data/raw/WHU_Mix_cities/potsdam/label/potsdam_1000.tif
train,potsdam,whu_mix,potsdam_172.tif,0,0,0,0,512,512,0.00000000,data/raw/WHU_Mix_cities/potsdam/image/potsdam_172.tif,data/raw/WHU_Mix_cities/potsdam/label/potsdam_172.tif
train,potsdam,whu_mix,potsdam_310.tif,0,0,0,0,512,512,0.16503525,data/raw/WHU_Mix_cities/potsdam/image/potsdam_310.tif,data/raw/WHU_Mix_cities/potsdam/label/potsdam_310.tif
train,potsdam,whu_mix,potsdam_1008.tif,0,0,0,0,512,512,0.04966354,data/raw/WHU_Mix_cities/potsdam/image/potsdam_1008.tif,data/raw/WHU_Mix_cities/potsdam/label/potsdam_1008.tif
train,potsdam,whu_mix,potsdam_419.tif,0,0,0,0,512,512,0.07540894,data/raw/WHU_Mix_cities/potsdam/image/potsdam_419.tif,data/raw/WHU_Mix_cities/potsdam/label/potsdam_419.tif
train,potsdam,whu_mix,potsdam_901.tif,0,0,0,0,512,512,0.35692215,data/raw/WHU_Mix_cities/potsdam/image/potsdam_901.tif,data/raw/WHU_Mix_cities/potsdam/label/potsdam_901.tif
train,potsdam,whu_mix,potsdam_14.tif,0,0,0,0,512,512,0.10779572,data/raw/WHU_Mix_cities/potsdam/image/potsdam_14.tif,data/raw/WHU_Mix_cities/potsdam/label/potsdam_14.tif
train,potsdam,whu_mix,potsdam_1059.tif,0,0,0,0,512,512,0.31592178,data/raw/WHU_Mix_cities/potsdam/image/potsdam_1059.tif,data/raw/WHU_Mix_cities/potsdam/label/potsdam_1059.tif
train,potsdam,whu_mix,potsdam_530.tif,0,0,0,0,512,512,0.46932602,data/raw/WHU_Mix_cities/potsdam/image/potsdam_530.tif,data/raw/WHU_Mix_cities/potsdam/label/potsdam_530.tif
train,potsdam,whu_mix,potsdam_135.tif,0,0,0,0,512,512,0.00000000,data/raw/WHU_Mix_cities/potsdam/image/potsdam_135.tif,data/raw/WHU_Mix_cities/potsdam/label/potsdam_135.tif
train,potsdam,whu_mix,potsdam_483.tif,0,0,0,0,512,512,0.20501709,data/raw/WHU_Mix_cities/potsdam/image/potsdam_483.tif,data/raw/WHU_Mix_cities/potsdam/label/potsdam_483.tif
train,potsdam,whu_mix,potsdam_928.tif,0,0,0,0,512,512,0.23902893,data/raw/WHU_Mix_cities/potsdam/image/potsdam_928.tif,data/raw/WHU_Mix_cities/potsdam/label/potsdam_928.tif
train,potsdam,whu_mix,potsdam_181.tif,0,0,0,0,512,512,0.10483932,data/raw/WHU_Mix_cities/potsdam/image/potsdam_181.tif,data/raw/WHU_Mix_cities/potsdam/label/potsdam_181.tif
train,potsdam,whu_mix,potsdam_602.tif,0,0,0,0,512,512,0.00000000,data/raw/WHU_Mix_cities/potsdam/image/potsdam_602.tif,data/raw/WHU_Mix_cities/potsdam/label/potsdam_602.tif
train,potsdam,whu_mix,potsdam_317.tif,0,0,0,0,512,512,0.10171127,data/raw/WHU_Mix_cities/potsdam/image/potsdam_317.tif,data/raw/WHU_Mix_cities/potsdam/label/potsdam_317.tif
train,potsdam,whu_mix,potsdam_1133.tif,0,0,0,0,512,512,0.09225464,data/raw/WHU_Mix_cities/potsdam/image/potsdam_1133.tif,data/raw/WHU_Mix_cities/potsdam/label/potsdam_1133.tif
train,potsdam,whu_mix,potsdam_46.tif,0,0,0,0,512,512,0.01969910,data/raw/WHU_Mix_cities/potsdam/image/potsdam_46.tif,data/raw/WHU_Mix_cities/potsdam/label/potsdam_46.tif
train,potsdam,whu_mix,potsdam_39.tif,0,0,0,0,512,512,0.24936295,data/raw/WHU_Mix_cities/potsdam/image/potsdam_39.tif,data/raw/WHU_Mix_cities/potsdam/label/potsdam_39.tif
train,potsdam,whu_mix,potsdam_231.tif,0,0,0,0,512,512,0.18212128,data/raw/WHU_Mix_cities/potsdam/image/potsdam_231.tif,data/raw/WHU_Mix_cities/potsdam/label/potsdam_231.tif
train,potsdam,whu_mix,potsdam_314.tif,0,0,0,0,512,512,0.11402130,data/raw/WHU_Mix_cities/potsdam/image/potsdam_314.tif,data/raw/WHU_Mix_cities/potsdam/label/potsdam_314.tif
train,potsdam,whu_mix,potsdam_250.tif,0,0,0,0,512,512,0.00360870,data/raw/WHU_Mix_cities/potsdam/image/potsdam_250.tif,data/raw/WHU_Mix_cities/potsdam/label/potsdam_250.tif
train,potsdam,whu_mix,potsdam_309.tif,0,0,0,0,512,512,0.26474380,data/raw/WHU_Mix_cities/potsdam/image/potsdam_309.tif,data/raw/WHU_Mix_cities/potsdam/label/potsdam_309.tif
train,potsdam,whu_mix,potsdam_776.tif,0,0,0,0,512,512,0.00000000,data/raw/WHU_Mix_cities/potsdam/image/potsdam_776.tif,data/raw/WHU_Mix_cities/potsdam/label/potsdam_776.tif
train,potsdam,whu_mix,potsdam_458.tif,0,0,0,0,512,512,0.13690567,data/raw/WHU_Mix_cities/potsdam/image/potsdam_458.tif,data/raw/WHU_Mix_cities/potsdam/label/potsdam_458.tif
train,potsdam,whu_mix,potsdam_877.tif,0,0,0,0,512,512,0.27472687,data/raw/WHU_Mix_cities/potsdam/image/potsdam_877.tif,data/raw/WHU_Mix_cities/potsdam/label/potsdam_877.tif
train,potsdam,whu_mix,potsdam_917.tif,0,0,0,0,512,512,0.36474228,data/raw/WHU_Mix_cities/potsdam/image/potsdam_917.tif,data/raw/WHU_Mix_cities/potsdam/label/potsdam_917.tif
train,potsdam,whu_mix,potsdam_492.tif,0,0,0,0,512,512,0.22634506,data/raw/WHU_Mix_cities/potsdam/image/potsdam_492.tif,data/raw/WHU_Mix_cities/potsdam/label/potsdam_492.tif
train,potsdam,whu_mix,potsdam_845.tif,0,0,0,0,512,512,0.29455185,data/raw/WHU_Mix_cities/potsdam/image/potsdam_845.tif,data/raw/WHU_Mix_cities/potsdam/label/potsdam_845.tif
train,potsdam,whu_mix,potsdam_601.tif,0,0,0,0,512,512,0.02514267,data/raw/WHU_Mix_cities/potsdam/image/potsdam_601.tif,data/raw/WHU_Mix_cities/potsdam/label/potsdam_601.tif
train,potsdam,whu_mix,potsdam_347.tif,0,0,0,0,512,512,0.00000000,data/raw/WHU_Mix_cities/potsdam/image/potsdam_347.tif,data/raw/WHU_Mix_cities/potsdam/label/potsdam_347.tif
train,potsdam,whu_mix,potsdam_895.tif,0,0,0,0,512,512,0.13345337,data/raw/WHU_Mix_cities/potsdam/image/potsdam_895.tif,data/raw/WHU_Mix_cities/potsdam/label/potsdam_895.tif
train,potsdam,whu_mix,potsdam_1013.tif,0,0,0,0,512,512,0.00000000,data/raw/WHU_Mix_cities/potsdam/image/potsdam_1013.tif,data/raw/WHU_Mix_cities/potsdam/label/potsdam_1013.tif
train,potsdam,whu_mix,potsdam_524.tif,0,0,0,0,512,512,0.20043564,data/raw/WHU_Mix_cities/potsdam/image/potsdam_524.tif,data/raw/WHU_Mix_cities/potsdam/label/potsdam_524.tif
train,potsdam,whu_mix,potsdam_488.tif,0,0,0,0,512,512,0.24151230,data/raw/WHU_Mix_cities/potsdam/image/potsdam_488.tif,data/raw/WHU_Mix_cities/potsdam/label/potsdam_488.tif
train,potsdam,whu_mix,potsdam_494.tif,0,0,0,0,512,512,0.51089478,data/raw/WHU_Mix_cities/potsdam/image/potsdam_494.tif,data/raw/WHU_Mix_cities/potsdam/label/potsdam_494.tif
train,potsdam,whu_mix,potsdam_606.tif,0,0,0,0,512,512,0.02356720,data/raw/WHU_Mix_cities/potsdam/image/potsdam_606.tif,data/raw/WHU_Mix_cities/potsdam/label/potsdam_606.tif
train,potsdam,whu_mix,potsdam_1087.tif,0,0,0,0,512,512,0.36986542,data/raw/WHU_Mix_cities/potsdam/image/potsdam_1087.tif,data/raw/WHU_Mix_cities/potsdam/label/potsdam_1087.tif
train,potsdam,whu_mix,potsdam_1135.tif,0,0,0,0,512,512,0.02164078,data/raw/WHU_Mix_cities/potsdam/image/potsdam_1135.tif,data/raw/WHU_Mix_cities/potsdam/label/potsdam_1135.tif
train,potsdam,whu_mix,potsdam_748.tif,0,0,0,0,512,512,0.25147247,data/raw/WHU_Mix_cities/potsdam/image/potsdam_748.tif,data/raw/WHU_Mix_cities/potsdam/label/potsdam_748.tif
train,potsdam,whu_mix,potsdam_221.tif,0,0,0,0,512,512,0.25365067,data/raw/WHU_Mix_cities/potsdam/image/potsdam_221.tif,data/raw/WHU_Mix_cities/potsdam/label/potsdam_221.tif
train,potsdam,whu_mix,potsdam_615.tif,0,0,0,0,512,512,0.04618454,data/raw/WHU_Mix_cities/potsdam/image/potsdam_615.tif,data/raw/WHU_Mix_cities/potsdam/label/potsdam_615.tif
train,potsdam,whu_mix,potsdam_767.tif,0,0,0,0,512,512,0.17169189,data/raw/WHU_Mix_cities/potsdam/image/potsdam_767.tif,data/raw/WHU_Mix_cities/potsdam/label/potsdam_767.tif
train,potsdam,whu_mix,potsdam_1085.tif,0,0,0,0,512,512,0.21461868,data/raw/WHU_Mix_cities/potsdam/image/potsdam_1085.tif,data/raw/WHU_Mix_cities/potsdam/label/potsdam_1085.tif
train,potsdam,whu_mix,potsdam_93.tif,0,0,0,0,512,512,0.08501053,data/raw/WHU_Mix_cities/potsdam/image/potsdam_93.tif,data/raw/WHU_Mix_cities/potsdam/label/potsdam_93.tif
train,potsdam,whu_mix,potsdam_388.tif,0,0,0,0,512,512,0.07596970,data/raw/WHU_Mix_cities/potsdam/image/potsdam_388.tif,data/raw/WHU_Mix_cities/potsdam/label/potsdam_388.tif
train,potsdam,whu_mix,potsdam_849.tif,0,0,0,0,512,512,0.47044754,data/raw/WHU_Mix_cities/potsdam/image/potsdam_849.tif,data/raw/WHU_Mix_cities/potsdam/label/potsdam_849.tif
train,potsdam,whu_mix,potsdam_403.tif,0,0,0,0,512,512,0.40134811,data/raw/WHU_Mix_cities/potsdam/image/potsdam_403.tif,data/raw/WHU_Mix_cities/potsdam/label/potsdam_403.tif
train,potsdam,whu_mix,potsdam_908.tif,0,0,0,0,512,512,0.12070084,data/raw/WHU_Mix_cities/potsdam/image/potsdam_908.tif,data/raw/WHU_Mix_cities/potsdam/label/potsdam_908.tif
train,potsdam,whu_mix,potsdam_680.tif,0,0,0,0,512,512,0.16924286,data/raw/WHU_Mix_cities/potsdam/image/potsdam_680.tif,data/raw/WHU_Mix_cities/potsdam/label/potsdam_680.tif
train,potsdam,whu_mix,potsdam_1027.tif,0,0,0,0,512,512,0.00000000,data/raw/WHU_Mix_cities/potsdam/image/potsdam_1027.tif,data/raw/WHU_Mix_cities/potsdam/label/potsdam_1027.tif
train,potsdam,whu_mix,potsdam_186.tif,0,0,0,0,512,512,0.25551224,data/raw/WHU_Mix_cities/potsdam/image/potsdam_186.tif,data/raw/WHU_Mix_cities/potsdam/label/potsdam_186.tif
train,potsdam,whu_mix,potsdam_1060.tif,0,0,0,0,512,512,0.00000000,data/raw/WHU_Mix_cities/potsdam/image/potsdam_1060.tif,data/raw/WHU_Mix_cities/potsdam/label/potsdam_1060.tif
train,potsdam,whu_mix,potsdam_174.tif,0,0,0,0,512,512,0.01815796,data/raw/WHU_Mix_cities/potsdam/image/potsdam_174.tif,data/raw/WHU_Mix_cities/potsdam/label/potsdam_174.tif
train,potsdam,whu_mix,potsdam_688.tif,0,0,0,0,512,512,0.02804184,data/raw/WHU_Mix_cities/potsdam/image/potsdam_688.tif,data/raw/WHU_Mix_cities/potsdam/label/potsdam_688.tif
train,potsdam,whu_mix,potsdam_1129.tif,0,0,0,0,512,512,0.06950378,data/raw/WHU_Mix_cities/potsdam/image/potsdam_1129.tif,data/raw/WHU_Mix_cities/potsdam/label/potsdam_1129.tif
train,potsdam,whu_mix,potsdam_678.tif,0,0,0,0,512,512,0.00000000,data/raw/WHU_Mix_cities/potsdam/image/potsdam_678.tif,data/raw/WHU_Mix_cities/potsdam/label/potsdam_678.tif
train,potsdam,whu_mix,potsdam_453.tif,0,0,0,0,512,512,0.24375534,data/raw/WHU_Mix_cities/potsdam/image/potsdam_453.tif,data/raw/WHU_Mix_cities/potsdam/label/potsdam_453.tif
train,potsdam,whu_mix,potsdam_491.tif,0,0,0,0,512,512,0.23077393,data/raw/WHU_Mix_cities/potsdam/image/potsdam_491.tif,data/raw/WHU_Mix_cities/potsdam/label/potsdam_491.tif
train,potsdam,whu_mix,potsdam_272.tif,0,0,0,0,512,512,0.07966614,data/raw/WHU_Mix_cities/potsdam/image/potsdam_272.tif,data/raw/WHU_Mix_cities/potsdam/label/potsdam_272.tif
train,potsdam,whu_mix,potsdam_831.tif,0,0,0,0,512,512,0.06729507,data/raw/WHU_Mix_cities/potsdam/image/potsdam_831.tif,data/raw/WHU_Mix_cities/potsdam/label/potsdam_831.tif
train,potsdam,whu_mix,potsdam_518.tif,0,0,0,0,512,512,0.55246353,data/raw/WHU_Mix_cities/potsdam/image/potsdam_518.tif,data/raw/WHU_Mix_cities/potsdam/label/potsdam_518.tif
train,potsdam,whu_mix,potsdam_407.tif,0,0,0,0,512,512,0.21364594,data/raw/WHU_Mix_cities/potsdam/image/potsdam_407.tif,data/raw/WHU_Mix_cities/potsdam/label/potsdam_407.tif
train,potsdam,whu_mix,potsdam_1174.tif,0,0,0,0,512,512,0.09873199,data/raw/WHU_Mix_cities/potsdam/image/potsdam_1174.tif,data/raw/WHU_Mix_cities/potsdam/label/potsdam_1174.tif
train,potsdam,whu_mix,potsdam_278.tif,0,0,0,0,512,512,0.31265259,data/raw/WHU_Mix_cities/potsdam/image/potsdam_278.tif,data/raw/WHU_Mix_cities/potsdam/label/potsdam_278.tif
train,potsdam,whu_mix,potsdam_1081.tif,0,0,0,0,512,512,0.30432892,data/raw/WHU_Mix_cities/potsdam/image/potsdam_1081.tif,data/raw/WHU_Mix_cities/potsdam/label/potsdam_1081.tif
train,potsdam,whu_mix,potsdam_559.tif,0,0,0,0,512,512,0.09073257,data/raw/WHU_Mix_cities/potsdam/image/potsdam_559.tif,data/raw/WHU_Mix_cities/potsdam/label/potsdam_559.tif
train,potsdam,whu_mix,potsdam_215.tif,0,0,0,0,512,512,0.28579712,data/raw/WHU_Mix_cities/potsdam/image/potsdam_215.tif,data/raw/WHU_Mix_cities/potsdam/label/potsdam_215.tif
train,potsdam,whu_mix,potsdam_104.tif,0,0,0,0,512,512,0.07846069,data/raw/WHU_Mix_cities/potsdam/image/potsdam_104.tif,data/raw/WHU_Mix_cities/potsdam/label/potsdam_104.tif
train,potsdam,whu_mix,potsdam_1164.tif,0,0,0,0,512,512,0.31394577,data/raw/WHU_Mix_cities/potsdam/image/potsdam_1164.tif,data/raw/WHU_Mix_cities/potsdam/label/potsdam_1164.tif
train,potsdam,whu_mix,potsdam_714.tif,0,0,0,0,512,512,0.27679062,data/raw/WHU_Mix_cities/potsdam/image/potsdam_714.tif,data/raw/WHU_Mix_cities/potsdam/label/potsdam_714.tif
train,potsdam,whu_mix,potsdam_983.tif,0,0,0,0,512,512,0.20731354,data/raw/WHU_Mix_cities/potsdam/image/potsdam_983.tif,data/raw/WHU_Mix_cities/potsdam/label/potsdam_983.tif
train,potsdam,whu_mix,potsdam_872.tif,0,0,0,0,512,512,0.21443558,data/raw/WHU_Mix_cities/potsdam/image/potsdam_872.tif,data/raw/WHU_Mix_cities/potsdam/label/potsdam_872.tif
train,potsdam,whu_mix,potsdam_745.tif,0,0,0,0,512,512,0.00765228,data/raw/WHU_Mix_cities/potsdam/image/potsdam_745.tif,data/raw/WHU_Mix_cities/potsdam/label/potsdam_745.tif
train,potsdam,whu_mix,potsdam_570.tif,0,0,0,0,512,512,0.49944305,data/raw/WHU_Mix_cities/potsdam/image/potsdam_570.tif,data/raw/WHU_Mix_cities/potsdam/label/potsdam_570.tif
train,potsdam,whu_mix,potsdam_742.tif,0,0,0,0,512,512,0.26569748,data/raw/WHU_Mix_cities/potsdam/image/potsdam_742.tif,data/raw/WHU_Mix_cities/potsdam/label/potsdam_742.tif
train,potsdam,whu_mix,potsdam_839.tif,0,0,0,0,512,512,0.17560577,data/raw/WHU_Mix_cities/potsdam/image/potsdam_839.tif,data/raw/WHU_Mix_cities/potsdam/label/potsdam_839.tif
train,potsdam,whu_mix,potsdam_466.tif,0,0,0,0,512,512,0.14839172,data/raw/WHU_Mix_cities/potsdam/image/potsdam_466.tif,data/raw/WHU_Mix_cities/potsdam/label/potsdam_466.tif
train,potsdam,whu_mix,potsdam_163.tif,0,0,0,0,512,512,0.00000000,data/raw/WHU_Mix_cities/potsdam/image/potsdam_163.tif,data/raw/WHU_Mix_cities/potsdam/label/potsdam_163.tif
train,potsdam,whu_mix,potsdam_210.tif,0,0,0,0,512,512,0.00000000,data/raw/WHU_Mix_cities/potsdam/image/potsdam_210.tif,data/raw/WHU_Mix_cities/potsdam/label/potsdam_210.tif
train,potsdam,whu_mix,potsdam_1150.tif,0,0,0,0,512,512,0.27644348,data/raw/WHU_Mix_cities/potsdam/image/potsdam_1150.tif,data/raw/WHU_Mix_cities/potsdam/label/potsdam_1150.tif
train,potsdam,whu_mix,potsdam_213.tif,0,0,0,0,512,512,0.01886749,data/raw/WHU_Mix_cities/potsdam/image/potsdam_213.tif,data/raw/WHU_Mix_cities/potsdam/label/potsdam_213.tif
train,potsdam,whu_mix,potsdam_154.tif,0,0,0,0,512,512,0.05410767,data/raw/WHU_Mix_cities/potsdam/image/potsdam_154.tif,data/raw/WHU_Mix_cities/potsdam/label/potsdam_154.tif
train,potsdam,whu_mix,potsdam_972.tif,0,0,0,0,512,512,0.00368881,data/raw/WHU_Mix_cities/potsdam/image/potsdam_972.tif,data/raw/WHU_Mix_cities/potsdam/label/potsdam_972.tif
train,potsdam,whu_mix,potsdam_1018.tif,0,0,0,0,512,512,0.00000000,data/raw/WHU_Mix_cities/potsdam/image/potsdam_1018.tif,data/raw/WHU_Mix_cities/potsdam/label/potsdam_1018.tif
train,potsdam,whu_mix,potsdam_1112.tif,0,0,0,0,512,512,0.28247833,data/raw/WHU_Mix_cities/potsdam/image/potsdam_1112.tif,data/raw/WHU_Mix_cities/potsdam/label/potsdam_1112.tif
train,potsdam,whu_mix,potsdam_1137.tif,0,0,0,0,512,512,0.25230026,data/raw/WHU_Mix_cities/potsdam/image/potsdam_1137.tif,data/raw/WHU_Mix_cities/potsdam/label/potsdam_1137.tif
train,potsdam,whu_mix,potsdam_1004.tif,0,0,0,0,512,512,0.28294373,data/raw/WHU_Mix_cities/potsdam/image/potsdam_1004.tif,data/raw/WHU_Mix_cities/potsdam/label/potsdam_1004.tif
train,potsdam,whu_mix,potsdam_1032.tif,0,0,0,0,512,512,0.31745529,data/raw/WHU_Mix_cities/potsdam/image/potsdam_1032.tif,data/raw/WHU_Mix_cities/potsdam/label/potsdam_1032.tif
train,potsdam,whu_mix,potsdam_262.tif,0,0,0,0,512,512,0.18153000,data/raw/WHU_Mix_cities/potsdam/image/potsdam_262.tif,data/raw/WHU_Mix_cities/potsdam/label/potsdam_262.tif
train,potsdam,whu_mix,potsdam_464.tif,0,0,0,0,512,512,0.12934494,data/raw/WHU_Mix_cities/potsdam/image/potsdam_464.tif,data/raw/WHU_Mix_cities/potsdam/label/potsdam_464.tif
train,potsdam,whu_mix,potsdam_777.tif,0,0,0,0,512,512,0.08719254,data/raw/WHU_Mix_cities/potsdam/image/potsdam_777.tif,data/raw/WHU_Mix_cities/potsdam/label/potsdam_777.tif
train,potsdam,whu_mix,potsdam_196.tif,0,0,0,0,512,512,0.17729950,data/raw/WHU_Mix_cities/potsdam/image/potsdam_196.tif,data/raw/WHU_Mix_cities/potsdam/label/potsdam_196.tif
train,potsdam,whu_mix,potsdam_109.tif,0,0,0,0,512,512,0.00000000,data/raw/WHU_Mix_cities/potsdam/image/potsdam_109.tif,data/raw/WHU_Mix_cities/potsdam/label/potsdam_109.tif
train,potsdam,whu_mix,potsdam_97.tif,0,0,0,0,512,512,0.01736450,data/raw/WHU_Mix_cities/potsdam/image/potsdam_97.tif,data/raw/WHU_Mix_cities/potsdam/label/potsdam_97.tif
train,potsdam,whu_mix,potsdam_867.tif,0,0,0,0,512,512,0.00000000,data/raw/WHU_Mix_cities/potsdam/image/potsdam_867.tif,data/raw/WHU_Mix_cities/potsdam/label/potsdam_867.tif
train,potsdam,whu_mix,potsdam_168.tif,0,0,0,0,512,512,0.00000000,data/raw/WHU_Mix_cities/potsdam/image/potsdam_168.tif,data/raw/WHU_Mix_cities/potsdam/label/potsdam_168.tif
train,potsdam,whu_mix,potsdam_251.tif,0,0,0,0,512,512,0.04262543,data/raw/WHU_Mix_cities/potsdam/image/potsdam_251.tif,data/raw/WHU_Mix_cities/potsdam/label/potsdam_251.tif
train,potsdam,whu_mix,potsdam_148.tif,0,0,0,0,512,512,0.35403824,data/raw/WHU_Mix_cities/potsdam/image/potsdam_148.tif,data/raw/WHU_Mix_cities/potsdam/label/potsdam_148.tif
train,potsdam,whu_mix,potsdam_40.tif,0,0,0,0,512,512,0.00000000,data/raw/WHU_Mix_cities/potsdam/image/potsdam_40.tif,data/raw/WHU_Mix_cities/potsdam/label/potsdam_40.tif
train,potsdam,whu_mix,potsdam_117.tif,0,0,0,0,512,512,0.00000000,data/raw/WHU_Mix_cities/potsdam/image/potsdam_117.tif,data/raw/WHU_Mix_cities/potsdam/label/potsdam_117.tif
train,potsdam,whu_mix,potsdam_441.tif,0,0,0,0,512,512,0.08159256,data/raw/WHU_Mix_cities/potsdam/image/potsdam_441.tif,data/raw/WHU_Mix_cities/potsdam/label/potsdam_441.tif
train,potsdam,whu_mix,potsdam_859.tif,0,0,0,0,512,512,0.27519989,data/raw/WHU_Mix_cities/potsdam/image/potsdam_859.tif,data/raw/WHU_Mix_cities/potsdam/label/potsdam_859.tif
train,potsdam,whu_mix,potsdam_224.tif,0,0,0,0,512,512,0.16907501,data/raw/WHU_Mix_cities/potsdam/image/potsdam_224.tif,data/raw/WHU_Mix_cities/potsdam/label/potsdam_224.tif
train,potsdam,whu_mix,potsdam_641.tif,0,0,0,0,512,512,0.00000000,data/raw/WHU_Mix_cities/potsdam/image/potsdam_641.tif,data/raw/WHU_Mix_cities/potsdam/label/potsdam_641.tif
train,potsdam,whu_mix,potsdam_894.tif,0,0,0,0,512,512,0.12082672,data/raw/WHU_Mix_cities/potsdam/image/potsdam_894.tif,data/raw/WHU_Mix_cities/potsdam/label/potsdam_894.tif
train,potsdam,whu_mix,potsdam_708.tif,0,0,0,0,512,512,0.44050598,data/raw/WHU_Mix_cities/potsdam/image/potsdam_708.tif,data/raw/WHU_Mix_cities/potsdam/label/potsdam_708.tif
train,potsdam,whu_mix,potsdam_52.tif,0,0,0,0,512,512,0.00000000,data/raw/WHU_Mix_cities/potsdam/image/potsdam_52.tif,data/raw/WHU_Mix_cities/potsdam/label/potsdam_52.tif
train,potsdam,whu_mix,potsdam_1127.tif,0,0,0,0,512,512,0.00000000,data/raw/WHU_Mix_cities/potsdam/image/potsdam_1127.tif,data/raw/WHU_Mix_cities/potsdam/label/potsdam_1127.tif
train,potsdam,whu_mix,potsdam_1058.tif,0,0,0,0,512,512,0.16598129,data/raw/WHU_Mix_cities/potsdam/image/potsdam_1058.tif,data/raw/WHU_Mix_cities/potsdam/label/potsdam_1058.tif
train,potsdam,whu_mix,potsdam_147.tif,0,0,0,0,512,512,0.32604980,data/raw/WHU_Mix_cities/potsdam/image/potsdam_147.tif,data/raw/WHU_Mix_cities/potsdam/label/potsdam_147.tif
train,potsdam,whu_mix,potsdam_489.tif,0,0,0,0,512,512,0.11603928,data/raw/WHU_Mix_cities/potsdam/image/potsdam_489.tif,data/raw/WHU_Mix_cities/potsdam/label/potsdam_489.tif
train,potsdam,whu_mix,potsdam_1126.tif,0,0,0,0,512,512,0.10646820,data/raw/WHU_Mix_cities/potsdam/image/potsdam_1126.tif,data/raw/WHU_Mix_cities/potsdam/label/potsdam_1126.tif
train,potsdam,whu_mix,potsdam_808.tif,0,0,0,0,512,512,0.25640488,data/raw/WHU_Mix_cities/potsdam/image/potsdam_808.tif,data/raw/WHU_Mix_cities/potsdam/label/potsdam_808.tif
train,potsdam,whu_mix,potsdam_350.tif,0,0,0,0,512,512,0.40528107,data/raw/WHU_Mix_cities/potsdam/image/potsdam_350.tif,data/raw/WHU_Mix_cities/potsdam/label/potsdam_350.tif
train,potsdam,whu_mix,potsdam_1156.tif,0,0,0,0,512,512,0.37288666,data/raw/WHU_Mix_cities/potsdam/image/potsdam_1156.tif,data/raw/WHU_Mix_cities/potsdam/label/potsdam_1156.tif
train,potsdam,whu_mix,potsdam_863.tif,0,0,0,0,512,512,0.18038559,data/raw/WHU_Mix_cities/potsdam/image/potsdam_863.tif,data/raw/WHU_Mix_cities/potsdam/label/potsdam_863.tif
train,potsdam,whu_mix,potsdam_1098.tif,0,0,0,0,512,512,0.17193604,data/raw/WHU_Mix_cities/potsdam/image/potsdam_1098.tif,data/raw/WHU_Mix_cities/potsdam/label/potsdam_1098.tif
train,potsdam,whu_mix,potsdam_214.tif,0,0,0,0,512,512,0.42099762,data/raw/WHU_Mix_cities/potsdam/image/potsdam_214.tif,data/raw/WHU_Mix_cities/potsdam/label/potsdam_214.tif
train,potsdam,whu_mix,potsdam_873.tif,0,0,0,0,512,512,0.51454926,data/raw/WHU_Mix_cities/potsdam/image/potsdam_873.tif,data/raw/WHU_Mix_cities/potsdam/label/potsdam_873.tif
train,potsdam,whu_mix,potsdam_411.tif,0,0,0,0,512,512,0.16672134,data/raw/WHU_Mix_cities/potsdam/image/potsdam_411.tif,data/raw/WHU_Mix_cities/potsdam/label/potsdam_411.tif
train,potsdam,whu_mix,potsdam_911.tif,0,0,0,0,512,512,0.48344803,data/raw/WHU_Mix_cities/potsdam/image/potsdam_911.tif,data/raw/WHU_Mix_cities/potsdam/label/potsdam_911.tif
train,potsdam,whu_mix,potsdam_449.tif,0,0,0,0,512,512,0.00000000,data/raw/WHU_Mix_cities/potsdam/image/potsdam_449.tif,data/raw/WHU_Mix_cities/potsdam/label/potsdam_449.tif
train,potsdam,whu_mix,potsdam_852.tif,0,0,0,0,512,512,0.42509079,data/raw/WHU_Mix_cities/potsdam/image/potsdam_852.tif,data/raw/WHU_Mix_cities/potsdam/label/potsdam_852.tif
train,potsdam,whu_mix,potsdam_1010.tif,0,0,0,0,512,512,0.26916885,data/raw/WHU_Mix_cities/potsdam/image/potsdam_1010.tif,data/raw/WHU_Mix_cities/potsdam/label/potsdam_1010.tif
train,potsdam,whu_mix,potsdam_868.tif,0,0,0,0,512,512,0.39312744,data/raw/WHU_Mix_cities/potsdam/image/potsdam_868.tif,data/raw/WHU_Mix_cities/potsdam/label/potsdam_868.tif
train,potsdam,whu_mix,potsdam_772.tif,0,0,0,0,512,512,0.17869949,data/raw/WHU_Mix_cities/potsdam/image/potsdam_772.tif,data/raw/WHU_Mix_cities/potsdam/label/potsdam_772.tif
train,potsdam,whu_mix,potsdam_86.tif,0,0,0,0,512,512,0.21893311,data/raw/WHU_Mix_cities/potsdam/image/potsdam_86.tif,data/raw/WHU_Mix_cities/potsdam/label/potsdam_86.tif
train,potsdam,whu_mix,potsdam_384.tif,0,0,0,0,512,512,0.21195602,data/raw/WHU_Mix_cities/potsdam/image/potsdam_384.tif,data/raw/WHU_Mix_cities/potsdam/label/potsdam_384.tif
train,potsdam,whu_mix,potsdam_706.tif,0,0,0,0,512,512,0.15717697,data/raw/WHU_Mix_cities/potsdam/image/potsdam_706.tif,data/raw/WHU_Mix_cities/potsdam/label/potsdam_706.tif
train,potsdam,whu_mix,potsdam_522.tif,0,0,0,0,512,512,0.36124802,data/raw/WHU_Mix_cities/potsdam/image/potsdam_522.tif,data/raw/WHU_Mix_cities/potsdam/label/potsdam_522.tif
train,potsdam,whu_mix,potsdam_1130.tif,0,0,0,0,512,512,0.14931870,data/raw/WHU_Mix_cities/potsdam/image/potsdam_1130.tif,data/raw/WHU_Mix_cities/potsdam/label/potsdam_1130.tif
train,potsdam,whu_mix,potsdam_1042.tif,0,0,0,0,512,512,0.00000000,data/raw/WHU_Mix_cities/potsdam/image/potsdam_1042.tif,data/raw/WHU_Mix_cities/potsdam/label/potsdam_1042.tif
train,potsdam,whu_mix,potsdam_298.tif,0,0,0,0,512,512,0.28503799,data/raw/WHU_Mix_cities/potsdam/image/potsdam_298.tif,data/raw/WHU_Mix_cities/potsdam/label/potsdam_298.tif
train,potsdam,whu_mix,potsdam_950.tif,0,0,0,0,512,512,0.35383987,data/raw/WHU_Mix_cities/potsdam/image/potsdam_950.tif,data/raw/WHU_Mix_cities/potsdam/label/potsdam_950.tif
train,potsdam,whu_mix,potsdam_113.tif,0,0,0,0,512,512,0.00000000,data/raw/WHU_Mix_cities/potsdam/image/potsdam_113.tif,data/raw/WHU_Mix_cities/potsdam/label/potsdam_113.tif
train,potsdam,whu_mix,potsdam_510.tif,0,0,0,0,512,512,0.40667725,data/raw/WHU_Mix_cities/potsdam/image/potsdam_510.tif,data/raw/WHU_Mix_cities/potsdam/label/potsdam_510.tif
train,potsdam,whu_mix,potsdam_1168.tif,0,0,0,0,512,512,0.04789352,data/raw/WHU_Mix_cities/potsdam/image/potsdam_1168.tif,data/raw/WHU_Mix_cities/potsdam/label/potsdam_1168.tif
train,potsdam,whu_mix,potsdam_962.tif,0,0,0,0,512,512,0.43243027,data/raw/WHU_Mix_cities/potsdam/image/potsdam_962.tif,data/raw/WHU_Mix_cities/potsdam/label/potsdam_962.tif
train,potsdam,whu_mix,potsdam_626.tif,0,0,0,0,512,512,0.47190857,data/raw/WHU_Mix_cities/potsdam/image/potsdam_626.tif,data/raw/WHU_Mix_cities/potsdam/label/potsdam_626.tif
train,potsdam,whu_mix,potsdam_396.tif,0,0,0,0,512,512,0.42021942,data/raw/WHU_Mix_cities/potsdam/image/potsdam_396.tif,data/raw/WHU_Mix_cities/potsdam/label/potsdam_396.tif
train,potsdam,whu_mix,potsdam_819.tif,0,0,0,0,512,512,0.00000000,data/raw/WHU_Mix_cities/potsdam/image/potsdam_819.tif,data/raw/WHU_Mix_cities/potsdam/label/potsdam_819.tif
train,potsdam,whu_mix,potsdam_263.tif,0,0,0,0,512,512,0.21294785,data/raw/WHU_Mix_cities/potsdam/image/potsdam_263.tif,data/raw/WHU_Mix_cities/potsdam/label/potsdam_263.tif
train,potsdam,whu_mix,potsdam_463.tif,0,0,0,0,512,512,0.13825989,data/raw/WHU_Mix_cities/potsdam/image/potsdam_463.tif,data/raw/WHU_Mix_cities/potsdam/label/potsdam_463.tif
train,potsdam,whu_mix,potsdam_1071.tif,0,0,0,0,512,512,0.00000000,data/raw/WHU_Mix_cities/potsdam/image/potsdam_1071.tif,data/raw/WHU_Mix_cities/potsdam/label/potsdam_1071.tif
train,potsdam,whu_mix,potsdam_1050.tif,0,0,0,0,512,512,0.00000000,data/raw/WHU_Mix_cities/potsdam/image/potsdam_1050.tif,data/raw/WHU_Mix_cities/potsdam/label/potsdam_1050.tif
train,potsdam,whu_mix,potsdam_78.tif,0,0,0,0,512,512,0.00419617,data/raw/WHU_Mix_cities/potsdam/image/potsdam_78.tif,data/raw/WHU_Mix_cities/potsdam/label/potsdam_78.tif
train,potsdam,whu_mix,potsdam_739.tif,0,0,0,0,512,512,0.10536194,data/raw/WHU_Mix_cities/potsdam/image/potsdam_739.tif,data/raw/WHU_Mix_cities/potsdam/label/potsdam_739.tif
train,potsdam,whu_mix,potsdam_702.tif,0,0,0,0,512,512,0.59869003,data/raw/WHU_Mix_cities/potsdam/image/potsdam_702.tif,data/raw/WHU_Mix_cities/potsdam/label/potsdam_702.tif
train,potsdam,whu_mix,potsdam_929.tif,0,0,0,0,512,512,0.23388672,data/raw/WHU_Mix_cities/potsdam/image/potsdam_929.tif,data/raw/WHU_Mix_cities/potsdam/label/potsdam_929.tif
train,potsdam,whu_mix,potsdam_668.tif,0,0,0,0,512,512,0.27999115,data/raw/WHU_Mix_cities/potsdam/image/potsdam_668.tif,data/raw/WHU_Mix_cities/potsdam/label/potsdam_668.tif
train,potsdam,whu_mix,potsdam_508.tif,0,0,0,0,512,512,0.31890106,data/raw/WHU_Mix_cities/potsdam/image/potsdam_508.tif,data/raw/WHU_Mix_cities/potsdam/label/potsdam_508.tif
train,potsdam,whu_mix,potsdam_737.tif,0,0,0,0,512,512,0.47707748,data/raw/WHU_Mix_cities/potsdam/image/potsdam_737.tif,data/raw/WHU_Mix_cities/potsdam/label/potsdam_737.tif
train,potsdam,whu_mix,potsdam_837.tif,0,0,0,0,512,512,0.85748291,data/raw/WHU_Mix_cities/potsdam/image/potsdam_837.tif,data/raw/WHU_Mix_cities/potsdam/label/potsdam_837.tif
train,potsdam,whu_mix,potsdam_418.tif,0,0,0,0,512,512,0.27370071,data/raw/WHU_Mix_cities/potsdam/image/potsdam_418.tif,data/raw/WHU_Mix_cities/potsdam/label/potsdam_418.tif
train,potsdam,whu_mix,potsdam_870.tif,0,0,0,0,512,512,0.63290405,data/raw/WHU_Mix_cities/potsdam/image/potsdam_870.tif,data/raw/WHU_Mix_cities/potsdam/label/potsdam_870.tif
train,potsdam,whu_mix,potsdam_13.tif,0,0,0,0,512,512,0.00000000,data/raw/WHU_Mix_cities/potsdam/image/potsdam_13.tif,data/raw/WHU_Mix_cities/potsdam/label/potsdam_13.tif
train,potsdam,whu_mix,potsdam_459.tif,0,0,0,0,512,512,0.29341125,data/raw/WHU_Mix_cities/potsdam/image/potsdam_459.tif,data/raw/WHU_Mix_cities/potsdam/label/potsdam_459.tif
train,potsdam,whu_mix,potsdam_435.tif,0,0,0,0,512,512,0.16025162,data/raw/WHU_Mix_cities/potsdam/image/potsdam_435.tif,data/raw/WHU_Mix_cities/potsdam/label/potsdam_435.tif
train,potsdam,whu_mix,potsdam_974.tif,0,0,0,0,512,512,0.01740646,data/raw/WHU_Mix_cities/potsdam/image/potsdam_974.tif,data/raw/WHU_Mix_cities/potsdam/label/potsdam_974.tif
train,potsdam,whu_mix,potsdam_632.tif,0,0,0,0,512,512,0.06883621,data/raw/WHU_Mix_cities/potsdam/image/potsdam_632.tif,data/raw/WHU_Mix_cities/potsdam/label/potsdam_632.tif
train,potsdam,whu_mix,potsdam_619.tif,0,0,0,0,512,512,0.24916458,data/raw/WHU_Mix_cities/potsdam/image/potsdam_619.tif,data/raw/WHU_Mix_cities/potsdam/label/potsdam_619.tif
train,potsdam,whu_mix,potsdam_245.tif,0,0,0,0,512,512,0.00000000,data/raw/WHU_Mix_cities/potsdam/image/potsdam_245.tif,data/raw/WHU_Mix_cities/potsdam/label/potsdam_245.tif
train,potsdam,whu_mix,potsdam_226.tif,0,0,0,0,512,512,0.28318787,data/raw/WHU_Mix_cities/potsdam/image/potsdam_226.tif,data/raw/WHU_Mix_cities/potsdam/label/potsdam_226.tif
train,potsdam,whu_mix,potsdam_1033.tif,0,0,0,0,512,512,0.27223587,data/raw/WHU_Mix_cities/potsdam/image/potsdam_1033.tif,data/raw/WHU_Mix_cities/potsdam/label/potsdam_1033.tif
train,potsdam,whu_mix,potsdam_1073.tif,0,0,0,0,512,512,0.00000000,data/raw/WHU_Mix_cities/potsdam/image/potsdam_1073.tif,data/raw/WHU_Mix_cities/potsdam/label/potsdam_1073.tif
train,potsdam,whu_mix,potsdam_313.tif,0,0,0,0,512,512,0.20832825,data/raw/WHU_Mix_cities/potsdam/image/potsdam_313.tif,data/raw/WHU_Mix_cities/potsdam/label/potsdam_313.tif
train,potsdam,whu_mix,potsdam_841.tif,0,0,0,0,512,512,0.35658264,data/raw/WHU_Mix_cities/potsdam/image/potsdam_841.tif,data/raw/WHU_Mix_cities/potsdam/label/potsdam_841.tif
train,potsdam,whu_mix,potsdam_707.tif,0,0,0,0,512,512,0.28007507,data/raw/WHU_Mix_cities/potsdam/image/potsdam_707.tif,data/raw/WHU_Mix_cities/potsdam/label/potsdam_707.tif
train,potsdam,whu_mix,potsdam_823.tif,0,0,0,0,512,512,0.44396210,data/raw/WHU_Mix_cities/potsdam/image/potsdam_823.tif,data/raw/WHU_Mix_cities/potsdam/label/potsdam_823.tif
train,potsdam,whu_mix,potsdam_37.tif,0,0,0,0,512,512,0.38949203,data/raw/WHU_Mix_cities/potsdam/image/potsdam_37.tif,data/raw/WHU_Mix_cities/potsdam/label/potsdam_37.tif
train,potsdam,whu_mix,potsdam_145.tif,0,0,0,0,512,512,0.00000000,data/raw/WHU_Mix_cities/potsdam/image/potsdam_145.tif,data/raw/WHU_Mix_cities/potsdam/label/potsdam_145.tif
train,potsdam,whu_mix,potsdam_800.tif,0,0,0,0,512,512,0.57200241,data/raw/WHU_Mix_cities/potsdam/image/potsdam_800.tif,data/raw/WHU_Mix_cities/potsdam/label/potsdam_800.tif
train,potsdam,whu_mix,potsdam_1158.tif,0,0,0,0,512,512,0.58838654,data/raw/WHU_Mix_cities/potsdam/image/potsdam_1158.tif,data/raw/WHU_Mix_cities/potsdam/label/potsdam_1158.tif
train,potsdam,whu_mix,potsdam_993.tif,0,0,0,0,512,512,0.06666565,data/raw/WHU_Mix_cities/potsdam/image/potsdam_993.tif,data/raw/WHU_Mix_cities/potsdam/label/potsdam_993.tif
train,potsdam,whu_mix,potsdam_1166.tif,0,0,0,0,512,512,0.28162384,data/raw/WHU_Mix_cities/potsdam/image/potsdam_1166.tif,data/raw/WHU_Mix_cities/potsdam/label/potsdam_1166.tif
train,potsdam,whu_mix,potsdam_404.tif,0,0,0,0,512,512,0.47254944,data/raw/WHU_Mix_cities/potsdam/image/potsdam_404.tif,data/raw/WHU_Mix_cities/potsdam/label/potsdam_404.tif
train,potsdam,whu_mix,potsdam_1052.tif,0,0,0,0,512,512,0.03414154,data/raw/WHU_Mix_cities/potsdam/image/potsdam_1052.tif,data/raw/WHU_Mix_cities/potsdam/label/potsdam_1052.tif
train,potsdam,whu_mix,potsdam_506.tif,0,0,0,0,512,512,0.21054459,data/raw/WHU_Mix_cities/potsdam/image/potsdam_506.tif,data/raw/WHU_Mix_cities/potsdam/label/potsdam_506.tif
train,potsdam,whu_mix,potsdam_66.tif,0,0,0,0,512,512,0.07870483,data/raw/WHU_Mix_cities/potsdam/image/potsdam_66.tif,data/raw/WHU_Mix_cities/potsdam/label/potsdam_66.tif
train,potsdam,whu_mix,potsdam_774.tif,0,0,0,0,512,512,0.32357788,data/raw/WHU_Mix_cities/potsdam/image/potsdam_774.tif,data/raw/WHU_Mix_cities/potsdam/label/potsdam_774.tif
train,potsdam,whu_mix,potsdam_146.tif,0,0,0,0,512,512,0.03794479,data/raw/WHU_Mix_cities/potsdam/image/potsdam_146.tif,data/raw/WHU_Mix_cities/potsdam/label/potsdam_146.tif
train,potsdam,whu_mix,potsdam_704.tif,0,0,0,0,512,512,0.17811203,data/raw/WHU_Mix_cities/potsdam/image/potsdam_704.tif,data/raw/WHU_Mix_cities/potsdam/label/potsdam_704.tif
train,potsdam,whu_mix,potsdam_1035.tif,0,0,0,0,512,512,0.00000000,data/raw/WHU_Mix_cities/potsdam/image/potsdam_1035.tif,data/raw/WHU_Mix_cities/potsdam/label/potsdam_1035.tif
train,potsdam,whu_mix,potsdam_8.tif,0,0,0,0,512,512,0.04393768,data/raw/WHU_Mix_cities/potsdam/image/potsdam_8.tif,data/raw/WHU_Mix_cities/potsdam/label/potsdam_8.tif
train,potsdam,whu_mix,potsdam_751.tif,0,0,0,0,512,512,0.16624832,data/raw/WHU_Mix_cities/potsdam/image/potsdam_751.tif,data/raw/WHU_Mix_cities/potsdam/label/potsdam_751.tif
train,potsdam,whu_mix,potsdam_322.tif,0,0,0,0,512,512,0.00000000,data/raw/WHU_Mix_cities/potsdam/image/potsdam_322.tif,data/raw/WHU_Mix_cities/potsdam/label/potsdam_322.tif
train,potsdam,whu_mix,potsdam_820.tif,0,0,0,0,512,512,0.47269058,data/raw/WHU_Mix_cities/potsdam/image/potsdam_820.tif,data/raw/WHU_Mix_cities/potsdam/label/potsdam_820.tif
train,potsdam,whu_mix,potsdam_1062.tif,0,0,0,0,512,512,0.13822937,data/raw/WHU_Mix_cities/potsdam/image/potsdam_1062.tif,data/raw/WHU_Mix_cities/potsdam/label/potsdam_1062.tif
train,potsdam,whu_mix,potsdam_597.tif,0,0,0,0,512,512,0.00000000,data/raw/WHU_Mix_cities/potsdam/image/potsdam_597.tif,data/raw/WHU_Mix_cities/potsdam/label/potsdam_597.tif
train,potsdam,whu_mix,potsdam_476.tif,0,0,0,0,512,512,0.03082657,data/raw/WHU_Mix_cities/potsdam/image/potsdam_476.tif,data/raw/WHU_Mix_cities/potsdam/label/potsdam_476.tif
train,potsdam,whu_mix,potsdam_648.tif,0,0,0,0,512,512,0.00000000,data/raw/WHU_Mix_cities/potsdam/image/potsdam_648.tif,data/raw/WHU_Mix_cities/potsdam/label/potsdam_648.tif
train,potsdam,whu_mix,potsdam_409.tif,0,0,0,0,512,512,0.46109390,data/raw/WHU_Mix_cities/potsdam/image/potsdam_409.tif,data/raw/WHU_Mix_cities/potsdam/label/potsdam_409.tif
train,potsdam,whu_mix,potsdam_764.tif,0,0,0,0,512,512,0.19950485,data/raw/WHU_Mix_cities/potsdam/image/potsdam_764.tif,data/raw/WHU_Mix_cities/potsdam/label/potsdam_764.tif
train,potsdam,whu_mix,potsdam_747.tif,0,0,0,0,512,512,0.34373856,data/raw/WHU_Mix_cities/potsdam/image/potsdam_747.tif,data/raw/WHU_Mix_cities/potsdam/label/potsdam_747.tif
train,potsdam,whu_mix,potsdam_980.tif,0,0,0,0,512,512,0.38853073,data/raw/WHU_Mix_cities/potsdam/image/potsdam_980.tif,data/raw/WHU_Mix_cities/potsdam/label/potsdam_980.tif
train,potsdam,whu_mix,potsdam_22.tif,0,0,0,0,512,512,0.30873489,data/raw/WHU_Mix_cities/potsdam/image/potsdam_22.tif,data/raw/WHU_Mix_cities/potsdam/label/potsdam_22.tif
train,potsdam,whu_mix,potsdam_892.tif,0,0,0,0,512,512,0.44916916,data/raw/WHU_Mix_cities/potsdam/image/potsdam_892.tif,data/raw/WHU_Mix_cities/potsdam/label/potsdam_892.tif
train,potsdam,whu_mix,potsdam_266.tif,0,0,0,0,512,512,0.39311981,data/raw/WHU_Mix_cities/potsdam/image/potsdam_266.tif,data/raw/WHU_Mix_cities/potsdam/label/potsdam_266.tif
train,potsdam,whu_mix,potsdam_807.tif,0,0,0,0,512,512,0.45600128,data/raw/WHU_Mix_cities/potsdam/image/potsdam_807.tif,data/raw/WHU_Mix_cities/potsdam/label/potsdam_807.tif
train,potsdam,whu_mix,potsdam_1039.tif,0,0,0,0,512,512,0.28261948,data/raw/WHU_Mix_cities/potsdam/image/potsdam_1039.tif,data/raw/WHU_Mix_cities/potsdam/label/potsdam_1039.tif
train,potsdam,whu_mix,potsdam_633.tif,0,0,0,0,512,512,0.12697220,data/raw/WHU_Mix_cities/potsdam/image/potsdam_633.tif,data/raw/WHU_Mix_cities/potsdam/label/potsdam_633.tif
train,potsdam,whu_mix,potsdam_861.tif,0,0,0,0,512,512,0.35098267,data/raw/WHU_Mix_cities/potsdam/image/potsdam_861.tif,data/raw/WHU_Mix_cities/potsdam/label/potsdam_861.tif
train,potsdam,whu_mix,potsdam_457.tif,0,0,0,0,512,512,0.12588501,data/raw/WHU_Mix_cities/potsdam/image/potsdam_457.tif,data/raw/WHU_Mix_cities/potsdam/label/potsdam_457.tif
train,potsdam,whu_mix,potsdam_1048.tif,0,0,0,0,512,512,0.09347916,data/raw/WHU_Mix_cities/potsdam/image/potsdam_1048.tif,data/raw/WHU_Mix_cities/potsdam/label/potsdam_1048.tif
train,potsdam,whu_mix,potsdam_801.tif,0,0,0,0,512,512,0.44057846,data/raw/WHU_Mix_cities/potsdam/image/potsdam_801.tif,data/raw/WHU_Mix_cities/potsdam/label/potsdam_801.tif
train,potsdam,whu_mix,potsdam_1046.tif,0,0,0,0,512,512,0.04335403,data/raw/WHU_Mix_cities/potsdam/image/potsdam_1046.tif,data/raw/WHU_Mix_cities/potsdam/label/potsdam_1046.tif
train,potsdam,whu_mix,potsdam_461.tif,0,0,0,0,512,512,0.03127670,data/raw/WHU_Mix_cities/potsdam/image/potsdam_461.tif,data/raw/WHU_Mix_cities/potsdam/label/potsdam_461.tif
train,potsdam,whu_mix,potsdam_455.tif,0,0,0,0,512,512,0.00000000,data/raw/WHU_Mix_cities/potsdam/image/potsdam_455.tif,data/raw/WHU_Mix_cities/potsdam/label/potsdam_455.tif
train,potsdam,whu_mix,potsdam_631.tif,0,0,0,0,512,512,0.13225555,data/raw/WHU_Mix_cities/potsdam/image/potsdam_631.tif,data/raw/WHU_Mix_cities/potsdam/label/potsdam_631.tif
train,potsdam,whu_mix,potsdam_788.tif,0,0,0,0,512,512,0.39241028,data/raw/WHU_Mix_cities/potsdam/image/potsdam_788.tif,data/raw/WHU_Mix_cities/potsdam/label/potsdam_788.tif
train,potsdam,whu_mix,potsdam_325.tif,0,0,0,0,512,512,0.19939423,data/raw/WHU_Mix_cities/potsdam/image/potsdam_325.tif,data/raw/WHU_Mix_cities/potsdam/label/potsdam_325.tif
train,potsdam,whu_mix,potsdam_339.tif,0,0,0,0,512,512,0.12302017,data/raw/WHU_Mix_cities/potsdam/image/potsdam_339.tif,data/raw/WHU_Mix_cities/potsdam/label/potsdam_339.tif
train,potsdam,whu_mix,potsdam_1161.tif,0,0,0,0,512,512,0.17824554,data/raw/WHU_Mix_cities/potsdam/image/potsdam_1161.tif,data/raw/WHU_Mix_cities/potsdam/label/potsdam_1161.tif
train,potsdam,whu_mix,potsdam_951.tif,0,0,0,0,512,512,0.01340485,data/raw/WHU_Mix_cities/potsdam/image/potsdam_951.tif,data/raw/WHU_Mix_cities/potsdam/label/potsdam_951.tif
train,potsdam,whu_mix,potsdam_676.tif,0,0,0,0,512,512,0.44949341,data/raw/WHU_Mix_cities/potsdam/image/potsdam_676.tif,data/raw/WHU_Mix_cities/potsdam/label/potsdam_676.tif
train,potsdam,whu_mix,potsdam_910.tif,0,0,0,0,512,512,0.29932404,data/raw/WHU_Mix_cities/potsdam/image/potsdam_910.tif,data/raw/WHU_Mix_cities/potsdam/label/potsdam_910.tif
train,potsdam,whu_mix,potsdam_646.tif,0,0,0,0,512,512,0.00988007,data/raw/WHU_Mix_cities/potsdam/image/potsdam_646.tif,data/raw/WHU_Mix_cities/potsdam/label/potsdam_646.tif
train,potsdam,whu_mix,potsdam_806.tif,0,0,0,0,512,512,0.35751724,data/raw/WHU_Mix_cities/potsdam/image/potsdam_806.tif,data/raw/WHU_Mix_cities/potsdam/label/potsdam_806.tif
train,potsdam,whu_mix,potsdam_856.tif,0,0,0,0,512,512,0.53397369,data/raw/WHU_Mix_cities/potsdam/image/potsdam_856.tif,data/raw/WHU_Mix_cities/potsdam/label/potsdam_856.tif
train,potsdam,whu_mix,potsdam_939.tif,0,0,0,0,512,512,0.30172729,data/raw/WHU_Mix_cities/potsdam/image/potsdam_939.tif,data/raw/WHU_Mix_cities/potsdam/label/potsdam_939.tif
train,potsdam,whu_mix,potsdam_741.tif,0,0,0,0,512,512,0.18445587,data/raw/WHU_Mix_cities/potsdam/image/potsdam_741.tif,data/raw/WHU_Mix_cities/potsdam/label/potsdam_741.tif
train,potsdam,whu_mix,potsdam_1131.tif,0,0,0,0,512,512,0.25417709,data/raw/WHU_Mix_cities/potsdam/image/potsdam_1131.tif,data/raw/WHU_Mix_cities/potsdam/label/potsdam_1131.tif
train,potsdam,whu_mix,potsdam_812.tif,0,0,0,0,512,512,0.26398468,data/raw/WHU_Mix_cities/potsdam/image/potsdam_812.tif,data/raw/WHU_Mix_cities/potsdam/label/potsdam_812.tif
train,potsdam,whu_mix,potsdam_499.tif,0,0,0,0,512,512,0.15474701,data/raw/WHU_Mix_cities/potsdam/image/potsdam_499.tif,data/raw/WHU_Mix_cities/potsdam/label/potsdam_499.tif
train,potsdam,whu_mix,potsdam_1047.tif,0,0,0,0,512,512,0.07594681,data/raw/WHU_Mix_cities/potsdam/image/potsdam_1047.tif,data/raw/WHU_Mix_cities/potsdam/label/potsdam_1047.tif
train,potsdam,whu_mix,potsdam_1144.tif,0,0,0,0,512,512,0.48505783,data/raw/WHU_Mix_cities/potsdam/image/potsdam_1144.tif,data/raw/WHU_Mix_cities/potsdam/label/potsdam_1144.tif
train,potsdam,whu_mix,potsdam_986.tif,0,0,0,0,512,512,0.11220169,data/raw/WHU_Mix_cities/potsdam/image/potsdam_986.tif,data/raw/WHU_Mix_cities/potsdam/label/potsdam_986.tif
train,potsdam,whu_mix,potsdam_1083.tif,0,0,0,0,512,512,0.00004578,data/raw/WHU_Mix_cities/potsdam/image/potsdam_1083.tif,data/raw/WHU_Mix_cities/potsdam/label/potsdam_1083.tif
train,potsdam,whu_mix,potsdam_730.tif,0,0,0,0,512,512,0.16502380,data/raw/WHU_Mix_cities/potsdam/image/potsdam_730.tif,data/raw/WHU_Mix_cities/potsdam/label/potsdam_730.tif
train,potsdam,whu_mix,potsdam_903.tif,0,0,0,0,512,512,0.20496750,data/raw/WHU_Mix_cities/potsdam/image/potsdam_903.tif,data/raw/WHU_Mix_cities/potsdam/label/potsdam_903.tif
train,potsdam,whu_mix,potsdam_59.tif,0,0,0,0,512,512,0.00130463,data/raw/WHU_Mix_cities/potsdam/image/potsdam_59.tif,data/raw/WHU_Mix_cities/potsdam/label/potsdam_59.tif
train,potsdam,whu_mix,potsdam_1068.tif,0,0,0,0,512,512,0.02723694,data/raw/WHU_Mix_cities/potsdam/image/potsdam_1068.tif,data/raw/WHU_Mix_cities/potsdam/label/potsdam_1068.tif
train,potsdam,whu_mix,potsdam_746.tif,0,0,0,0,512,512,0.07807159,data/raw/WHU_Mix_cities/potsdam/image/potsdam_746.tif,data/raw/WHU_Mix_cities/potsdam/label/potsdam_746.tif
train,potsdam,whu_mix,potsdam_32.tif,0,0,0,0,512,512,0.26376343,data/raw/WHU_Mix_cities/potsdam/image/potsdam_32.tif,data/raw/WHU_Mix_cities/potsdam/label/potsdam_32.tif
train,potsdam,whu_mix,potsdam_1105.tif,0,0,0,0,512,512,0.35391617,data/raw/WHU_Mix_cities/potsdam/image/potsdam_1105.tif,data/raw/WHU_Mix_cities/potsdam/label/potsdam_1105.tif
train,potsdam,whu_mix,potsdam_669.tif,0,0,0,0,512,512,0.19697952,data/raw/WHU_Mix_cities/potsdam/image/potsdam_669.tif,data/raw/WHU_Mix_cities/potsdam/label/potsdam_669.tif
train,potsdam,whu_mix,potsdam_0.tif,0,0,0,0,512,512,0.20808411,data/raw/WHU_Mix_cities/potsdam/image/potsdam_0.tif,data/raw/WHU_Mix_cities/potsdam/label/potsdam_0.tif
train,potsdam,whu_mix,potsdam_964.tif,0,0,0,0,512,512,0.37810135,data/raw/WHU_Mix_cities/potsdam/image/potsdam_964.tif,data/raw/WHU_Mix_cities/potsdam/label/potsdam_964.tif
train,potsdam,whu_mix,potsdam_587.tif,0,0,0,0,512,512,0.05164719,data/raw/WHU_Mix_cities/potsdam/image/potsdam_587.tif,data/raw/WHU_Mix_cities/potsdam/label/potsdam_587.tif
train,potsdam,whu_mix,potsdam_991.tif,0,0,0,0,512,512,0.05795288,data/raw/WHU_Mix_cities/potsdam/image/potsdam_991.tif,data/raw/WHU_Mix_cities/potsdam/label/potsdam_991.tif
train,potsdam,whu_mix,potsdam_731.tif,0,0,0,0,512,512,0.25943756,data/raw/WHU_Mix_cities/potsdam/image/potsdam_731.tif,data/raw/WHU_Mix_cities/potsdam/label/potsdam_731.tif
train,potsdam,whu_mix,potsdam_452.tif,0,0,0,0,512,512,0.35215378,data/raw/WHU_Mix_cities/potsdam/image/potsdam_452.tif,data/raw/WHU_Mix_cities/potsdam/label/potsdam_452.tif
train,potsdam,whu_mix,potsdam_1064.tif,0,0,0,0,512,512,0.00000000,data/raw/WHU_Mix_cities/potsdam/image/potsdam_1064.tif,data/raw/WHU_Mix_cities/potsdam/label/potsdam_1064.tif
train,potsdam,whu_mix,potsdam_1005.tif,0,0,0,0,512,512,0.22455978,data/raw/WHU_Mix_cities/potsdam/image/potsdam_1005.tif,data/raw/WHU_Mix_cities/potsdam/label/potsdam_1005.tif
train,potsdam,whu_mix,potsdam_19.tif,0,0,0,0,512,512,0.14921570,data/raw/WHU_Mix_cities/potsdam/image/potsdam_19.tif,data/raw/WHU_Mix_cities/potsdam/label/potsdam_19.tif
train,potsdam,whu_mix,potsdam_855.tif,0,0,0,0,512,512,0.49038315,data/raw/WHU_Mix_cities/potsdam/image/potsdam_855.tif,data/raw/WHU_Mix_cities/potsdam/label/potsdam_855.tif
train,potsdam,whu_mix,potsdam_647.tif,0,0,0,0,512,512,0.01785278,data/raw/WHU_Mix_cities/potsdam/image/potsdam_647.tif,data/raw/WHU_Mix_cities/potsdam/label/potsdam_647.tif
train,potsdam,whu_mix,potsdam_635.tif,0,0,0,0,512,512,0.09148788,data/raw/WHU_Mix_cities/potsdam/image/potsdam_635.tif,data/raw/WHU_Mix_cities/potsdam/label/potsdam_635.tif
train,potsdam,whu_mix,potsdam_105.tif,0,0,0,0,512,512,0.25976562,data/raw/WHU_Mix_cities/potsdam/image/potsdam_105.tif,data/raw/WHU_Mix_cities/potsdam/label/potsdam_105.tif
train,potsdam,whu_mix,potsdam_830.tif,0,0,0,0,512,512,0.28081131,data/raw/WHU_Mix_cities/potsdam/image/potsdam_830.tif,data/raw/WHU_Mix_cities/potsdam/label/potsdam_830.tif
train,potsdam,whu_mix,potsdam_1023.tif,0,0,0,0,512,512,0.00000000,data/raw/WHU_Mix_cities/potsdam/image/potsdam_1023.tif,data/raw/WHU_Mix_cities/potsdam/label/potsdam_1023.tif
train,potsdam,whu_mix,potsdam_362.tif,0,0,0,0,512,512,0.32598495,data/raw/WHU_Mix_cities/potsdam/image/potsdam_362.tif,data/raw/WHU_Mix_cities/potsdam/label/potsdam_362.tif
train,potsdam,whu_mix,potsdam_316.tif,0,0,0,0,512,512,0.15411377,data/raw/WHU_Mix_cities/potsdam/image/potsdam_316.tif,data/raw/WHU_Mix_cities/potsdam/label/potsdam_316.tif
train,potsdam,whu_mix,potsdam_434.tif,0,0,0,0,512,512,0.16750336,data/raw/WHU_Mix_cities/potsdam/image/potsdam_434.tif,data/raw/WHU_Mix_cities/potsdam/label/potsdam_434.tif
train,potsdam,whu_mix,potsdam_126.tif,0,0,0,0,512,512,0.79365158,data/raw/WHU_Mix_cities/potsdam/image/potsdam_126.tif,data/raw/WHU_Mix_cities/potsdam/label/potsdam_126.tif
train,potsdam,whu_mix,potsdam_377.tif,0,0,0,0,512,512,0.15478134,data/raw/WHU_Mix_cities/potsdam/image/potsdam_377.tif,data/raw/WHU_Mix_cities/potsdam/label/potsdam_377.tif
train,potsdam,whu_mix,potsdam_825.tif,0,0,0,0,512,512,0.19232559,data/raw/WHU_Mix_cities/potsdam/image/potsdam_825.tif,data/raw/WHU_Mix_cities/potsdam/label/potsdam_825.tif
train,potsdam,whu_mix,potsdam_810.tif,0,0,0,0,512,512,0.25545502,data/raw/WHU_Mix_cities/potsdam/image/potsdam_810.tif,data/raw/WHU_Mix_cities/potsdam/label/potsdam_810.tif
train,potsdam,whu_mix,potsdam_248.tif,0,0,0,0,512,512,0.06508636,data/raw/WHU_Mix_cities/potsdam/image/potsdam_248.tif,data/raw/WHU_Mix_cities/potsdam/label/potsdam_248.tif
train,potsdam,whu_mix,potsdam_1067.tif,0,0,0,0,512,512,0.00000000,data/raw/WHU_Mix_cities/potsdam/image/potsdam_1067.tif,data/raw/WHU_Mix_cities/potsdam/label/potsdam_1067.tif
train,potsdam,whu_mix,potsdam_580.tif,0,0,0,0,512,512,0.03654861,data/raw/WHU_Mix_cities/potsdam/image/potsdam_580.tif,data/raw/WHU_Mix_cities/potsdam/label/potsdam_580.tif
train,potsdam,whu_mix,potsdam_235.tif,0,0,0,0,512,512,0.01453400,data/raw/WHU_Mix_cities/potsdam/image/potsdam_235.tif,data/raw/WHU_Mix_cities/potsdam/label/potsdam_235.tif
train,potsdam,whu_mix,potsdam_537.tif,0,0,0,0,512,512,0.19571686,data/raw/WHU_Mix_cities/potsdam/image/potsdam_537.tif,data/raw/WHU_Mix_cities/potsdam/label/potsdam_537.tif
train,potsdam,whu_mix,potsdam_513.tif,0,0,0,0,512,512,0.40074921,data/raw/WHU_Mix_cities/potsdam/image/potsdam_513.tif,data/raw/WHU_Mix_cities/potsdam/label/potsdam_513.tif
train,potsdam,whu_mix,potsdam_511.tif,0,0,0,0,512,512,0.40955353,data/raw/WHU_Mix_cities/potsdam/image/potsdam_511.tif,data/raw/WHU_Mix_cities/potsdam/label/potsdam_511.tif
train,potsdam,whu_mix,potsdam_1172.tif,0,0,0,0,512,512,0.07797241,data/raw/WHU_Mix_cities/potsdam/image/potsdam_1172.tif,data/raw/WHU_Mix_cities/potsdam/label/potsdam_1172.tif
train,potsdam,whu_mix,potsdam_636.tif,0,0,0,0,512,512,0.03062439,data/raw/WHU_Mix_cities/potsdam/image/potsdam_636.tif,data/raw/WHU_Mix_cities/potsdam/label/potsdam_636.tif
train,potsdam,whu_mix,potsdam_517.tif,0,0,0,0,512,512,0.33400726,data/raw/WHU_Mix_cities/potsdam/image/potsdam_517.tif,data/raw/WHU_Mix_cities/potsdam/label/potsdam_517.tif
train,potsdam,whu_mix,potsdam_169.tif,0,0,0,0,512,512,0.00000000,data/raw/WHU_Mix_cities/potsdam/image/potsdam_169.tif,data/raw/WHU_Mix_cities/potsdam/label/potsdam_169.tif
train,potsdam,whu_mix,potsdam_672.tif,0,0,0,0,512,512,0.46526337,data/raw/WHU_Mix_cities/potsdam/image/potsdam_672.tif,data/raw/WHU_Mix_cities/potsdam/label/potsdam_672.tif
train,potsdam,whu_mix,potsdam_759.tif,0,0,0,0,512,512,0.19443130,data/raw/WHU_Mix_cities/potsdam/image/potsdam_759.tif,data/raw/WHU_Mix_cities/potsdam/label/potsdam_759.tif
train,potsdam,whu_mix,potsdam_835.tif,0,0,0,0,512,512,0.56458664,data/raw/WHU_Mix_cities/potsdam/image/potsdam_835.tif,data/raw/WHU_Mix_cities/potsdam/label/potsdam_835.tif
train,potsdam,whu_mix,potsdam_955.tif,0,0,0,0,512,512,0.24774933,data/raw/WHU_Mix_cities/potsdam/image/potsdam_955.tif,data/raw/WHU_Mix_cities/potsdam/label/potsdam_955.tif
train,potsdam,whu_mix,potsdam_333.tif,0,0,0,0,512,512,0.06637192,data/raw/WHU_Mix_cities/potsdam/image/potsdam_333.tif,data/raw/WHU_Mix_cities/potsdam/label/potsdam_333.tif
train,potsdam,whu_mix,potsdam_446.tif,0,0,0,0,512,512,0.26598358,data/raw/WHU_Mix_cities/potsdam/image/potsdam_446.tif,data/raw/WHU_Mix_cities/potsdam/label/potsdam_446.tif
train,potsdam,whu_mix,potsdam_528.tif,0,0,0,0,512,512,0.53919983,data/raw/WHU_Mix_cities/potsdam/image/potsdam_528.tif,data/raw/WHU_Mix_cities/potsdam/label/potsdam_528.tif
train,potsdam,whu_mix,potsdam_10.tif,0,0,0,0,512,512,0.12252808,data/raw/WHU_Mix_cities/potsdam/image/potsdam_10.tif,data/raw/WHU_Mix_cities/potsdam/label/potsdam_10.tif
train,potsdam,whu_mix,potsdam_303.tif,0,0,0,0,512,512,0.17428589,data/raw/WHU_Mix_cities/potsdam/image/potsdam_303.tif,data/raw/WHU_Mix_cities/potsdam/label/potsdam_303.tif
train,potsdam,whu_mix,potsdam_478.tif,0,0,0,0,512,512,0.50363159,data/raw/WHU_Mix_cities/potsdam/image/potsdam_478.tif,data/raw/WHU_Mix_cities/potsdam/label/potsdam_478.tif
train,potsdam,whu_mix,potsdam_442.tif,0,0,0,0,512,512,0.08522034,data/raw/WHU_Mix_cities/potsdam/image/potsdam_442.tif,data/raw/WHU_Mix_cities/potsdam/label/potsdam_442.tif
train,potsdam,whu_mix,potsdam_346.tif,0,0,0,0,512,512,0.25344086,data/raw/WHU_Mix_cities/potsdam/image/potsdam_346.tif,data/raw/WHU_Mix_cities/potsdam/label/potsdam_346.tif
train,potsdam,whu_mix,potsdam_240.tif,0,0,0,0,512,512,0.05271530,data/raw/WHU_Mix_cities/potsdam/image/potsdam_240.tif,data/raw/WHU_Mix_cities/potsdam/label/potsdam_240.tif
train,potsdam,whu_mix,potsdam_387.tif,0,0,0,0,512,512,0.25659180,data/raw/WHU_Mix_cities/potsdam/image/potsdam_387.tif,data/raw/WHU_Mix_cities/potsdam/label/potsdam_387.tif
train,potsdam,whu_mix,potsdam_907.tif,0,0,0,0,512,512,0.35913849,data/raw/WHU_Mix_cities/potsdam/image/potsdam_907.tif,data/raw/WHU_Mix_cities/potsdam/label/potsdam_907.tif
train,potsdam,whu_mix,potsdam_981.tif,0,0,0,0,512,512,0.46845627,data/raw/WHU_Mix_cities/potsdam/image/potsdam_981.tif,data/raw/WHU_Mix_cities/potsdam/label/potsdam_981.tif
train,potsdam,whu_mix,potsdam_439.tif,0,0,0,0,512,512,0.03678513,data/raw/WHU_Mix_cities/potsdam/image/potsdam_439.tif,data/raw/WHU_Mix_cities/potsdam/label/potsdam_439.tif
train,potsdam,whu_mix,potsdam_961.tif,0,0,0,0,512,512,0.37537766,data/raw/WHU_Mix_cities/potsdam/image/potsdam_961.tif,data/raw/WHU_Mix_cities/potsdam/label/potsdam_961.tif
train,potsdam,whu_mix,potsdam_399.tif,0,0,0,0,512,512,0.20360947,data/raw/WHU_Mix_cities/potsdam/image/potsdam_399.tif,data/raw/WHU_Mix_cities/potsdam/label/potsdam_399.tif
train,potsdam,whu_mix,potsdam_886.tif,0,0,0,0,512,512,0.42896652,data/raw/WHU_Mix_cities/potsdam/image/potsdam_886.tif,data/raw/WHU_Mix_cities/potsdam/label/potsdam_886.tif
train,potsdam,whu_mix,potsdam_947.tif,0,0,0,0,512,512,0.38023376,data/raw/WHU_Mix_cities/potsdam/image/potsdam_947.tif,data/raw/WHU_Mix_cities/potsdam/label/potsdam_947.tif
train,potsdam,whu_mix,potsdam_612.tif,0,0,0,0,512,512,0.15330505,data/raw/WHU_Mix_cities/potsdam/image/potsdam_612.tif,data/raw/WHU_Mix_cities/potsdam/label/potsdam_612.tif
train,potsdam,whu_mix,potsdam_82.tif,0,0,0,0,512,512,0.18879318,data/raw/WHU_Mix_cities/potsdam/image/potsdam_82.tif,data/raw/WHU_Mix_cities/potsdam/label/potsdam_82.tif
train,potsdam,whu_mix,potsdam_69.tif,0,0,0,0,512,512,0.00000000,data/raw/WHU_Mix_cities/potsdam/image/potsdam_69.tif,data/raw/WHU_Mix_cities/potsdam/label/potsdam_69.tif
train,potsdam,whu_mix,potsdam_297.tif,0,0,0,0,512,512,0.18525696,data/raw/WHU_Mix_cities/potsdam/image/potsdam_297.tif,data/raw/WHU_Mix_cities/potsdam/label/potsdam_297.tif
train,potsdam,whu_mix,potsdam_881.tif,0,0,0,0,512,512,0.08242798,data/raw/WHU_Mix_cities/potsdam/image/potsdam_881.tif,data/raw/WHU_Mix_cities/potsdam/label/potsdam_881.tif
train,potsdam,whu_mix,potsdam_21.tif,0,0,0,0,512,512,0.32812881,data/raw/WHU_Mix_cities/potsdam/image/potsdam_21.tif,data/raw/WHU_Mix_cities/potsdam/label/potsdam_21.tif
train,potsdam,whu_mix,potsdam_920.tif,0,0,0,0,512,512,0.43524551,data/raw/WHU_Mix_cities/potsdam/image/potsdam_920.tif,data/raw/WHU_Mix_cities/potsdam/label/potsdam_920.tif
train,potsdam,whu_mix,potsdam_1132.tif,0,0,0,0,512,512,0.37049103,data/raw/WHU_Mix_cities/potsdam/image/potsdam_1132.tif,data/raw/WHU_Mix_cities/potsdam/label/potsdam_1132.tif
train,potsdam,whu_mix,potsdam_238.tif,0,0,0,0,512,512,0.02593613,data/raw/WHU_Mix_cities/potsdam/image/potsdam_238.tif,data/raw/WHU_Mix_cities/potsdam/label/potsdam_238.tif
train,potsdam,whu_mix,potsdam_569.tif,0,0,0,0,512,512,0.38552094,data/raw/WHU_Mix_cities/potsdam/image/potsdam_569.tif,data/raw/WHU_Mix_cities/potsdam/label/potsdam_569.tif
train,potsdam,whu_mix,potsdam_395.tif,0,0,0,0,512,512,0.24787140,data/raw/WHU_Mix_cities/potsdam/image/potsdam_395.tif,data/raw/WHU_Mix_cities/potsdam/label/potsdam_395.tif
train,potsdam,whu_mix,potsdam_860.tif,0,0,0,0,512,512,0.00258255,data/raw/WHU_Mix_cities/potsdam/image/potsdam_860.tif,data/raw/WHU_Mix_cities/potsdam/label/potsdam_860.tif
train,potsdam,whu_mix,potsdam_1099.tif,0,0,0,0,512,512,0.35049057,data/raw/WHU_Mix_cities/potsdam/image/potsdam_1099.tif,data/raw/WHU_Mix_cities/potsdam/label/potsdam_1099.tif
train,potsdam,whu_mix,potsdam_507.tif,0,0,0,0,512,512,0.29542923,data/raw/WHU_Mix_cities/potsdam/image/potsdam_507.tif,data/raw/WHU_Mix_cities/potsdam/label/potsdam_507.tif
train,potsdam,whu_mix,potsdam_228.tif,0,0,0,0,512,512,0.29301834,data/raw/WHU_Mix_cities/potsdam/image/potsdam_228.tif,data/raw/WHU_Mix_cities/potsdam/label/potsdam_228.tif
train,potsdam,whu_mix,potsdam_258.tif,0,0,0,0,512,512,0.00000000,data/raw/WHU_Mix_cities/potsdam/image/potsdam_258.tif,data/raw/WHU_Mix_cities/potsdam/label/potsdam_258.tif
train,potsdam,whu_mix,potsdam_586.tif,0,0,0,0,512,512,0.26284409,data/raw/WHU_Mix_cities/potsdam/image/potsdam_586.tif,data/raw/WHU_Mix_cities/potsdam/label/potsdam_586.tif
train,potsdam,whu_mix,potsdam_299.tif,0,0,0,0,512,512,0.32715225,data/raw/WHU_Mix_cities/potsdam/image/potsdam_299.tif,data/raw/WHU_Mix_cities/potsdam/label/potsdam_299.tif
train,potsdam,whu_mix,potsdam_664.tif,0,0,0,0,512,512,0.07400894,data/raw/WHU_Mix_cities/potsdam/image/potsdam_664.tif,data/raw/WHU_Mix_cities/potsdam/label/potsdam_664.tif
train,potsdam,whu_mix,potsdam_535.tif,0,0,0,0,512,512,0.16689682,data/raw/WHU_Mix_cities/potsdam/image/potsdam_535.tif,data/raw/WHU_Mix_cities/potsdam/label/potsdam_535.tif
train,potsdam,whu_mix,potsdam_822.tif,0,0,0,0,512,512,0.63703156,data/raw/WHU_Mix_cities/potsdam/image/potsdam_822.tif,data/raw/WHU_Mix_cities/potsdam/label/potsdam_822.tif
train,potsdam,whu_mix,potsdam_527.tif,0,0,0,0,512,512,0.50930023,data/raw/WHU_Mix_cities/potsdam/image/potsdam_527.tif,data/raw/WHU_Mix_cities/potsdam/label/potsdam_527.tif
train,potsdam,whu_mix,potsdam_574.tif,0,0,0,0,512,512,0.50487137,data/raw/WHU_Mix_cities/potsdam/image/potsdam_574.tif,data/raw/WHU_Mix_cities/potsdam/label/potsdam_574.tif
train,potsdam,whu_mix,potsdam_1061.tif,0,0,0,0,512,512,0.00000000,data/raw/WHU_Mix_cities/potsdam/image/potsdam_1061.tif,data/raw/WHU_Mix_cities/potsdam/label/potsdam_1061.tif
train,potsdam,whu_mix,potsdam_813.tif,0,0,0,0,512,512,0.27648926,data/raw/WHU_Mix_cities/potsdam/image/potsdam_813.tif,data/raw/WHU_Mix_cities/potsdam/label/potsdam_813.tif
train,potsdam,whu_mix,potsdam_805.tif,0,0,0,0,512,512,0.64814758,data/raw/WHU_Mix_cities/potsdam/image/potsdam_805.tif,data/raw/WHU_Mix_cities/potsdam/label/potsdam_805.tif
train,potsdam,whu_mix,potsdam_904.tif,0,0,0,0,512,512,0.39200211,data/raw/WHU_Mix_cities/potsdam/image/potsdam_904.tif,data/raw/WHU_Mix_cities/potsdam/label/potsdam_904.tif
train,potsdam,whu_mix,potsdam_118.tif,0,0,0,0,512,512,0.00000000,data/raw/WHU_Mix_cities/potsdam/image/potsdam_118.tif,data/raw/WHU_Mix_cities/potsdam/label/potsdam_118.tif
train,potsdam,whu_mix,potsdam_412.tif,0,0,0,0,512,512,0.19121170,data/raw/WHU_Mix_cities/potsdam/image/potsdam_412.tif,data/raw/WHU_Mix_cities/potsdam/label/potsdam_412.tif
train,potsdam,whu_mix,potsdam_326.tif,0,0,0,0,512,512,0.29528427,data/raw/WHU_Mix_cities/potsdam/image/potsdam_326.tif,data/raw/WHU_Mix_cities/potsdam/label/potsdam_326.tif
train,potsdam,whu_mix,potsdam_804.tif,0,0,0,0,512,512,0.07352066,data/raw/WHU_Mix_cities/potsdam/image/potsdam_804.tif,data/raw/WHU_Mix_cities/potsdam/label/potsdam_804.tif
train,potsdam,whu_mix,potsdam_198.tif,0,0,0,0,512,512,0.15856171,data/raw/WHU_Mix_cities/potsdam/image/potsdam_198.tif,data/raw/WHU_Mix_cities/potsdam/label/potsdam_198.tif
train,potsdam,whu_mix,potsdam_685.tif,0,0,0,0,512,512,0.00000000,data/raw/WHU_Mix_cities/potsdam/image/potsdam_685.tif,data/raw/WHU_Mix_cities/potsdam/label/potsdam_685.tif
train,potsdam,whu_mix,potsdam_426.tif,0,0,0,0,512,512,0.03886032,data/raw/WHU_Mix_cities/potsdam/image/potsdam_426.tif,data/raw/WHU_Mix_cities/potsdam/label/potsdam_426.tif
train,potsdam,whu_mix,potsdam_92.tif,0,0,0,0,512,512,0.00944901,data/raw/WHU_Mix_cities/potsdam/image/potsdam_92.tif,data/raw/WHU_Mix_cities/potsdam/label/potsdam_92.tif
train,potsdam,whu_mix,potsdam_682.tif,0,0,0,0,512,512,0.19547653,data/raw/WHU_Mix_cities/potsdam/image/potsdam_682.tif,data/raw/WHU_Mix_cities/potsdam/label/potsdam_682.tif
train,potsdam,whu_mix,potsdam_223.tif,0,0,0,0,512,512,0.00000000,data/raw/WHU_Mix_cities/potsdam/image/potsdam_223.tif,data/raw/WHU_Mix_cities/potsdam/label/potsdam_223.tif
train,potsdam,whu_mix,potsdam_675.tif,0,0,0,0,512,512,0.23352814,data/raw/WHU_Mix_cities/potsdam/image/potsdam_675.tif,data/raw/WHU_Mix_cities/potsdam/label/potsdam_675.tif
train,potsdam,whu_mix,potsdam_783.tif,0,0,0,0,512,512,0.00000000,data/raw/WHU_Mix_cities/potsdam/image/potsdam_783.tif,data/raw/WHU_Mix_cities/potsdam/label/potsdam_783.tif
train,potsdam,whu_mix,potsdam_64.tif,0,0,0,0,512,512,0.12110138,data/raw/WHU_Mix_cities/potsdam/image/potsdam_64.tif,data/raw/WHU_Mix_cities/potsdam/label/potsdam_64.tif
train,potsdam,whu_mix,potsdam_208.tif,0,0,0,0,512,512,0.28120422,data/raw/WHU_Mix_cities/potsdam/image/potsdam_208.tif,data/raw/WHU_Mix_cities/potsdam/label/potsdam_208.tif
train,potsdam,whu_mix,potsdam_793.tif,0,0,0,0,512,512,0.54212952,data/raw/WHU_Mix_cities/potsdam/image/potsdam_793.tif,data/raw/WHU_Mix_cities/potsdam/label/potsdam_793.tif
train,potsdam,whu_mix,potsdam_175.tif,0,0,0,0,512,512,0.00000000,data/raw/WHU_Mix_cities/potsdam/image/potsdam_175.tif,data/raw/WHU_Mix_cities/potsdam/label/potsdam_175.tif
train,potsdam,whu_mix,potsdam_543.tif,0,0,0,0,512,512,0.38093185,data/raw/WHU_Mix_cities/potsdam/image/potsdam_543.tif,data/raw/WHU_Mix_cities/potsdam/label/potsdam_543.tif
train,potsdam,whu_mix,potsdam_428.tif,0,0,0,0,512,512,0.57944107,data/raw/WHU_Mix_cities/potsdam/image/potsdam_428.tif,data/raw/WHU_Mix_cities/potsdam/label/potsdam_428.tif
train,potsdam,whu_mix,potsdam_1041.tif,0,0,0,0,512,512,0.21599579,data/raw/WHU_Mix_cities/potsdam/image/potsdam_1041.tif,data/raw/WHU_Mix_cities/potsdam/label/potsdam_1041.tif
train,potsdam,whu_mix,potsdam_54.tif,0,0,0,0,512,512,0.19151688,data/raw/WHU_Mix_cities/potsdam/image/potsdam_54.tif,data/raw/WHU_Mix_cities/potsdam/label/potsdam_54.tif
train,potsdam,whu_mix,potsdam_343.tif,0,0,0,0,512,512,0.27911758,data/raw/WHU_Mix_cities/potsdam/image/potsdam_343.tif,data/raw/WHU_Mix_cities/potsdam/label/potsdam_343.tif
train,potsdam,whu_mix,potsdam_778.tif,0,0,0,0,512,512,0.16119003,data/raw/WHU_Mix_cities/potsdam/image/potsdam_778.tif,data/raw/WHU_Mix_cities/potsdam/label/potsdam_778.tif
train,potsdam,whu_mix,potsdam_884.tif,0,0,0,0,512,512,0.19463730,data/raw/WHU_Mix_cities/potsdam/image/potsdam_884.tif,data/raw/WHU_Mix_cities/potsdam/label/potsdam_884.tif
train,potsdam,whu_mix,potsdam_645.tif,0,0,0,0,512,512,0.58986282,data/raw/WHU_Mix_cities/potsdam/image/potsdam_645.tif,data/raw/WHU_Mix_cities/potsdam/label/potsdam_645.tif
train,potsdam,whu_mix,potsdam_1118.tif,0,0,0,0,512,512,0.07200623,data/raw/WHU_Mix_cities/potsdam/image/potsdam_1118.tif,data/raw/WHU_Mix_cities/potsdam/label/potsdam_1118.tif
train,potsdam,whu_mix,potsdam_628.tif,0,0,0,0,512,512,0.20457840,data/raw/WHU_Mix_cities/potsdam/image/potsdam_628.tif,data/raw/WHU_Mix_cities/potsdam/label/potsdam_628.tif
train,potsdam,whu_mix,potsdam_546.tif,0,0,0,0,512,512,0.25503540,data/raw/WHU_Mix_cities/potsdam/image/potsdam_546.tif,data/raw/WHU_Mix_cities/potsdam/label/potsdam_546.tif
train,potsdam,whu_mix,potsdam_866.tif,0,0,0,0,512,512,0.37678909,data/raw/WHU_Mix_cities/potsdam/image/potsdam_866.tif,data/raw/WHU_Mix_cities/potsdam/label/potsdam_866.tif
train,potsdam,whu_mix,potsdam_565.tif,0,0,0,0,512,512,0.63537979,data/raw/WHU_Mix_cities/potsdam/image/potsdam_565.tif,data/raw/WHU_Mix_cities/potsdam/label/potsdam_565.tif
train,potsdam,whu_mix,potsdam_771.tif,0,0,0,0,512,512,0.06606674,data/raw/WHU_Mix_cities/potsdam/image/potsdam_771.tif,data/raw/WHU_Mix_cities/potsdam/label/potsdam_771.tif
train,potsdam,whu_mix,potsdam_122.tif,0,0,0,0,512,512,0.00000000,data/raw/WHU_Mix_cities/potsdam/image/potsdam_122.tif,data/raw/WHU_Mix_cities/potsdam/label/potsdam_122.tif
train,potsdam,whu_mix,potsdam_610.tif,0,0,0,0,512,512,0.02257538,data/raw/WHU_Mix_cities/potsdam/image/potsdam_610.tif,data/raw/WHU_Mix_cities/potsdam/label/potsdam_610.tif
train,potsdam,whu_mix,potsdam_760.tif,0,0,0,0,512,512,0.11989975,data/raw/WHU_Mix_cities/potsdam/image/potsdam_760.tif,data/raw/WHU_Mix_cities/potsdam/label/potsdam_760.tif
train,potsdam,whu_mix,potsdam_183.tif,0,0,0,0,512,512,0.24095535,data/raw/WHU_Mix_cities/potsdam/image/potsdam_183.tif,data/raw/WHU_Mix_cities/potsdam/label/potsdam_183.tif
train,potsdam,whu_mix,potsdam_236.tif,0,0,0,0,512,512,0.14442062,data/raw/WHU_Mix_cities/potsdam/image/potsdam_236.tif,data/raw/WHU_Mix_cities/potsdam/label/potsdam_236.tif
train,potsdam,whu_mix,potsdam_1031.tif,0,0,0,0,512,512,0.01439285,data/raw/WHU_Mix_cities/potsdam/image/potsdam_1031.tif,data/raw/WHU_Mix_cities/potsdam/label/potsdam_1031.tif
train,potsdam,whu_mix,potsdam_261.tif,0,0,0,0,512,512,0.31227875,data/raw/WHU_Mix_cities/potsdam/image/potsdam_261.tif,data/raw/WHU_Mix_cities/potsdam/label/potsdam_261.tif
train,potsdam,whu_mix,potsdam_177.tif,0,0,0,0,512,512,0.03548431,data/raw/WHU_Mix_cities/potsdam/image/potsdam_177.tif,data/raw/WHU_Mix_cities/potsdam/label/potsdam_177.tif
train,potsdam,whu_mix,potsdam_103.tif,0,0,0,0,512,512,0.02179718,data/raw/WHU_Mix_cities/potsdam/image/potsdam_103.tif,data/raw/WHU_Mix_cities/potsdam/label/potsdam_103.tif
train,potsdam,whu_mix,potsdam_563.tif,0,0,0,0,512,512,0.45920563,data/raw/WHU_Mix_cities/potsdam/image/potsdam_563.tif,data/raw/WHU_Mix_cities/potsdam/label/potsdam_563.tif
train,potsdam,whu_mix,potsdam_944.tif,0,0,0,0,512,512,0.14308548,data/raw/WHU_Mix_cities/potsdam/image/potsdam_944.tif,data/raw/WHU_Mix_cities/potsdam/label/potsdam_944.tif
train,potsdam,whu_mix,potsdam_902.tif,0,0,0,0,512,512,0.11703873,data/raw/WHU_Mix_cities/potsdam/image/potsdam_902.tif,data/raw/WHU_Mix_cities/potsdam/label/potsdam_902.tif
train,potsdam,whu_mix,potsdam_479.tif,0,0,0,0,512,512,0.36169434,data/raw/WHU_Mix_cities/potsdam/image/potsdam_479.tif,data/raw/WHU_Mix_cities/potsdam/label/potsdam_479.tif
train,potsdam,whu_mix,potsdam_431.tif,0,0,0,0,512,512,0.19966507,data/raw/WHU_Mix_cities/potsdam/image/potsdam_431.tif,data/raw/WHU_Mix_cities/potsdam/label/potsdam_431.tif
train,potsdam,whu_mix,potsdam_725.tif,0,0,0,0,512,512,0.14513016,data/raw/WHU_Mix_cities/potsdam/image/potsdam_725.tif,data/raw/WHU_Mix_cities/potsdam/label/potsdam_725.tif
train,potsdam,whu_mix,potsdam_481.tif,0,0,0,0,512,512,0.25932693,data/raw/WHU_Mix_cities/potsdam/image/potsdam_481.tif,data/raw/WHU_Mix_cities/potsdam/label/potsdam_481.tif
train,potsdam,whu_mix,potsdam_80.tif,0,0,0,0,512,512,0.06051254,data/raw/WHU_Mix_cities/potsdam/image/potsdam_80.tif,data/raw/WHU_Mix_cities/potsdam/label/potsdam_80.tif
train,potsdam,whu_mix,potsdam_484.tif,0,0,0,0,512,512,0.18910980,data/raw/WHU_Mix_cities/potsdam/image/potsdam_484.tif,data/raw/WHU_Mix_cities/potsdam/label/potsdam_484.tif
train,potsdam,whu_mix,potsdam_496.tif,0,0,0,0,512,512,0.11865997,data/raw/WHU_Mix_cities/potsdam/image/potsdam_496.tif,data/raw/WHU_Mix_cities/potsdam/label/potsdam_496.tif
train,potsdam,whu_mix,potsdam_560.tif,0,0,0,0,512,512,0.41697693,data/raw/WHU_Mix_cities/potsdam/image/potsdam_560.tif,data/raw/WHU_Mix_cities/potsdam/label/potsdam_560.tif
train,potsdam,whu_mix,potsdam_999.tif,0,0,0,0,512,512,0.00422287,data/raw/WHU_Mix_cities/potsdam/image/potsdam_999.tif,data/raw/WHU_Mix_cities/potsdam/label/potsdam_999.tif
train,potsdam,whu_mix,potsdam_149.tif,0,0,0,0,512,512,0.27757645,data/raw/WHU_Mix_cities/potsdam/image/potsdam_149.tif,data/raw/WHU_Mix_cities/potsdam/label/potsdam_149.tif
train,potsdam,whu_mix,potsdam_843.tif,0,0,0,0,512,512,0.61535645,data/raw/WHU_Mix_cities/potsdam/image/potsdam_843.tif,data/raw/WHU_Mix_cities/potsdam/label/potsdam_843.tif
train,potsdam,whu_mix,potsdam_475.tif,0,0,0,0,512,512,0.08530045,data/raw/WHU_Mix_cities/potsdam/image/potsdam_475.tif,data/raw/WHU_Mix_cities/potsdam/label/potsdam_475.tif
train,potsdam,whu_mix,potsdam_1006.tif,0,0,0,0,512,512,0.15945435,data/raw/WHU_Mix_cities/potsdam/image/potsdam_1006.tif,data/raw/WHU_Mix_cities/potsdam/label/potsdam_1006.tif
train,potsdam,whu_mix,potsdam_334.tif,0,0,0,0,512,512,0.29315186,data/raw/WHU_Mix_cities/potsdam/image/potsdam_334.tif,data/raw/WHU_Mix_cities/potsdam/label/potsdam_334.tif
train,potsdam,whu_mix,potsdam_988.tif,0,0,0,0,512,512,0.30760574,data/raw/WHU_Mix_cities/potsdam/image/potsdam_988.tif,data/raw/WHU_Mix_cities/potsdam/label/potsdam_988.tif
train,potsdam,whu_mix,potsdam_968.tif,0,0,0,0,512,512,0.34974289,data/raw/WHU_Mix_cities/potsdam/image/potsdam_968.tif,data/raw/WHU_Mix_cities/potsdam/label/potsdam_968.tif
train,potsdam,whu_mix,potsdam_286.tif,0,0,0,0,512,512,0.04301453,data/raw/WHU_Mix_cities/potsdam/image/potsdam_286.tif,data/raw/WHU_Mix_cities/potsdam/label/potsdam_286.tif
train,potsdam,whu_mix,potsdam_661.tif,0,0,0,0,512,512,0.42027664,data/raw/WHU_Mix_cities/potsdam/image/potsdam_661.tif,data/raw/WHU_Mix_cities/potsdam/label/potsdam_661.tif
train,potsdam,whu_mix,potsdam_996.tif,0,0,0,0,512,512,0.38798904,data/raw/WHU_Mix_cities/potsdam/image/potsdam_996.tif,data/raw/WHU_Mix_cities/potsdam/label/potsdam_996.tif
train,potsdam,whu_mix,potsdam_257.tif,0,0,0,0,512,512,0.13352203,data/raw/WHU_Mix_cities/potsdam/image/potsdam_257.tif,data/raw/WHU_Mix_cities/potsdam/label/potsdam_257.tif
train,potsdam,whu_mix,potsdam_654.tif,0,0,0,0,512,512,0.31101227,data/raw/WHU_Mix_cities/potsdam/image/potsdam_654.tif,data/raw/WHU_Mix_cities/potsdam/label/potsdam_654.tif
train,potsdam,whu_mix,potsdam_762.tif,0,0,0,0,512,512,0.20385361,data/raw/WHU_Mix_cities/potsdam/image/potsdam_762.tif,data/raw/WHU_Mix_cities/potsdam/label/potsdam_762.tif
train,potsdam,whu_mix,potsdam_914.tif,0,0,0,0,512,512,0.27355576,data/raw/WHU_Mix_cities/potsdam/image/potsdam_914.tif,data/raw/WHU_Mix_cities/potsdam/label/potsdam_914.tif
train,potsdam,whu_mix,potsdam_128.tif,0,0,0,0,512,512,0.00000000,data/raw/WHU_Mix_cities/potsdam/image/potsdam_128.tif,data/raw/WHU_Mix_cities/potsdam/label/potsdam_128.tif
train,potsdam,whu_mix,potsdam_534.tif,0,0,0,0,512,512,0.09772491,data/raw/WHU_Mix_cities/potsdam/image/potsdam_534.tif,data/raw/WHU_Mix_cities/potsdam/label/potsdam_534.tif
train,potsdam,whu_mix,potsdam_477.tif,0,0,0,0,512,512,0.26103592,data/raw/WHU_Mix_cities/potsdam/image/potsdam_477.tif,data/raw/WHU_Mix_cities/potsdam/label/potsdam_477.tif
train,potsdam,whu_mix,potsdam_683.tif,0,0,0,0,512,512,0.17836761,data/raw/WHU_Mix_cities/potsdam/image/potsdam_683.tif,data/raw/WHU_Mix_cities/potsdam/label/potsdam_683.tif
train,potsdam,whu_mix,potsdam_79.tif,0,0,0,0,512,512,0.00928497,data/raw/WHU_Mix_cities/potsdam/image/potsdam_79.tif,data/raw/WHU_Mix_cities/potsdam/label/potsdam_79.tif
train,potsdam,whu_mix,potsdam_364.tif,0,0,0,0,512,512,0.40580368,data/raw/WHU_Mix_cities/potsdam/image/potsdam_364.tif,data/raw/WHU_Mix_cities/potsdam/label/potsdam_364.tif
train,potsdam,whu_mix,potsdam_575.tif,0,0,0,0,512,512,0.77917099,data/raw/WHU_Mix_cities/potsdam/image/potsdam_575.tif,data/raw/WHU_Mix_cities/potsdam/label/potsdam_575.tif
train,potsdam,whu_mix,potsdam_1145.tif,0,0,0,0,512,512,0.42134094,data/raw/WHU_Mix_cities/potsdam/image/potsdam_1145.tif,data/raw/WHU_Mix_cities/potsdam/label/potsdam_1145.tif
train,potsdam,whu_mix,potsdam_6.tif,0,0,0,0,512,512,0.08847046,data/raw/WHU_Mix_cities/potsdam/image/potsdam_6.tif,data/raw/WHU_Mix_cities/potsdam/label/potsdam_6.tif
train,potsdam,whu_mix,potsdam_779.tif,0,0,0,0,512,512,0.09430695,data/raw/WHU_Mix_cities/potsdam/image/potsdam_779.tif,data/raw/WHU_Mix_cities/potsdam/label/potsdam_779.tif
train,potsdam,whu_mix,potsdam_758.tif,0,0,0,0,512,512,0.23846817,data/raw/WHU_Mix_cities/potsdam/image/potsdam_758.tif,data/raw/WHU_Mix_cities/potsdam/label/potsdam_758.tif
train,potsdam,whu_mix,potsdam_501.tif,0,0,0,0,512,512,0.00000000,data/raw/WHU_Mix_cities/potsdam/image/potsdam_501.tif,data/raw/WHU_Mix_cities/potsdam/label/potsdam_501.tif
train,potsdam,whu_mix,potsdam_1149.tif,0,0,0,0,512,512,0.27162170,data/raw/WHU_Mix_cities/potsdam/image/potsdam_1149.tif,data/raw/WHU_Mix_cities/potsdam/label/potsdam_1149.tif
train,potsdam,whu_mix,potsdam_351.tif,0,0,0,0,512,512,0.22181320,data/raw/WHU_Mix_cities/potsdam/image/potsdam_351.tif,data/raw/WHU_Mix_cities/potsdam/label/potsdam_351.tif
train,potsdam,whu_mix,potsdam_137.tif,0,0,0,0,512,512,0.00000000,data/raw/WHU_Mix_cities/potsdam/image/potsdam_137.tif,data/raw/WHU_Mix_cities/potsdam/label/potsdam_137.tif
train,potsdam,whu_mix,potsdam_1122.tif,0,0,0,0,512,512,0.02557755,data/raw/WHU_Mix_cities/potsdam/image/potsdam_1122.tif,data/raw/WHU_Mix_cities/potsdam/label/potsdam_1122.tif
train,potsdam,whu_mix,potsdam_276.tif,0,0,0,0,512,512,0.19834518,data/raw/WHU_Mix_cities/potsdam/image/potsdam_276.tif,data/raw/WHU_Mix_cities/potsdam/label/potsdam_276.tif
train,potsdam,whu_mix,potsdam_20.tif,0,0,0,0,512,512,0.00000000,data/raw/WHU_Mix_cities/potsdam/image/potsdam_20.tif,data/raw/WHU_Mix_cities/potsdam/label/potsdam_20.tif
train,potsdam,whu_mix,potsdam_1123.tif,0,0,0,0,512,512,0.16258621,data/raw/WHU_Mix_cities/potsdam/image/potsdam_1123.tif,data/raw/WHU_Mix_cities/potsdam/label/potsdam_1123.tif
train,potsdam,whu_mix,potsdam_99.tif,0,0,0,0,512,512,0.03537750,data/raw/WHU_Mix_cities/potsdam/image/potsdam_99.tif,data/raw/WHU_Mix_cities/potsdam/label/potsdam_99.tif
train,potsdam,whu_mix,potsdam_114.tif,0,0,0,0,512,512,0.18352509,data/raw/WHU_Mix_cities/potsdam/image/potsdam_114.tif,data/raw/WHU_Mix_cities/potsdam/label/potsdam_114.tif
train,potsdam,whu_mix,potsdam_896.tif,0,0,0,0,512,512,0.27042389,data/raw/WHU_Mix_cities/potsdam/image/potsdam_896.tif,data/raw/WHU_Mix_cities/potsdam/label/potsdam_896.tif
train,potsdam,whu_mix,potsdam_593.tif,0,0,0,0,512,512,0.03218079,data/raw/WHU_Mix_cities/potsdam/image/potsdam_593.tif,data/raw/WHU_Mix_cities/potsdam/label/potsdam_593.tif
train,potsdam,whu_mix,potsdam_618.tif,0,0,0,0,512,512,0.26013947,data/raw/WHU_Mix_cities/potsdam/image/potsdam_618.tif,data/raw/WHU_Mix_cities/potsdam/label/potsdam_618.tif
train,potsdam,whu_mix,potsdam_267.tif,0,0,0,0,512,512,0.19817352,data/raw/WHU_Mix_cities/potsdam/image/potsdam_267.tif,data/raw/WHU_Mix_cities/potsdam/label/potsdam_267.tif
train,potsdam,whu_mix,potsdam_127.tif,0,0,0,0,512,512,0.08860397,data/raw/WHU_Mix_cities/potsdam/image/potsdam_127.tif,data/raw/WHU_Mix_cities/potsdam/label/potsdam_127.tif
train,potsdam,whu_mix,potsdam_622.tif,0,0,0,0,512,512,0.12401962,data/raw/WHU_Mix_cities/potsdam/image/potsdam_622.tif,data/raw/WHU_Mix_cities/potsdam/label/potsdam_622.tif
train,potsdam,whu_mix,potsdam_657.tif,0,0,0,0,512,512,0.00000000,data/raw/WHU_Mix_cities/potsdam/image/potsdam_657.tif,data/raw/WHU_Mix_cities/potsdam/label/potsdam_657.tif
train,potsdam,whu_mix,potsdam_327.tif,0,0,0,0,512,512,0.22151947,data/raw/WHU_Mix_cities/potsdam/image/potsdam_327.tif,data/raw/WHU_Mix_cities/potsdam/label/potsdam_327.tif
train,potsdam,whu_mix,potsdam_713.tif,0,0,0,0,512,512,0.16209793,data/raw/WHU_Mix_cities/potsdam/image/potsdam_713.tif,data/raw/WHU_Mix_cities/potsdam/label/potsdam_713.tif
train,potsdam,whu_mix,potsdam_656.tif,0,0,0,0,512,512,0.00000000,data/raw/WHU_Mix_cities/potsdam/image/potsdam_656.tif,data/raw/WHU_Mix_cities/potsdam/label/potsdam_656.tif
train,potsdam,whu_mix,potsdam_590.tif,0,0,0,0,512,512,0.00000000,data/raw/WHU_Mix_cities/potsdam/image/potsdam_590.tif,data/raw/WHU_Mix_cities/potsdam/label/potsdam_590.tif
train,potsdam,whu_mix,potsdam_375.tif,0,0,0,0,512,512,0.20516586,data/raw/WHU_Mix_cities/potsdam/image/potsdam_375.tif,data/raw/WHU_Mix_cities/potsdam/label/potsdam_375.tif
train,potsdam,whu_mix,potsdam_614.tif,0,0,0,0,512,512,0.08813095,data/raw/WHU_Mix_cities/potsdam/image/potsdam_614.tif,data/raw/WHU_Mix_cities/potsdam/label/potsdam_614.tif
train,potsdam,whu_mix,potsdam_899.tif,0,0,0,0,512,512,0.46255112,data/raw/WHU_Mix_cities/potsdam/image/potsdam_899.tif,data/raw/WHU_Mix_cities/potsdam/label/potsdam_899.tif
train,potsdam,whu_mix,potsdam_284.tif,0,0,0,0,512,512,0.42735672,data/raw/WHU_Mix_cities/potsdam/image/potsdam_284.tif,data/raw/WHU_Mix_cities/potsdam/label/potsdam_284.tif
train,potsdam,whu_mix,potsdam_643.tif,0,0,0,0,512,512,0.09361267,data/raw/WHU_Mix_cities/potsdam/image/potsdam_643.tif,data/raw/WHU_Mix_cities/potsdam/label/potsdam_643.tif
train,potsdam,whu_mix,potsdam_521.tif,0,0,0,0,512,512,0.54137421,data/raw/WHU_Mix_cities/potsdam/image/potsdam_521.tif,data/raw/WHU_Mix_cities/potsdam/label/potsdam_521.tif
train,potsdam,whu_mix,potsdam_48.tif,0,0,0,0,512,512,0.11986923,data/raw/WHU_Mix_cities/potsdam/image/potsdam_48.tif,data/raw/WHU_Mix_cities/potsdam/label/potsdam_48.tif
train,potsdam,whu_mix,potsdam_222.tif,0,0,0,0,512,512,0.00000000,data/raw/WHU_Mix_cities/potsdam/image/potsdam_222.tif,data/raw/WHU_Mix_cities/potsdam/label/potsdam_222.tif
train,potsdam,whu_mix,potsdam_818.tif,0,0,0,0,512,512,0.26799774,data/raw/WHU_Mix_cities/potsdam/image/potsdam_818.tif,data/raw/WHU_Mix_cities/potsdam/label/potsdam_818.tif
train,potsdam,whu_mix,potsdam_862.tif,0,0,0,0,512,512,0.33023071,data/raw/WHU_Mix_cities/potsdam/image/potsdam_862.tif,data/raw/WHU_Mix_cities/potsdam/label/potsdam_862.tif
train,potsdam,whu_mix,potsdam_152.tif,0,0,0,0,512,512,0.12966537,data/raw/WHU_Mix_cities/potsdam/image/potsdam_152.tif,data/raw/WHU_Mix_cities/potsdam/label/potsdam_152.tif
train,potsdam,whu_mix,potsdam_824.tif,0,0,0,0,512,512,0.30278015,data/raw/WHU_Mix_cities/potsdam/image/potsdam_824.tif,data/raw/WHU_Mix_cities/potsdam/label/potsdam_824.tif
train,potsdam,whu_mix,potsdam_342.tif,0,0,0,0,512,512,0.00395203,data/raw/WHU_Mix_cities/potsdam/image/potsdam_342.tif,data/raw/WHU_Mix_cities/potsdam/label/potsdam_342.tif
train,potsdam,whu_mix,potsdam_918.tif,0,0,0,0,512,512,0.44683456,data/raw/WHU_Mix_cities/potsdam/image/potsdam_918.tif,data/raw/WHU_Mix_cities/potsdam/label/potsdam_918.tif
train,potsdam,whu_mix,potsdam_926.tif,0,0,0,0,512,512,0.09605789,data/raw/WHU_Mix_cities/potsdam/image/potsdam_926.tif,data/raw/WHU_Mix_cities/potsdam/label/potsdam_926.tif
train,potsdam,whu_mix,potsdam_921.tif,0,0,0,0,512,512,0.31917572,data/raw/WHU_Mix_cities/potsdam/image/potsdam_921.tif,data/raw/WHU_Mix_cities/potsdam/label/potsdam_921.tif
train,potsdam,whu_mix,potsdam_578.tif,0,0,0,0,512,512,0.52868271,data/raw/WHU_Mix_cities/potsdam/image/potsdam_578.tif,data/raw/WHU_Mix_cities/potsdam/label/potsdam_578.tif
train,potsdam,whu_mix,potsdam_880.tif,0,0,0,0,512,512,0.31152344,data/raw/WHU_Mix_cities/potsdam/image/potsdam_880.tif,data/raw/WHU_Mix_cities/potsdam/label/potsdam_880.tif
train,potsdam,whu_mix,potsdam_241.tif,0,0,0,0,512,512,0.08039856,data/raw/WHU_Mix_cities/potsdam/image/potsdam_241.tif,data/raw/WHU_Mix_cities/potsdam/label/potsdam_241.tif
train,potsdam,whu_mix,potsdam_161.tif,0,0,0,0,512,512,0.10978317,data/raw/WHU_Mix_cities/potsdam/image/potsdam_161.tif,data/raw/WHU_Mix_cities/potsdam/label/potsdam_161.tif
train,potsdam,whu_mix,potsdam_171.tif,0,0,0,0,512,512,0.19405746,data/raw/WHU_Mix_cities/potsdam/image/potsdam_171.tif,data/raw/WHU_Mix_cities/potsdam/label/potsdam_171.tif
train,potsdam,whu_mix,potsdam_1001.tif,0,0,0,0,512,512,0.26304245,data/raw/WHU_Mix_cities/potsdam/image/potsdam_1001.tif,data/raw/WHU_Mix_cities/potsdam/label/potsdam_1001.tif
train,potsdam,whu_mix,potsdam_934.tif,0,0,0,0,512,512,0.36754227,data/raw/WHU_Mix_cities/potsdam/image/potsdam_934.tif,data/raw/WHU_Mix_cities/potsdam/label/potsdam_934.tif
train,potsdam,whu_mix,potsdam_413.tif,0,0,0,0,512,512,0.16639328,data/raw/WHU_Mix_cities/potsdam/image/potsdam_413.tif,data/raw/WHU_Mix_cities/potsdam/label/potsdam_413.tif
train,potsdam,whu_mix,potsdam_814.tif,0,0,0,0,512,512,0.41800690,data/raw/WHU_Mix_cities/potsdam/image/potsdam_814.tif,data/raw/WHU_Mix_cities/potsdam/label/potsdam_814.tif
train,potsdam,whu_mix,potsdam_437.tif,0,0,0,0,512,512,0.00000000,data/raw/WHU_Mix_cities/potsdam/image/potsdam_437.tif,data/raw/WHU_Mix_cities/potsdam/label/potsdam_437.tif
train,potsdam,whu_mix,potsdam_153.tif,0,0,0,0,512,512,0.18778229,data/raw/WHU_Mix_cities/potsdam/image/potsdam_153.tif,data/raw/WHU_Mix_cities/potsdam/label/potsdam_153.tif
train,potsdam,whu_mix,potsdam_978.tif,0,0,0,0,512,512,0.00040054,data/raw/WHU_Mix_cities/potsdam/image/potsdam_978.tif,data/raw/WHU_Mix_cities/potsdam/label/potsdam_978.tif
train,potsdam,whu_mix,potsdam_1028.tif,0,0,0,0,512,512,0.00000000,data/raw/WHU_Mix_cities/potsdam/image/potsdam_1028.tif,data/raw/WHU_Mix_cities/potsdam/label/potsdam_1028.tif
train,potsdam,whu_mix,potsdam_858.tif,0,0,0,0,512,512,0.24924469,data/raw/WHU_Mix_cities/potsdam/image/potsdam_858.tif,data/raw/WHU_Mix_cities/potsdam/label/potsdam_858.tif
train,potsdam,whu_mix,potsdam_96.tif,0,0,0,0,512,512,0.04657364,data/raw/WHU_Mix_cities/potsdam/image/potsdam_96.tif,data/raw/WHU_Mix_cities/potsdam/label/potsdam_96.tif
train,potsdam,whu_mix,potsdam_998.tif,0,0,0,0,512,512,0.00000000,data/raw/WHU_Mix_cities/potsdam/image/potsdam_998.tif,data/raw/WHU_Mix_cities/potsdam/label/potsdam_998.tif
train,potsdam,whu_mix,potsdam_644.tif,0,0,0,0,512,512,0.11906815,data/raw/WHU_Mix_cities/potsdam/image/potsdam_644.tif,data/raw/WHU_Mix_cities/potsdam/label/potsdam_644.tif
train,potsdam,whu_mix,potsdam_959.tif,0,0,0,0,512,512,0.17772675,data/raw/WHU_Mix_cities/potsdam/image/potsdam_959.tif,data/raw/WHU_Mix_cities/potsdam/label/potsdam_959.tif
train,potsdam,whu_mix,potsdam_139.tif,0,0,0,0,512,512,0.00000000,data/raw/WHU_Mix_cities/potsdam/image/potsdam_139.tif,data/raw/WHU_Mix_cities/potsdam/label/potsdam_139.tif
train,potsdam,whu_mix,potsdam_634.tif,0,0,0,0,512,512,0.21290970,data/raw/WHU_Mix_cities/potsdam/image/potsdam_634.tif,data/raw/WHU_Mix_cities/potsdam/label/potsdam_634.tif
train,potsdam,whu_mix,potsdam_389.tif,0,0,0,0,512,512,0.07173157,data/raw/WHU_Mix_cities/potsdam/image/potsdam_389.tif,data/raw/WHU_Mix_cities/potsdam/label/potsdam_389.tif
train,potsdam,whu_mix,potsdam_985.tif,0,0,0,0,512,512,0.14286423,data/raw/WHU_Mix_cities/potsdam/image/potsdam_985.tif,data/raw/WHU_Mix_cities/potsdam/label/potsdam_985.tif
train,potsdam,whu_mix,potsdam_450.tif,0,0,0,0,512,512,0.07370377,data/raw/WHU_Mix_cities/potsdam/image/potsdam_450.tif,data/raw/WHU_Mix_cities/potsdam/label/potsdam_450.tif
train,potsdam,whu_mix,potsdam_410.tif,0,0,0,0,512,512,0.46836853,data/raw/WHU_Mix_cities/potsdam/image/potsdam_410.tif,data/raw/WHU_Mix_cities/potsdam/label/potsdam_410.tif
train,potsdam,whu_mix,potsdam_558.tif,0,0,0,0,512,512,0.61234283,data/raw/WHU_Mix_cities/potsdam/image/potsdam_558.tif,data/raw/WHU_Mix_cities/potsdam/label/potsdam_558.tif
train,potsdam,whu_mix,potsdam_306.tif,0,0,0,0,512,512,0.31805801,data/raw/WHU_Mix_cities/potsdam/image/potsdam_306.tif,data/raw/WHU_Mix_cities/potsdam/label/potsdam_306.tif
train,potsdam,whu_mix,potsdam_1170.tif,0,0,0,0,512,512,0.00282288,data/raw/WHU_Mix_cities/potsdam/image/potsdam_1170.tif,data/raw/WHU_Mix_cities/potsdam/label/potsdam_1170.tif
train,potsdam,whu_mix,potsdam_55.tif,0,0,0,0,512,512,0.03079605,data/raw/WHU_Mix_cities/potsdam/image/potsdam_55.tif,data/raw/WHU_Mix_cities/potsdam/label/potsdam_55.tif
train,potsdam,whu_mix,potsdam_129.tif,0,0,0,0,512,512,0.00000000,data/raw/WHU_Mix_cities/potsdam/image/potsdam_129.tif,data/raw/WHU_Mix_cities/potsdam/label/potsdam_129.tif
train,potsdam,whu_mix,potsdam_51.tif,0,0,0,0,512,512,0.00000000,data/raw/WHU_Mix_cities/potsdam/image/potsdam_51.tif,data/raw/WHU_Mix_cities/potsdam/label/potsdam_51.tif
train,potsdam,whu_mix,potsdam_204.tif,0,0,0,0,512,512,0.00000000,data/raw/WHU_Mix_cities/potsdam/image/potsdam_204.tif,data/raw/WHU_Mix_cities/potsdam/label/potsdam_204.tif
train,potsdam,whu_mix,potsdam_1175.tif,0,0,0,0,512,512,0.11347961,data/raw/WHU_Mix_cities/potsdam/image/potsdam_1175.tif,data/raw/WHU_Mix_cities/potsdam/label/potsdam_1175.tif
train,potsdam,whu_mix,potsdam_756.tif,0,0,0,0,512,512,0.26137543,data/raw/WHU_Mix_cities/potsdam/image/potsdam_756.tif,data/raw/WHU_Mix_cities/potsdam/label/potsdam_756.tif
train,potsdam,whu_mix,potsdam_77.tif,0,0,0,0,512,512,0.38788986,data/raw/WHU_Mix_cities/potsdam/image/potsdam_77.tif,data/raw/WHU_Mix_cities/potsdam/label/potsdam_77.tif
train,potsdam,whu_mix,potsdam_651.tif,0,0,0,0,512,512,0.02215195,data/raw/WHU_Mix_cities/potsdam/image/potsdam_651.tif,data/raw/WHU_Mix_cities/potsdam/label/potsdam_651.tif
train,potsdam,whu_mix,potsdam_718.tif,0,0,0,0,512,512,0.33959961,data/raw/WHU_Mix_cities/potsdam/image/potsdam_718.tif,data/raw/WHU_Mix_cities/potsdam/label/potsdam_718.tif
train,potsdam,whu_mix,potsdam_1020.tif,0,0,0,0,512,512,0.00000000,data/raw/WHU_Mix_cities/potsdam/image/potsdam_1020.tif,data/raw/WHU_Mix_cities/potsdam/label/potsdam_1020.tif
train,potsdam,whu_mix,potsdam_112.tif,0,0,0,0,512,512,0.00000000,data/raw/WHU_Mix_cities/potsdam/image/potsdam_112.tif,data/raw/WHU_Mix_cities/potsdam/label/potsdam_112.tif
train,potsdam,whu_mix,potsdam_76.tif,0,0,0,0,512,512,0.04056549,data/raw/WHU_Mix_cities/potsdam/image/potsdam_76.tif,data/raw/WHU_Mix_cities/potsdam/label/potsdam_76.tif
train,potsdam,whu_mix,potsdam_842.tif,0,0,0,0,512,512,0.35305023,data/raw/WHU_Mix_cities/potsdam/image/potsdam_842.tif,data/raw/WHU_Mix_cities/potsdam/label/potsdam_842.tif
train,potsdam,whu_mix,potsdam_1069.tif,0,0,0,0,512,512,0.19916916,data/raw/WHU_Mix_cities/potsdam/image/potsdam_1069.tif,data/raw/WHU_Mix_cities/potsdam/label/potsdam_1069.tif
train,potsdam,whu_mix,potsdam_834.tif,0,0,0,0,512,512,0.35050964,data/raw/WHU_Mix_cities/potsdam/image/potsdam_834.tif,data/raw/WHU_Mix_cities/potsdam/label/potsdam_834.tif
train,potsdam,whu_mix,potsdam_440.tif,0,0,0,0,512,512,0.00000000,data/raw/WHU_Mix_cities/potsdam/image/potsdam_440.tif,data/raw/WHU_Mix_cities/potsdam/label/potsdam_440.tif
train,potsdam,whu_mix,potsdam_705.tif,0,0,0,0,512,512,0.38663864,data/raw/WHU_Mix_cities/potsdam/image/potsdam_705.tif,data/raw/WHU_Mix_cities/potsdam/label/potsdam_705.tif
train,potsdam,whu_mix,potsdam_803.tif,0,0,0,0,512,512,0.31327438,data/raw/WHU_Mix_cities/potsdam/image/potsdam_803.tif,data/raw/WHU_Mix_cities/potsdam/label/potsdam_803.tif
train,potsdam,whu_mix,potsdam_110.tif,0,0,0,0,512,512,0.00000000,data/raw/WHU_Mix_cities/potsdam/image/potsdam_110.tif,data/raw/WHU_Mix_cities/potsdam/label/potsdam_110.tif
train,potsdam,whu_mix,potsdam_465.tif,0,0,0,0,512,512,0.00307083,data/raw/WHU_Mix_cities/potsdam/image/potsdam_465.tif,data/raw/WHU_Mix_cities/potsdam/label/potsdam_465.tif
train,potsdam,whu_mix,potsdam_720.tif,0,0,0,0,512,512,0.15700531,data/raw/WHU_Mix_cities/potsdam/image/potsdam_720.tif,data/raw/WHU_Mix_cities/potsdam/label/potsdam_720.tif
train,potsdam,whu_mix,potsdam_728.tif,0,0,0,0,512,512,0.00000000,data/raw/WHU_Mix_cities/potsdam/image/potsdam_728.tif,data/raw/WHU_Mix_cities/potsdam/label/potsdam_728.tif
train,potsdam,whu_mix,potsdam_891.tif,0,0,0,0,512,512,0.00000000,data/raw/WHU_Mix_cities/potsdam/image/potsdam_891.tif,data/raw/WHU_Mix_cities/potsdam/label/potsdam_891.tif
train,potsdam,whu_mix,potsdam_162.tif,0,0,0,0,512,512,0.00000000,data/raw/WHU_Mix_cities/potsdam/image/potsdam_162.tif,data/raw/WHU_Mix_cities/potsdam/label/potsdam_162.tif
train,potsdam,whu_mix,potsdam_443.tif,0,0,0,0,512,512,0.04505157,data/raw/WHU_Mix_cities/potsdam/image/potsdam_443.tif,data/raw/WHU_Mix_cities/potsdam/label/potsdam_443.tif
train,potsdam,whu_mix,potsdam_319.tif,0,0,0,0,512,512,0.11817551,data/raw/WHU_Mix_cities/potsdam/image/potsdam_319.tif,data/raw/WHU_Mix_cities/potsdam/label/potsdam_319.tif
train,potsdam,whu_mix,potsdam_283.tif,0,0,0,0,512,512,0.10475922,data/raw/WHU_Mix_cities/potsdam/image/potsdam_283.tif,data/raw/WHU_Mix_cities/potsdam/label/potsdam_283.tif
train,potsdam,whu_mix,potsdam_323.tif,0,0,0,0,512,512,0.23613739,data/raw/WHU_Mix_cities/potsdam/image/potsdam_323.tif,data/raw/WHU_Mix_cities/potsdam/label/potsdam_323.tif
train,potsdam,whu_mix,potsdam_115.tif,0,0,0,0,512,512,0.00101471,data/raw/WHU_Mix_cities/potsdam/image/potsdam_115.tif,data/raw/WHU_Mix_cities/potsdam/label/potsdam_115.tif
train,potsdam,whu_mix,potsdam_1120.tif,0,0,0,0,512,512,0.08650970,data/raw/WHU_Mix_cities/potsdam/image/potsdam_1120.tif,data/raw/WHU_Mix_cities/potsdam/label/potsdam_1120.tif
train,potsdam,whu_mix,potsdam_770.tif,0,0,0,0,512,512,0.22781372,data/raw/WHU_Mix_cities/potsdam/image/potsdam_770.tif,data/raw/WHU_Mix_cities/potsdam/label/potsdam_770.tif
train,potsdam,whu_mix,potsdam_4.tif,0,0,0,0,512,512,0.05893326,data/raw/WHU_Mix_cities/potsdam/image/potsdam_4.tif,data/raw/WHU_Mix_cities/potsdam/label/potsdam_4.tif
train,potsdam,whu_mix,potsdam_95.tif,0,0,0,0,512,512,0.17187500,data/raw/WHU_Mix_cities/potsdam/image/potsdam_95.tif,data/raw/WHU_Mix_cities/potsdam/label/potsdam_95.tif
train,potsdam,whu_mix,potsdam_1109.tif,0,0,0,0,512,512,0.37902832,data/raw/WHU_Mix_cities/potsdam/image/potsdam_1109.tif,data/raw/WHU_Mix_cities/potsdam/label/potsdam_1109.tif
train,potsdam,whu_mix,potsdam_473.tif,0,0,0,0,512,512,0.46010971,data/raw/WHU_Mix_cities/potsdam/image/potsdam_473.tif,data/raw/WHU_Mix_cities/potsdam/label/potsdam_473.tif
train,potsdam,whu_mix,potsdam_320.tif,0,0,0,0,512,512,0.31045532,data/raw/WHU_Mix_cities/potsdam/image/potsdam_320.tif,data/raw/WHU_Mix_cities/potsdam/label/potsdam_320.tif
train,potsdam,whu_mix,potsdam_116.tif,0,0,0,0,512,512,0.10058594,data/raw/WHU_Mix_cities/potsdam/image/potsdam_116.tif,data/raw/WHU_Mix_cities/potsdam/label/potsdam_116.tif
train,potsdam,whu_mix,potsdam_990.tif,0,0,0,0,512,512,0.44631577,data/raw/WHU_Mix_cities/potsdam/image/potsdam_990.tif,data/raw/WHU_Mix_cities/potsdam/label/potsdam_990.tif
train,potsdam,whu_mix,potsdam_70.tif,0,0,0,0,512,512,0.05834579,data/raw/WHU_Mix_cities/potsdam/image/potsdam_70.tif,data/raw/WHU_Mix_cities/potsdam/label/potsdam_70.tif
train,potsdam,whu_mix,potsdam_591.tif,0,0,0,0,512,512,0.04419708,data/raw/WHU_Mix_cities/potsdam/image/potsdam_591.tif,data/raw/WHU_Mix_cities/potsdam/label/potsdam_591.tif
train,potsdam,whu_mix,potsdam_686.tif,0,0,0,0,512,512,0.01904297,data/raw/WHU_Mix_cities/potsdam/image/potsdam_686.tif,data/raw/WHU_Mix_cities/potsdam/label/potsdam_686.tif
train,potsdam,whu_mix,potsdam_451.tif,0,0,0,0,512,512,0.37089920,data/raw/WHU_Mix_cities/potsdam/image/potsdam_451.tif,data/raw/WHU_Mix_cities/potsdam/label/potsdam_451.tif
train,potsdam,whu_mix,potsdam_374.tif,0,0,0,0,512,512,0.36855698,data/raw/WHU_Mix_cities/potsdam/image/potsdam_374.tif,data/raw/WHU_Mix_cities/potsdam/label/potsdam_374.tif
train,potsdam,whu_mix,potsdam_353.tif,0,0,0,0,512,512,0.22878265,data/raw/WHU_Mix_cities/potsdam/image/potsdam_353.tif,data/raw/WHU_Mix_cities/potsdam/label/potsdam_353.tif
train,potsdam,whu_mix,potsdam_433.tif,0,0,0,0,512,512,0.09566879,data/raw/WHU_Mix_cities/potsdam/image/potsdam_433.tif,data/raw/WHU_Mix_cities/potsdam/label/potsdam_433.tif
train,potsdam,whu_mix,potsdam_178.tif,0,0,0,0,512,512,0.20608521,data/raw/WHU_Mix_cities/potsdam/image/potsdam_178.tif,data/raw/WHU_Mix_cities/potsdam/label/potsdam_178.tif
train,potsdam,whu_mix,potsdam_827.tif,0,0,0,0,512,512,0.00000000,data/raw/WHU_Mix_cities/potsdam/image/potsdam_827.tif,data/raw/WHU_Mix_cities/potsdam/label/potsdam_827.tif
train,potsdam,whu_mix,potsdam_697.tif,0,0,0,0,512,512,0.40824127,data/raw/WHU_Mix_cities/potsdam/image/potsdam_697.tif,data/raw/WHU_Mix_cities/potsdam/label/potsdam_697.tif
train,potsdam,whu_mix,potsdam_583.tif,0,0,0,0,512,512,0.32330704,data/raw/WHU_Mix_cities/potsdam/image/potsdam_583.tif,data/raw/WHU_Mix_cities/potsdam/label/potsdam_583.tif
train,potsdam,whu_mix,potsdam_555.tif,0,0,0,0,512,512,0.42210007,data/raw/WHU_Mix_cities/potsdam/image/potsdam_555.tif,data/raw/WHU_Mix_cities/potsdam/label/potsdam_555.tif
train,potsdam,whu_mix,potsdam_512.tif,0,0,0,0,512,512,0.42399216,data/raw/WHU_Mix_cities/potsdam/image/potsdam_512.tif,data/raw/WHU_Mix_cities/potsdam/label/potsdam_512.tif
train,potsdam,whu_mix,potsdam_500.tif,0,0,0,0,512,512,0.00884247,data/raw/WHU_Mix_cities/potsdam/image/potsdam_500.tif,data/raw/WHU_Mix_cities/potsdam/label/potsdam_500.tif
train,potsdam,whu_mix,potsdam_180.tif,0,0,0,0,512,512,0.26217270,data/raw/WHU_Mix_cities/potsdam/image/potsdam_180.tif,data/raw/WHU_Mix_cities/potsdam/label/potsdam_180.tif
train,potsdam,whu_mix,potsdam_219.tif,0,0,0,0,512,512,0.07210159,data/raw/WHU_Mix_cities/potsdam/image/potsdam_219.tif,data/raw/WHU_Mix_cities/potsdam/label/potsdam_219.tif
train,potsdam,whu_mix,potsdam_987.tif,0,0,0,0,512,512,0.35564804,data/raw/WHU_Mix_cities/potsdam/image/potsdam_987.tif,data/raw/WHU_Mix_cities/potsdam/label/potsdam_987.tif
train,potsdam,whu_mix,potsdam_1007.tif,0,0,0,0,512,512,0.02949142,data/raw/WHU_Mix_cities/potsdam/image/potsdam_1007.tif,data/raw/WHU_Mix_cities/potsdam/label/potsdam_1007.tif
train,potsdam,whu_mix,potsdam_111.tif,0,0,0,0,512,512,0.00000000,data/raw/WHU_Mix_cities/potsdam/image/potsdam_111.tif,data/raw/WHU_Mix_cities/potsdam/label/potsdam_111.tif
train,potsdam,whu_mix,potsdam_848.tif,0,0,0,0,512,512,0.43531418,data/raw/WHU_Mix_cities/potsdam/image/potsdam_848.tif,data/raw/WHU_Mix_cities/potsdam/label/potsdam_848.tif
train,potsdam,whu_mix,potsdam_307.tif,0,0,0,0,512,512,0.15747452,data/raw/WHU_Mix_cities/potsdam/image/potsdam_307.tif,data/raw/WHU_Mix_cities/potsdam/label/potsdam_307.tif
train,potsdam,whu_mix,potsdam_382.tif,0,0,0,0,512,512,0.17196655,data/raw/WHU_Mix_cities/potsdam/image/potsdam_382.tif,data/raw/WHU_Mix_cities/potsdam/label/potsdam_382.tif
train,potsdam,whu_mix,potsdam_761.tif,0,0,0,0,512,512,0.44548035,data/raw/WHU_Mix_cities/potsdam/image/potsdam_761.tif,data/raw/WHU_Mix_cities/potsdam/label/potsdam_761.tif
train,potsdam,whu_mix,potsdam_684.tif,0,0,0,0,512,512,0.08956146,data/raw/WHU_Mix_cities/potsdam/image/potsdam_684.tif,data/raw/WHU_Mix_cities/potsdam/label/potsdam_684.tif
train,potsdam,whu_mix,potsdam_649.tif,0,0,0,0,512,512,0.04868698,data/raw/WHU_Mix_cities/potsdam/image/potsdam_649.tif,data/raw/WHU_Mix_cities/potsdam/label/potsdam_649.tif
train,potsdam,whu_mix,potsdam_561.tif,0,0,0,0,512,512,0.46261597,data/raw/WHU_Mix_cities/potsdam/image/potsdam_561.tif,data/raw/WHU_Mix_cities/potsdam/label/potsdam_561.tif
train,potsdam,whu_mix,potsdam_1044.tif,0,0,0,0,512,512,0.37787247,data/raw/WHU_Mix_cities/potsdam/image/potsdam_1044.tif,data/raw/WHU_Mix_cities/potsdam/label/potsdam_1044.tif
train,potsdam,whu_mix,potsdam_616.tif,0,0,0,0,512,512,0.00354004,data/raw/WHU_Mix_cities/potsdam/image/potsdam_616.tif,data/raw/WHU_Mix_cities/potsdam/label/potsdam_616.tif
train,potsdam,whu_mix,potsdam_650.tif,0,0,0,0,512,512,0.00000000,data/raw/WHU_Mix_cities/potsdam/image/potsdam_650.tif,data/raw/WHU_Mix_cities/potsdam/label/potsdam_650.tif
train,potsdam,whu_mix,potsdam_119.tif,0,0,0,0,512,512,0.00225449,data/raw/WHU_Mix_cities/potsdam/image/potsdam_119.tif,data/raw/WHU_Mix_cities/potsdam/label/potsdam_119.tif
train,potsdam,whu_mix,potsdam_330.tif,0,0,0,0,512,512,0.27151108,data/raw/WHU_Mix_cities/potsdam/image/potsdam_330.tif,data/raw/WHU_Mix_cities/potsdam/label/potsdam_330.tif
train,potsdam,whu_mix,potsdam_67.tif,0,0,0,0,512,512,0.00000000,data/raw/WHU_Mix_cities/potsdam/image/potsdam_67.tif,data/raw/WHU_Mix_cities/potsdam/label/potsdam_67.tif
train,potsdam,whu_mix,potsdam_662.tif,0,0,0,0,512,512,0.22037888,data/raw/WHU_Mix_cities/potsdam/image/potsdam_662.tif,data/raw/WHU_Mix_cities/potsdam/label/potsdam_662.tif
train,potsdam,whu_mix,potsdam_209.tif,0,0,0,0,512,512,0.12452316,data/raw/WHU_Mix_cities/potsdam/image/potsdam_209.tif,data/raw/WHU_Mix_cities/potsdam/label/potsdam_209.tif
train,potsdam,whu_mix,potsdam_1113.tif,0,0,0,0,512,512,0.17999268,data/raw/WHU_Mix_cities/potsdam/image/potsdam_1113.tif,data/raw/WHU_Mix_cities/potsdam/label/potsdam_1113.tif
train,potsdam,whu_mix,potsdam_952.tif,0,0,0,0,512,512,0.05045700,data/raw/WHU_Mix_cities/potsdam/image/potsdam_952.tif,data/raw/WHU_Mix_cities/potsdam/label/potsdam_952.tif
train,potsdam,whu_mix,potsdam_642.tif,0,0,0,0,512,512,0.06959915,data/raw/WHU_Mix_cities/potsdam/image/potsdam_642.tif,data/raw/WHU_Mix_cities/potsdam/label/potsdam_642.tif
train,potsdam,whu_mix,potsdam_844.tif,0,0,0,0,512,512,0.38169861,data/raw/WHU_Mix_cities/potsdam/image/potsdam_844.tif,data/raw/WHU_Mix_cities/potsdam/label/potsdam_844.tif
train,potsdam,whu_mix,potsdam_532.tif,0,0,0,0,512,512,0.20021820,data/raw/WHU_Mix_cities/potsdam/image/potsdam_532.tif,data/raw/WHU_Mix_cities/potsdam/label/potsdam_532.tif
train,potsdam,whu_mix,potsdam_71.tif,0,0,0,0,512,512,0.29605484,data/raw/WHU_Mix_cities/potsdam/image/potsdam_71.tif,data/raw/WHU_Mix_cities/potsdam/label/potsdam_71.tif
train,potsdam,whu_mix,potsdam_927.tif,0,0,0,0,512,512,0.10581970,data/raw/WHU_Mix_cities/potsdam/image/potsdam_927.tif,data/raw/WHU_Mix_cities/potsdam/label/potsdam_927.tif
train,potsdam,whu_mix,potsdam_1036.tif,0,0,0,0,512,512,0.07093430,data/raw/WHU_Mix_cities/potsdam/image/potsdam_1036.tif,data/raw/WHU_Mix_cities/potsdam/label/potsdam_1036.tif
train,potsdam,whu_mix,potsdam_540.tif,0,0,0,0,512,512,0.00777435,data/raw/WHU_Mix_cities/potsdam/image/potsdam_540.tif,data/raw/WHU_Mix_cities/potsdam/label/potsdam_540.tif
train,potsdam,whu_mix,potsdam_402.tif,0,0,0,0,512,512,0.33510971,data/raw/WHU_Mix_cities/potsdam/image/potsdam_402.tif,data/raw/WHU_Mix_cities/potsdam/label/potsdam_402.tif
train,potsdam,whu_mix,potsdam_700.tif,0,0,0,0,512,512,0.01897430,data/raw/WHU_Mix_cities/potsdam/image/potsdam_700.tif,data/raw/WHU_Mix_cities/potsdam/label/potsdam_700.tif
train,potsdam,whu_mix,potsdam_497.tif,0,0,0,0,512,512,0.27266693,data/raw/WHU_Mix_cities/potsdam/image/potsdam_497.tif,data/raw/WHU_Mix_cities/potsdam/label/potsdam_497.tif
train,potsdam,whu_mix,potsdam_53.tif,0,0,0,0,512,512,0.17213058,data/raw/WHU_Mix_cities/potsdam/image/potsdam_53.tif,data/raw/WHU_Mix_cities/potsdam/label/potsdam_53.tif
train,potsdam,whu_mix,potsdam_383.tif,0,0,0,0,512,512,0.30298996,data/raw/WHU_Mix_cities/potsdam/image/potsdam_383.tif,data/raw/WHU_Mix_cities/potsdam/label/potsdam_383.tif
train,potsdam,whu_mix,potsdam_585.tif,0,0,0,0,512,512,0.16319275,data/raw/WHU_Mix_cities/potsdam/image/potsdam_585.tif,data/raw/WHU_Mix_cities/potsdam/label/potsdam_585.tif
train,potsdam,whu_mix,potsdam_846.tif,0,0,0,0,512,512,0.12210464,data/raw/WHU_Mix_cities/potsdam/image/potsdam_846.tif,data/raw/WHU_Mix_cities/potsdam/label/potsdam_846.tif
train,potsdam,whu_mix,potsdam_905.tif,0,0,0,0,512,512,0.40962982,data/raw/WHU_Mix_cities/potsdam/image/potsdam_905.tif,data/raw/WHU_Mix_cities/potsdam/label/potsdam_905.tif
train,potsdam,whu_mix,potsdam_916.tif,0,0,0,0,512,512,0.04713821,data/raw/WHU_Mix_cities/potsdam/image/potsdam_916.tif,data/raw/WHU_Mix_cities/potsdam/label/potsdam_916.tif
train,potsdam,whu_mix,potsdam_946.tif,0,0,0,0,512,512,0.27375793,data/raw/WHU_Mix_cities/potsdam/image/potsdam_946.tif,data/raw/WHU_Mix_cities/potsdam/label/potsdam_946.tif
train,potsdam,whu_mix,potsdam_357.tif,0,0,0,0,512,512,0.36996078,data/raw/WHU_Mix_cities/potsdam/image/potsdam_357.tif,data/raw/WHU_Mix_cities/potsdam/label/potsdam_357.tif
train,potsdam,whu_mix,potsdam_408.tif,0,0,0,0,512,512,0.06101227,data/raw/WHU_Mix_cities/potsdam/image/potsdam_408.tif,data/raw/WHU_Mix_cities/potsdam/label/potsdam_408.tif
train,potsdam,whu_mix,potsdam_724.tif,0,0,0,0,512,512,0.22280884,data/raw/WHU_Mix_cities/potsdam/image/potsdam_724.tif,data/raw/WHU_Mix_cities/potsdam/label/potsdam_724.tif
train,potsdam,whu_mix,potsdam_936.tif,0,0,0,0,512,512,0.44576645,data/raw/WHU_Mix_cities/potsdam/image/potsdam_936.tif,data/raw/WHU_Mix_cities/potsdam/label/potsdam_936.tif
train,potsdam,whu_mix,potsdam_663.tif,0,0,0,0,512,512,0.26289368,data/raw/WHU_Mix_cities/potsdam/image/potsdam_663.tif,data/raw/WHU_Mix_cities/potsdam/label/potsdam_663.tif
train,potsdam,whu_mix,potsdam_212.tif,0,0,0,0,512,512,0.22585678,data/raw/WHU_Mix_cities/potsdam/image/potsdam_212.tif,data/raw/WHU_Mix_cities/potsdam/label/potsdam_212.tif
train,wuxi,whu_mix,wuxi_1045.tif,0,0,0,0,512,512,0.22742462,data/raw/WHU_Mix_cities/wuxi/image/wuxi_1045.tif,data/raw/WHU_Mix_cities/wuxi/label/wuxi_1045.tif
train,wuxi,whu_mix,wuxi_102.tif,0,0,0,0,512,512,0.21411133,data/raw/WHU_Mix_cities/wuxi/image/wuxi_102.tif,data/raw/WHU_Mix_cities/wuxi/label/wuxi_102.tif
train,wuxi,whu_mix,wuxi_1002.tif,0,0,0,0,512,512,0.07816315,data/raw/WHU_Mix_cities/wuxi/image/wuxi_1002.tif,data/raw/WHU_Mix_cities/wuxi/label/wuxi_1002.tif
train,wuxi,whu_mix,wuxi_1172.tif,0,0,0,0,512,512,0.15567780,data/raw/WHU_Mix_cities/wuxi/image/wuxi_1172.tif,data/raw/WHU_Mix_cities/wuxi/label/wuxi_1172.tif
train,wuxi,whu_mix,wuxi_1249.tif,0,0,0,0,512,512,0.28841019,data/raw/WHU_Mix_cities/wuxi/image/wuxi_1249.tif,data/raw/WHU_Mix_cities/wuxi/label/wuxi_1249.tif
train,wuxi,whu_mix,wuxi_535.tif,0,0,0,0,512,512,0.29341125,data/raw/WHU_Mix_cities/wuxi/image/wuxi_535.tif,data/raw/WHU_Mix_cities/wuxi/label/wuxi_535.tif
train,wuxi,whu_mix,wuxi_1281.tif,0,0,0,0,512,512,0.23220444,data/raw/WHU_Mix_cities/wuxi/image/wuxi_1281.tif,data/raw/WHU_Mix_cities/wuxi/label/wuxi_1281.tif
train,wuxi,whu_mix,wuxi_1331.tif,0,0,0,0,512,512,0.18717194,data/raw/WHU_Mix_cities/wuxi/image/wuxi_1331.tif,data/raw/WHU_Mix_cities/wuxi/label/wuxi_1331.tif
train,wuxi,whu_mix,wuxi_804.tif,0,0,0,0,512,512,0.00000000,data/raw/WHU_Mix_cities/wuxi/image/wuxi_804.tif,data/raw/WHU_Mix_cities/wuxi/label/wuxi_804.tif
train,wuxi,whu_mix,wuxi_585.tif,0,0,0,0,512,512,0.23589706,data/raw/WHU_Mix_cities/wuxi/image/wuxi_585.tif,data/raw/WHU_Mix_cities/wuxi/label/wuxi_585.tif
train,wuxi,whu_mix,wuxi_736.tif,0,0,0,0,512,512,0.00000000,data/raw/WHU_Mix_cities/wuxi/image/wuxi_736.tif,data/raw/WHU_Mix_cities/wuxi/label/wuxi_736.tif
train,wuxi,whu_mix,wuxi_1088.tif,0,0,0,0,512,512,0.23584747,data/raw/WHU_Mix_cities/wuxi/image/wuxi_1088.tif,data/raw/WHU_Mix_cities/wuxi/label/wuxi_1088.tif
train,wuxi,whu_mix,wuxi_275.tif,0,0,0,0,512,512,0.04145813,data/raw/WHU_Mix_cities/wuxi/image/wuxi_275.tif,data/raw/WHU_Mix_cities/wuxi/label/wuxi_275.tif
train,wuxi,whu_mix,wuxi_765.tif,0,0,0,0,512,512,0.00000000,data/raw/WHU_Mix_cities/wuxi/image/wuxi_765.tif,data/raw/WHU_Mix_cities/wuxi/label/wuxi_765.tif
train,wuxi,whu_mix,wuxi_402.tif,0,0,0,0,512,512,0.13895798,data/raw/WHU_Mix_cities/wuxi/image/wuxi_402.tif,data/raw/WHU_Mix_cities/wuxi/label/wuxi_402.tif
train,wuxi,whu_mix,wuxi_764.tif,0,0,0,0,512,512,0.03330994,data/raw/WHU_Mix_cities/wuxi/image/wuxi_764.tif,data/raw/WHU_Mix_cities/wuxi/label/wuxi_764.tif
train,wuxi,whu_mix,wuxi_84.tif,0,0,0,0,512,512,0.25394821,data/raw/WHU_Mix_cities/wuxi/image/wuxi_84.tif,data/raw/WHU_Mix_cities/wuxi/label/wuxi_84.tif
train,wuxi,whu_mix,wuxi_480.tif,0,0,0,0,512,512,0.19716644,data/raw/WHU_Mix_cities/wuxi/image/wuxi_480.tif,data/raw/WHU_Mix_cities/wuxi/label/wuxi_480.tif
train,wuxi,whu_mix,wuxi_957.tif,0,0,0,0,512,512,0.22100067,data/raw/WHU_Mix_cities/wuxi/image/wuxi_957.tif,data/raw/WHU_Mix_cities/wuxi/label/wuxi_957.tif
train,wuxi,whu_mix,wuxi_1359.tif,0,0,0,0,512,512,0.15781784,data/raw/WHU_Mix_cities/wuxi/image/wuxi_1359.tif,data/raw/WHU_Mix_cities/wuxi/label/wuxi_1359.tif
train,wuxi,whu_mix,wuxi_1167.tif,0,0,0,0,512,512,0.21105194,data/raw/WHU_Mix_cities/wuxi/image/wuxi_1167.tif,data/raw/WHU_Mix_cities/wuxi/label/wuxi_1167.tif
train,wuxi,whu_mix,wuxi_202.tif,0,0,0,0,512,512,0.07214737,data/raw/WHU_Mix_cities/wuxi/image/wuxi_202.tif,data/raw/WHU_Mix_cities/wuxi/label/wuxi_202.tif
train,wuxi,whu_mix,wuxi_510.tif,0,0,0,0,512,512,0.11570358,data/raw/WHU_Mix_cities/wuxi/image/wuxi_510.tif,data/raw/WHU_Mix_cities/wuxi/label/wuxi_510.tif
train,wuxi,whu_mix,wuxi_699.tif,0,0,0,0,512,512,0.18162537,data/raw/WHU_Mix_cities/wuxi/image/wuxi_699.tif,data/raw/WHU_Mix_cities/wuxi/label/wuxi_699.tif
train,wuxi,whu_mix,wuxi_866.tif,0,0,0,0,512,512,0.16456985,data/raw/WHU_Mix_cities/wuxi/image/wuxi_866.tif,data/raw/WHU_Mix_cities/wuxi/label/wuxi_866.tif
train,wuxi,whu_mix,wuxi_341.tif,0,0,0,0,512,512,0.40104294,data/raw/WHU_Mix_cities/wuxi/image/wuxi_341.tif,data/raw/WHU_Mix_cities/wuxi/label/wuxi_341.tif
train,wuxi,whu_mix,wuxi_1333.tif,0,0,0,0,512,512,0.25114059,data/raw/WHU_Mix_cities/wuxi/image/wuxi_1333.tif,data/raw/WHU_Mix_cities/wuxi/label/wuxi_1333.tif
train,wuxi,whu_mix,wuxi_968.tif,0,0,0,0,512,512,0.25222397,data/raw/WHU_Mix_cities/wuxi/image/wuxi_968.tif,data/raw/WHU_Mix_cities/wuxi/label/wuxi_968.tif
train,wuxi,whu_mix,wuxi_970.tif,0,0,0,0,512,512,0.14958572,data/raw/WHU_Mix_cities/wuxi/image/wuxi_970.tif,data/raw/WHU_Mix_cities/wuxi/label/wuxi_970.tif
train,wuxi,whu_mix,wuxi_401.tif,0,0,0,0,512,512,0.09400558,data/raw/WHU_Mix_cities/wuxi/image/wuxi_401.tif,data/raw/WHU_Mix_cities/wuxi/label/wuxi_401.tif
train,wuxi,whu_mix,wuxi_213.tif,0,0,0,0,512,512,0.17899323,data/raw/WHU_Mix_cities/wuxi/image/wuxi_213.tif,data/raw/WHU_Mix_cities/wuxi/label/wuxi_213.tif
train,wuxi,whu_mix,wuxi_1192.tif,0,0,0,0,512,512,0.11161423,data/raw/WHU_Mix_cities/wuxi/image/wuxi_1192.tif,data/raw/WHU_Mix_cities/wuxi/label/wuxi_1192.tif
train,wuxi,whu_mix,wuxi_412.tif,0,0,0,0,512,512,0.10770798,data/raw/WHU_Mix_cities/wuxi/image/wuxi_412.tif,data/raw/WHU_Mix_cities/wuxi/label/wuxi_412.tif
train,wuxi,whu_mix,wuxi_491.tif,0,0,0,0,512,512,0.07965088,data/raw/WHU_Mix_cities/wuxi/image/wuxi_491.tif,data/raw/WHU_Mix_cities/wuxi/label/wuxi_491.tif
train,wuxi,whu_mix,wuxi_1151.tif,0,0,0,0,512,512,0.25035477,data/raw/WHU_Mix_cities/wuxi/image/wuxi_1151.tif,data/raw/WHU_Mix_cities/wuxi/label/wuxi_1151.tif
train,wuxi,whu_mix,wuxi_4.tif,0,0,0,0,512,512,0.22770309,data/raw/WHU_Mix_cities/wuxi/image/wuxi_4.tif,data/raw/WHU_Mix_cities/wuxi/label/wuxi_4.tif
train,wuxi,whu_mix,wuxi_591.tif,0,0,0,0,512,512,0.28038788,data/raw/WHU_Mix_cities/wuxi/image/wuxi_591.tif,data/raw/WHU_Mix_cities/wuxi/label/wuxi_591.tif
train,wuxi,whu_mix,wuxi_320.tif,0,0,0,0,512,512,0.13233185,data/raw/WHU_Mix_cities/wuxi/image/wuxi_320.tif,data/raw/WHU_Mix_cities/wuxi/label/wuxi_320.tif
train,wuxi,whu_mix,wuxi_1258.tif,0,0,0,0,512,512,0.25395584,data/raw/WHU_Mix_cities/wuxi/image/wuxi_1258.tif,data/raw/WHU_Mix_cities/wuxi/label/wuxi_1258.tif
train,wuxi,whu_mix,wuxi_281.tif,0,0,0,0,512,512,0.31258774,data/raw/WHU_Mix_cities/wuxi/image/wuxi_281.tif,data/raw/WHU_Mix_cities/wuxi/label/wuxi_281.tif
train,wuxi,whu_mix,wuxi_1146.tif,0,0,0,0,512,512,0.26221848,data/raw/WHU_Mix_cities/wuxi/image/wuxi_1146.tif,data/raw/WHU_Mix_cities/wuxi/label/wuxi_1146.tif
train,wuxi,whu_mix,wuxi_929.tif,0,0,0,0,512,512,0.13697815,data/raw/WHU_Mix_cities/wuxi/image/wuxi_929.tif,data/raw/WHU_Mix_cities/wuxi/label/wuxi_929.tif
train,wuxi,whu_mix,wuxi_606.tif,0,0,0,0,512,512,0.05924225,data/raw/WHU_Mix_cities/wuxi/image/wuxi_606.tif,data/raw/WHU_Mix_cities/wuxi/label/wuxi_606.tif
train,wuxi,whu_mix,wuxi_394.tif,0,0,0,0,512,512,0.07527924,data/raw/WHU_Mix_cities/wuxi/image/wuxi_394.tif,data/raw/WHU_Mix_cities/wuxi/label/wuxi_394.tif
train,wuxi,whu_mix,wuxi_470.tif,0,0,0,0,512,512,0.14646530,data/raw/WHU_Mix_cities/wuxi/image/wuxi_470.tif,data/raw/WHU_Mix_cities/wuxi/label/wuxi_470.tif
train,wuxi,whu_mix,wuxi_235.tif,0,0,0,0,512,512,0.02308655,data/raw/WHU_Mix_cities/wuxi/image/wuxi_235.tif,data/raw/WHU_Mix_cities/wuxi/label/wuxi_235.tif
train,wuxi,whu_mix,wuxi_399.tif,0,0,0,0,512,512,0.00000000,data/raw/WHU_Mix_cities/wuxi/image/wuxi_399.tif,data/raw/WHU_Mix_cities/wuxi/label/wuxi_399.tif
train,wuxi,whu_mix,wuxi_1059.tif,0,0,0,0,512,512,0.11527634,data/raw/WHU_Mix_cities/wuxi/image/wuxi_1059.tif,data/raw/WHU_Mix_cities/wuxi/label/wuxi_1059.tif
train,wuxi,whu_mix,wuxi_674.tif,0,0,0,0,512,512,0.00000000,data/raw/WHU_Mix_cities/wuxi/image/wuxi_674.tif,data/raw/WHU_Mix_cities/wuxi/label/wuxi_674.tif
train,wuxi,whu_mix,wuxi_397.tif,0,0,0,0,512,512,0.15292740,data/raw/WHU_Mix_cities/wuxi/image/wuxi_397.tif,data/raw/WHU_Mix_cities/wuxi/label/wuxi_397.tif
train,wuxi,whu_mix,wuxi_428.tif,0,0,0,0,512,512,0.00000000,data/raw/WHU_Mix_cities/wuxi/image/wuxi_428.tif,data/raw/WHU_Mix_cities/wuxi/label/wuxi_428.tif
train,wuxi,whu_mix,wuxi_1365.tif,0,0,0,0,512,512,0.23032761,data/raw/WHU_Mix_cities/wuxi/image/wuxi_1365.tif,data/raw/WHU_Mix_cities/wuxi/label/wuxi_1365.tif
train,wuxi,whu_mix,wuxi_1114.tif,0,0,0,0,512,512,0.22926712,data/raw/WHU_Mix_cities/wuxi/image/wuxi_1114.tif,data/raw/WHU_Mix_cities/wuxi/label/wuxi_1114.tif
train,wuxi,whu_mix,wuxi_1376.tif,0,0,0,0,512,512,0.04680252,data/raw/WHU_Mix_cities/wuxi/image/wuxi_1376.tif,data/raw/WHU_Mix_cities/wuxi/label/wuxi_1376.tif
train,wuxi,whu_mix,wuxi_3.tif,0,0,0,0,512,512,0.08745956,data/raw/WHU_Mix_cities/wuxi/image/wuxi_3.tif,data/raw/WHU_Mix_cities/wuxi/label/wuxi_3.tif
train,wuxi,whu_mix,wuxi_1276.tif,0,0,0,0,512,512,0.29013443,data/raw/WHU_Mix_cities/wuxi/image/wuxi_1276.tif,data/raw/WHU_Mix_cities/wuxi/label/wuxi_1276.tif
train,wuxi,whu_mix,wuxi_209.tif,0,0,0,0,512,512,0.13343811,data/raw/WHU_Mix_cities/wuxi/image/wuxi_209.tif,data/raw/WHU_Mix_cities/wuxi/label/wuxi_209.tif
train,wuxi,whu_mix,wuxi_933.tif,0,0,0,0,512,512,0.04693604,data/raw/WHU_Mix_cities/wuxi/image/wuxi_933.tif,data/raw/WHU_Mix_cities/wuxi/label/wuxi_933.tif
train,wuxi,whu_mix,wuxi_294.tif,0,0,0,0,512,512,0.12715912,data/raw/WHU_Mix_cities/wuxi/image/wuxi_294.tif,data/raw/WHU_Mix_cities/wuxi/label/wuxi_294.tif
train,wuxi,whu_mix,wuxi_89.tif,0,0,0,0,512,512,0.09787369,data/raw/WHU_Mix_cities/wuxi/image/wuxi_89.tif,data/raw/WHU_Mix_cities/wuxi/label/wuxi_89.tif
train,wuxi,whu_mix,wuxi_732.tif,0,0,0,0,512,512,0.17248535,data/raw/WHU_Mix_cities/wuxi/image/wuxi_732.tif,data/raw/WHU_Mix_cities/wuxi/label/wuxi_732.tif
train,wuxi,whu_mix,wuxi_797.tif,0,0,0,0,512,512,0.00000000,data/raw/WHU_Mix_cities/wuxi/image/wuxi_797.tif,data/raw/WHU_Mix_cities/wuxi/label/wuxi_797.tif
train,wuxi,whu_mix,wuxi_837.tif,0,0,0,0,512,512,0.31688309,data/raw/WHU_Mix_cities/wuxi/image/wuxi_837.tif,data/raw/WHU_Mix_cities/wuxi/label/wuxi_837.tif
train,wuxi,whu_mix,wuxi_904.tif,0,0,0,0,512,512,0.33697128,data/raw/WHU_Mix_cities/wuxi/image/wuxi_904.tif,data/raw/WHU_Mix_cities/wuxi/label/wuxi_904.tif
train,wuxi,whu_mix,wuxi_1375.tif,0,0,0,0,512,512,0.12540817,data/raw/WHU_Mix_cities/wuxi/image/wuxi_1375.tif,data/raw/WHU_Mix_cities/wuxi/label/wuxi_1375.tif
train,wuxi,whu_mix,wuxi_452.tif,0,0,0,0,512,512,0.11607361,data/raw/WHU_Mix_cities/wuxi/image/wuxi_452.tif,data/raw/WHU_Mix_cities/wuxi/label/wuxi_452.tif
train,wuxi,whu_mix,wuxi_326.tif,0,0,0,0,512,512,0.17532730,data/raw/WHU_Mix_cities/wuxi/image/wuxi_326.tif,data/raw/WHU_Mix_cities/wuxi/label/wuxi_326.tif
train,wuxi,whu_mix,wuxi_1017.tif,0,0,0,0,512,512,0.39325714,data/raw/WHU_Mix_cities/wuxi/image/wuxi_1017.tif,data/raw/WHU_Mix_cities/wuxi/label/wuxi_1017.tif
train,wuxi,whu_mix,wuxi_95.tif,0,0,0,0,512,512,0.19959641,data/raw/WHU_Mix_cities/wuxi/image/wuxi_95.tif,data/raw/WHU_Mix_cities/wuxi/label/wuxi_95.tif
train,wuxi,whu_mix,wuxi_545.tif,0,0,0,0,512,512,0.00000000,data/raw/WHU_Mix_cities/wuxi/image/wuxi_545.tif,data/raw/WHU_Mix_cities/wuxi/label/wuxi_545.tif
train,wuxi,whu_mix,wuxi_984.tif,0,0,0,0,512,512,0.33531570,data/raw/WHU_Mix_cities/wuxi/image/wuxi_984.tif,data/raw/WHU_Mix_cities/wuxi/label/wuxi_984.tif
train,wuxi,whu_mix,wuxi_1347.tif,0,0,0,0,512,512,0.24464035,data/raw/WHU_Mix_cities/wuxi/image/wuxi_1347.tif,data/raw/WHU_Mix_cities/wuxi/label/wuxi_1347.tif
train,wuxi,whu_mix,wuxi_1142.tif,0,0,0,0,512,512,0.19585800,data/raw/WHU_Mix_cities/wuxi/image/wuxi_1142.tif,data/raw/WHU_Mix_cities/wuxi/label/wuxi_1142.tif
train,wuxi,whu_mix,wuxi_960.tif,0,0,0,0,512,512,0.38198090,data/raw/WHU_Mix_cities/wuxi/image/wuxi_960.tif,data/raw/WHU_Mix_cities/wuxi/label/wuxi_960.tif
train,wuxi,whu_mix,wuxi_802.tif,0,0,0,0,512,512,0.42424774,data/raw/WHU_Mix_cities/wuxi/image/wuxi_802.tif,data/raw/WHU_Mix_cities/wuxi/label/wuxi_802.tif
train,wuxi,whu_mix,wuxi_1140.tif,0,0,0,0,512,512,0.17483521,data/raw/WHU_Mix_cities/wuxi/image/wuxi_1140.tif,data/raw/WHU_Mix_cities/wuxi/label/wuxi_1140.tif
train,wuxi,whu_mix,wuxi_930.tif,0,0,0,0,512,512,0.34169388,data/raw/WHU_Mix_cities/wuxi/image/wuxi_930.tif,data/raw/WHU_Mix_cities/wuxi/label/wuxi_930.tif
train,wuxi,whu_mix,wuxi_149.tif,0,0,0,0,512,512,0.32064819,data/raw/WHU_Mix_cities/wuxi/image/wuxi_149.tif,data/raw/WHU_Mix_cities/wuxi/label/wuxi_149.tif
train,wuxi,whu_mix,wuxi_705.tif,0,0,0,0,512,512,0.03164673,data/raw/WHU_Mix_cities/wuxi/image/wuxi_705.tif,data/raw/WHU_Mix_cities/wuxi/label/wuxi_705.tif
train,wuxi,whu_mix,wuxi_867.tif,0,0,0,0,512,512,0.00000000,data/raw/WHU_Mix_cities/wuxi/image/wuxi_867.tif,data/raw/WHU_Mix_cities/wuxi/label/wuxi_867.tif
train,wuxi,whu_mix,wuxi_561.tif,0,0,0,0,512,512,0.12020493,data/raw/WHU_Mix_cities/wuxi/image/wuxi_561.tif,data/raw/WHU_Mix_cities/wuxi/label/wuxi_561.tif
train,wuxi,whu_mix,wuxi_475.tif,0,0,0,0,512,512,0.06948090,data/raw/WHU_Mix_cities/wuxi/image/wuxi_475.tif,data/raw/WHU_Mix_cities/wuxi/label/wuxi_475.tif
train,wuxi,whu_mix,wuxi_391.tif,0,0,0,0,512,512,0.00000000,data/raw/WHU_Mix_cities/wuxi/image/wuxi_391.tif,data/raw/WHU_Mix_cities/wuxi/label/wuxi_391.tif
train,wuxi,whu_mix,wuxi_967.tif,0,0,0,0,512,512,0.20601654,data/raw/WHU_Mix_cities/wuxi/image/wuxi_967.tif,data/raw/WHU_Mix_cities/wuxi/label/wuxi_967.tif
train,wuxi,whu_mix,wuxi_790.tif,0,0,0,0,512,512,0.23771286,data/raw/WHU_Mix_cities/wuxi/image/wuxi_790.tif,data/raw/WHU_Mix_cities/wuxi/label/wuxi_790.tif
train,wuxi,whu_mix,wuxi_201.tif,0,0,0,0,512,512,0.15631104,data/raw/WHU_Mix_cities/wuxi/image/wuxi_201.tif,data/raw/WHU_Mix_cities/wuxi/label/wuxi_201.tif
train,wuxi,whu_mix,wuxi_364.tif,0,0,0,0,512,512,0.22076416,data/raw/WHU_Mix_cities/wuxi/image/wuxi_364.tif,data/raw/WHU_Mix_cities/wuxi/label/wuxi_364.tif
train,wuxi,whu_mix,wuxi_1300.tif,0,0,0,0,512,512,0.22254944,data/raw/WHU_Mix_cities/wuxi/image/wuxi_1300.tif,data/raw/WHU_Mix_cities/wuxi/label/wuxi_1300.tif
train,wuxi,whu_mix,wuxi_1367.tif,0,0,0,0,512,512,0.05398178,data/raw/WHU_Mix_cities/wuxi/image/wuxi_1367.tif,data/raw/WHU_Mix_cities/wuxi/label/wuxi_1367.tif
train,wuxi,whu_mix,wuxi_311.tif,0,0,0,0,512,512,0.04873276,data/raw/WHU_Mix_cities/wuxi/image/wuxi_311.tif,data/raw/WHU_Mix_cities/wuxi/label/wuxi_311.tif
train,wuxi,whu_mix,wuxi_655.tif,0,0,0,0,512,512,0.13069916,data/raw/WHU_Mix_cities/wuxi/image/wuxi_655.tif,data/raw/WHU_Mix_cities/wuxi/label/wuxi_655.tif
train,wuxi,whu_mix,wuxi_1401.tif,0,0,0,0,512,512,0.07584000,data/raw/WHU_Mix_cities/wuxi/image/wuxi_1401.tif,data/raw/WHU_Mix_cities/wuxi/label/wuxi_1401.tif
train,wuxi,whu_mix,wuxi_519.tif,0,0,0,0,512,512,0.08940887,data/raw/WHU_Mix_cities/wuxi/image/wuxi_519.tif,data/raw/WHU_Mix_cities/wuxi/label/wuxi_519.tif
train,wuxi,whu_mix,wuxi_346.tif,0,0,0,0,512,512,0.27624130,data/raw/WHU_Mix_cities/wuxi/image/wuxi_346.tif,data/raw/WHU_Mix_cities/wuxi/label/wuxi_346.tif
train,wuxi,whu_mix,wuxi_1160.tif,0,0,0,0,512,512,0.01905060,data/raw/WHU_Mix_cities/wuxi/image/wuxi_1160.tif,data/raw/WHU_Mix_cities/wuxi/label/wuxi_1160.tif
train,wuxi,whu_mix,wuxi_813.tif,0,0,0,0,512,512,0.12820053,data/raw/WHU_Mix_cities/wuxi/image/wuxi_813.tif,data/raw/WHU_Mix_cities/wuxi/label/wuxi_813.tif
train,wuxi,whu_mix,wuxi_988.tif,0,0,0,0,512,512,0.23427200,data/raw/WHU_Mix_cities/wuxi/image/wuxi_988.tif,data/raw/WHU_Mix_cities/wuxi/label/wuxi_988.tif
train,wuxi,whu_mix,wuxi_975.tif,0,0,0,0,512,512,0.05870438,data/raw/WHU_Mix_cities/wuxi/image/wuxi_975.tif,data/raw/WHU_Mix_cities/wuxi/label/wuxi_975.tif
train,wuxi,whu_mix,wuxi_1239.tif,0,0,0,0,512,512,0.22504044,data/raw/WHU_Mix_cities/wuxi/image/wuxi_1239.tif,data/raw/WHU_Mix_cities/wuxi/label/wuxi_1239.tif
train,wuxi,whu_mix,wuxi_1282.tif,0,0,0,0,512,512,0.31801605,data/raw/WHU_Mix_cities/wuxi/image/wuxi_1282.tif,data/raw/WHU_Mix_cities/wuxi/label/wuxi_1282.tif
train,wuxi,whu_mix,wuxi_526.tif,0,0,0,0,512,512,0.00000000,data/raw/WHU_Mix_cities/wuxi/image/wuxi_526.tif,data/raw/WHU_Mix_cities/wuxi/label/wuxi_526.tif
train,wuxi,whu_mix,wuxi_487.tif,0,0,0,0,512,512,0.11903763,data/raw/WHU_Mix_cities/wuxi/image/wuxi_487.tif,data/raw/WHU_Mix_cities/wuxi/label/wuxi_487.tif
train,wuxi,whu_mix,wuxi_1182.tif,0,0,0,0,512,512,0.20655060,data/raw/WHU_Mix_cities/wuxi/image/wuxi_1182.tif,data/raw/WHU_Mix_cities/wuxi/label/wuxi_1182.tif
train,wuxi,whu_mix,wuxi_1173.tif,0,0,0,0,512,512,0.15319824,data/raw/WHU_Mix_cities/wuxi/image/wuxi_1173.tif,data/raw/WHU_Mix_cities/wuxi/label/wuxi_1173.tif
train,wuxi,whu_mix,wuxi_194.tif,0,0,0,0,512,512,0.13205719,data/raw/WHU_Mix_cities/wuxi/image/wuxi_194.tif,data/raw/WHU_Mix_cities/wuxi/label/wuxi_194.tif
train,wuxi,whu_mix,wuxi_824.tif,0,0,0,0,512,512,0.13470840,data/raw/WHU_Mix_cities/wuxi/image/wuxi_824.tif,data/raw/WHU_Mix_cities/wuxi/label/wuxi_824.tif
train,wuxi,whu_mix,wuxi_1072.tif,0,0,0,0,512,512,0.34172821,data/raw/WHU_Mix_cities/wuxi/image/wuxi_1072.tif,data/raw/WHU_Mix_cities/wuxi/label/wuxi_1072.tif
train,wuxi,whu_mix,wuxi_291.tif,0,0,0,0,512,512,0.00000000,data/raw/WHU_Mix_cities/wuxi/image/wuxi_291.tif,data/raw/WHU_Mix_cities/wuxi/label/wuxi_291.tif
train,wuxi,whu_mix,wuxi_858.tif,0,0,0,0,512,512,0.17256546,data/raw/WHU_Mix_cities/wuxi/image/wuxi_858.tif,data/raw/WHU_Mix_cities/wuxi/label/wuxi_858.tif
train,wuxi,whu_mix,wuxi_1157.tif,0,0,0,0,512,512,0.07614899,data/raw/WHU_Mix_cities/wuxi/image/wuxi_1157.tif,data/raw/WHU_Mix_cities/wuxi/label/wuxi_1157.tif
train,wuxi,whu_mix,wuxi_1308.tif,0,0,0,0,512,512,0.00014114,data/raw/WHU_Mix_cities/wuxi/image/wuxi_1308.tif,data/raw/WHU_Mix_cities/wuxi/label/wuxi_1308.tif
train,wuxi,whu_mix,wuxi_1312.tif,0,0,0,0,512,512,0.07089615,data/raw/WHU_Mix_cities/wuxi/image/wuxi_1312.tif,data/raw/WHU_Mix_cities/wuxi/label/wuxi_1312.tif
train,wuxi,whu_mix,wuxi_106.tif,0,0,0,0,512,512,0.40302277,data/raw/WHU_Mix_cities/wuxi/image/wuxi_106.tif,data/raw/WHU_Mix_cities/wuxi/label/wuxi_106.tif
train,wuxi,whu_mix,wuxi_1098.tif,0,0,0,0,512,512,0.16725159,data/raw/WHU_Mix_cities/wuxi/image/wuxi_1098.tif,data/raw/WHU_Mix_cities/wuxi/label/wuxi_1098.tif
train,wuxi,whu_mix,wuxi_333.tif,0,0,0,0,512,512,0.32624435,data/raw/WHU_Mix_cities/wuxi/image/wuxi_333.tif,data/raw/WHU_Mix_cities/wuxi/label/wuxi_333.tif
train,wuxi,whu_mix,wuxi_139.tif,0,0,0,0,512,512,0.21322632,data/raw/WHU_Mix_cities/wuxi/image/wuxi_139.tif,data/raw/WHU_Mix_cities/wuxi/label/wuxi_139.tif
train,wuxi,whu_mix,wuxi_108.tif,0,0,0,0,512,512,0.39130783,data/raw/WHU_Mix_cities/wuxi/image/wuxi_108.tif,data/raw/WHU_Mix_cities/wuxi/label/wuxi_108.tif
train,wuxi,whu_mix,wuxi_1003.tif,0,0,0,0,512,512,0.13813019,data/raw/WHU_Mix_cities/wuxi/image/wuxi_1003.tif,data/raw/WHU_Mix_cities/wuxi/label/wuxi_1003.tif
train,wuxi,whu_mix,wuxi_671.tif,0,0,0,0,512,512,0.02856064,data/raw/WHU_Mix_cities/wuxi/image/wuxi_671.tif,data/raw/WHU_Mix_cities/wuxi/label/wuxi_671.tif
train,wuxi,whu_mix,wuxi_582.tif,0,0,0,0,512,512,0.22341919,data/raw/WHU_Mix_cities/wuxi/image/wuxi_582.tif,data/raw/WHU_Mix_cities/wuxi/label/wuxi_582.tif
train,wuxi,whu_mix,wuxi_982.tif,0,0,0,0,512,512,0.13716888,data/raw/WHU_Mix_cities/wuxi/image/wuxi_982.tif,data/raw/WHU_Mix_cities/wuxi/label/wuxi_982.tif
train,wuxi,whu_mix,wuxi_527.tif,0,0,0,0,512,512,0.05446243,data/raw/WHU_Mix_cities/wuxi/image/wuxi_527.tif,data/raw/WHU_Mix_cities/wuxi/label/wuxi_527.tif
train,wuxi,whu_mix,wuxi_603.tif,0,0,0,0,512,512,0.16937637,data/raw/WHU_Mix_cities/wuxi/image/wuxi_603.tif,data/raw/WHU_Mix_cities/wuxi/label/wuxi_603.tif
train,wuxi,whu_mix,wuxi_658.tif,0,0,0,0,512,512,0.00000000,data/raw/WHU_Mix_cities/wuxi/image/wuxi_658.tif,data/raw/WHU_Mix_cities/wuxi/label/wuxi_658.tif
train,wuxi,whu_mix,wuxi_220.tif,0,0,0,0,512,512,0.18403244,data/raw/WHU_Mix_cities/wuxi/image/wuxi_220.tif,data/raw/WHU_Mix_cities/wuxi/label/wuxi_220.tif
train,wuxi,whu_mix,wuxi_1025.tif,0,0,0,0,512,512,0.29445267,data/raw/WHU_Mix_cities/wuxi/image/wuxi_1025.tif,data/raw/WHU_Mix_cities/wuxi/label/wuxi_1025.tif
train,wuxi,whu_mix,wuxi_385.tif,0,0,0,0,512,512,0.23126984,data/raw/WHU_Mix_cities/wuxi/image/wuxi_385.tif,data/raw/WHU_Mix_cities/wuxi/label/wuxi_385.tif
train,wuxi,whu_mix,wuxi_1287.tif,0,0,0,0,512,512,0.18985367,data/raw/WHU_Mix_cities/wuxi/image/wuxi_1287.tif,data/raw/WHU_Mix_cities/wuxi/label/wuxi_1287.tif
train,wuxi,whu_mix,wuxi_1145.tif,0,0,0,0,512,512,0.24135971,data/raw/WHU_Mix_cities/wuxi/image/wuxi_1145.tif,data/raw/WHU_Mix_cities/wuxi/label/wuxi_1145.tif
train,wuxi,whu_mix,wuxi_1343.tif,0,0,0,0,512,512,0.14354324,data/raw/WHU_Mix_cities/wuxi/image/wuxi_1343.tif,data/raw/WHU_Mix_cities/wuxi/label/wuxi_1343.tif
train,wuxi,whu_mix,wuxi_700.tif,0,0,0,0,512,512,0.23471832,data/raw/WHU_Mix_cities/wuxi/image/wuxi_700.tif,data/raw/WHU_Mix_cities/wuxi/label/wuxi_700.tif
train,wuxi,whu_mix,wuxi_206.tif,0,0,0,0,512,512,0.09339905,data/raw/WHU_Mix_cities/wuxi/image/wuxi_206.tif,data/raw/WHU_Mix_cities/wuxi/label/wuxi_206.tif
train,wuxi,whu_mix,wuxi_799.tif,0,0,0,0,512,512,0.26177216,data/raw/WHU_Mix_cities/wuxi/image/wuxi_799.tif,data/raw/WHU_Mix_cities/wuxi/label/wuxi_799.tif
train,wuxi,whu_mix,wuxi_898.tif,0,0,0,0,512,512,0.17720413,data/raw/WHU_Mix_cities/wuxi/image/wuxi_898.tif,data/raw/WHU_Mix_cities/wuxi/label/wuxi_898.tif
train,wuxi,whu_mix,wuxi_231.tif,0,0,0,0,512,512,0.00000000,data/raw/WHU_Mix_cities/wuxi/image/wuxi_231.tif,data/raw/WHU_Mix_cities/wuxi/label/wuxi_231.tif
train,wuxi,whu_mix,wuxi_1106.tif,0,0,0,0,512,512,0.14497757,data/raw/WHU_Mix_cities/wuxi/image/wuxi_1106.tif,data/raw/WHU_Mix_cities/wuxi/label/wuxi_1106.tif
train,wuxi,whu_mix,wuxi_619.tif,0,0,0,0,512,512,0.05255890,data/raw/WHU_Mix_cities/wuxi/image/wuxi_619.tif,data/raw/WHU_Mix_cities/wuxi/label/wuxi_619.tif
train,wuxi,whu_mix,wuxi_403.tif,0,0,0,0,512,512,0.00000000,data/raw/WHU_Mix_cities/wuxi/image/wuxi_403.tif,data/raw/WHU_Mix_cities/wuxi/label/wuxi_403.tif
train,wuxi,whu_mix,wuxi_844.tif,0,0,0,0,512,512,0.03335571,data/raw/WHU_Mix_cities/wuxi/image/wuxi_844.tif,data/raw/WHU_Mix_cities/wuxi/label/wuxi_844.tif
train,wuxi,whu_mix,wuxi_563.tif,0,0,0,0,512,512,0.08325195,data/raw/WHU_Mix_cities/wuxi/image/wuxi_563.tif,data/raw/WHU_Mix_cities/wuxi/label/wuxi_563.tif
train,wuxi,whu_mix,wuxi_943.tif,0,0,0,0,512,512,0.18656921,data/raw/WHU_Mix_cities/wuxi/image/wuxi_943.tif,data/raw/WHU_Mix_cities/wuxi/label/wuxi_943.tif
train,wuxi,whu_mix,wuxi_260.tif,0,0,0,0,512,512,0.19018173,data/raw/WHU_Mix_cities/wuxi/image/wuxi_260.tif,data/raw/WHU_Mix_cities/wuxi/label/wuxi_260.tif
train,wuxi,whu_mix,wuxi_197.tif,0,0,0,0,512,512,0.19455719,data/raw/WHU_Mix_cities/wuxi/image/wuxi_197.tif,data/raw/WHU_Mix_cities/wuxi/label/wuxi_197.tif
train,wuxi,whu_mix,wuxi_47.tif,0,0,0,0,512,512,0.20318222,data/raw/WHU_Mix_cities/wuxi/image/wuxi_47.tif,data/raw/WHU_Mix_cities/wuxi/label/wuxi_47.tif
train,wuxi,whu_mix,wuxi_1165.tif,0,0,0,0,512,512,0.17273331,data/raw/WHU_Mix_cities/wuxi/image/wuxi_1165.tif,data/raw/WHU_Mix_cities/wuxi/label/wuxi_1165.tif
train,wuxi,whu_mix,wuxi_880.tif,0,0,0,0,512,512,0.22940445,data/raw/WHU_Mix_cities/wuxi/image/wuxi_880.tif,data/raw/WHU_Mix_cities/wuxi/label/wuxi_880.tif
train,wuxi,whu_mix,wuxi_125.tif,0,0,0,0,512,512,0.16676712,data/raw/WHU_Mix_cities/wuxi/image/wuxi_125.tif,data/raw/WHU_Mix_cities/wuxi/label/wuxi_125.tif
train,wuxi,whu_mix,wuxi_1402.tif,0,0,0,0,512,512,0.29153061,data/raw/WHU_Mix_cities/wuxi/image/wuxi_1402.tif,data/raw/WHU_Mix_cities/wuxi/label/wuxi_1402.tif
train,wuxi,whu_mix,wuxi_1019.tif,0,0,0,0,512,512,0.03092575,data/raw/WHU_Mix_cities/wuxi/image/wuxi_1019.tif,data/raw/WHU_Mix_cities/wuxi/label/wuxi_1019.tif
train,wuxi,whu_mix,wuxi_35.tif,0,0,0,0,512,512,0.00000000,data/raw/WHU_Mix_cities/wuxi/image/wuxi_35.tif,data/raw/WHU_Mix_cities/wuxi/label/wuxi_35.tif
train,wuxi,whu_mix,wuxi_464.tif,0,0,0,0,512,512,0.15468216,data/raw/WHU_Mix_cities/wuxi/image/wuxi_464.tif,data/raw/WHU_Mix_cities/wuxi/label/wuxi_464.tif
train,wuxi,whu_mix,wuxi_654.tif,0,0,0,0,512,512,0.00608826,data/raw/WHU_Mix_cities/wuxi/image/wuxi_654.tif,data/raw/WHU_Mix_cities/wuxi/label/wuxi_654.tif
train,wuxi,whu_mix,wuxi_841.tif,0,0,0,0,512,512,0.05397415,data/raw/WHU_Mix_cities/wuxi/image/wuxi_841.tif,data/raw/WHU_Mix_cities/wuxi/label/wuxi_841.tif
train,wuxi,whu_mix,wuxi_1150.tif,0,0,0,0,512,512,0.21732712,data/raw/WHU_Mix_cities/wuxi/image/wuxi_1150.tif,data/raw/WHU_Mix_cities/wuxi/label/wuxi_1150.tif
train,wuxi,whu_mix,wuxi_1384.tif,0,0,0,0,512,512,0.12253952,data/raw/WHU_Mix_cities/wuxi/image/wuxi_1384.tif,data/raw/WHU_Mix_cities/wuxi/label/wuxi_1384.tif
train,wuxi,whu_mix,wuxi_347.tif,0,0,0,0,512,512,0.01168823,data/raw/WHU_Mix_cities/wuxi/image/wuxi_347.tif,data/raw/WHU_Mix_cities/wuxi/label/wuxi_347.tif
train,wuxi,whu_mix,wuxi_339.tif,0,0,0,0,512,512,0.16768646,data/raw/WHU_Mix_cities/wuxi/image/wuxi_339.tif,data/raw/WHU_Mix_cities/wuxi/label/wuxi_339.tif
train,wuxi,whu_mix,wuxi_741.tif,0,0,0,0,512,512,0.02194977,data/raw/WHU_Mix_cities/wuxi/image/wuxi_741.tif,data/raw/WHU_Mix_cities/wuxi/label/wuxi_741.tif
train,wuxi,whu_mix,wuxi_1248.tif,0,0,0,0,512,512,0.16291428,data/raw/WHU_Mix_cities/wuxi/image/wuxi_1248.tif,data/raw/WHU_Mix_cities/wuxi/label/wuxi_1248.tif
train,wuxi,whu_mix,wuxi_85.tif,0,0,0,0,512,512,0.18843460,data/raw/WHU_Mix_cities/wuxi/image/wuxi_85.tif,data/raw/WHU_Mix_cities/wuxi/label/wuxi_85.tif
train,wuxi,whu_mix,wuxi_742.tif,0,0,0,0,512,512,0.00298309,data/raw/WHU_Mix_cities/wuxi/image/wuxi_742.tif,data/raw/WHU_Mix_cities/wuxi/label/wuxi_742.tif
train,wuxi,whu_mix,wuxi_1224.tif,0,0,0,0,512,512,0.09066010,data/raw/WHU_Mix_cities/wuxi/image/wuxi_1224.tif,data/raw/WHU_Mix_cities/wuxi/label/wuxi_1224.tif
train,wuxi,whu_mix,wuxi_1231.tif,0,0,0,0,512,512,0.24831772,data/raw/WHU_Mix_cities/wuxi/image/wuxi_1231.tif,data/raw/WHU_Mix_cities/wuxi/label/wuxi_1231.tif
train,wuxi,whu_mix,wuxi_872.tif,0,0,0,0,512,512,0.33768463,data/raw/WHU_Mix_cities/wuxi/image/wuxi_872.tif,data/raw/WHU_Mix_cities/wuxi/label/wuxi_872.tif
train,wuxi,whu_mix,wuxi_1298.tif,0,0,0,0,512,512,0.36914062,data/raw/WHU_Mix_cities/wuxi/image/wuxi_1298.tif,data/raw/WHU_Mix_cities/wuxi/label/wuxi_1298.tif
train,wuxi,whu_mix,wuxi_302.tif,0,0,0,0,512,512,0.19246674,data/raw/WHU_Mix_cities/wuxi/image/wuxi_302.tif,data/raw/WHU_Mix_cities/wuxi/label/wuxi_302.tif
train,wuxi,whu_mix,wuxi_798.tif,0,0,0,0,512,512,0.19936752,data/raw/WHU_Mix_cities/wuxi/image/wuxi_798.tif,data/raw/WHU_Mix_cities/wuxi/label/wuxi_798.tif
train,wuxi,whu_mix,wuxi_650.tif,0,0,0,0,512,512,0.00000000,data/raw/WHU_Mix_cities/wuxi/image/wuxi_650.tif,data/raw/WHU_Mix_cities/wuxi/label/wuxi_650.tif
train,wuxi,whu_mix,wuxi_1048.tif,0,0,0,0,512,512,0.24045563,data/raw/WHU_Mix_cities/wuxi/image/wuxi_1048.tif,data/raw/WHU_Mix_cities/wuxi/label/wuxi_1048.tif
train,wuxi,whu_mix,wuxi_1018.tif,0,0,0,0,512,512,0.15933228,data/raw/WHU_Mix_cities/wuxi/image/wuxi_1018.tif,data/raw/WHU_Mix_cities/wuxi/label/wuxi_1018.tif
train,wuxi,whu_mix,wuxi_641.tif,0,0,0,0,512,512,0.08977890,data/raw/WHU_Mix_cities/wuxi/image/wuxi_641.tif,data/raw/WHU_Mix_cities/wuxi/label/wuxi_641.tif
train,wuxi,whu_mix,wuxi_461.tif,0,0,0,0,512,512,0.08848572,data/raw/WHU_Mix_cities/wuxi/image/wuxi_461.tif,data/raw/WHU_Mix_cities/wuxi/label/wuxi_461.tif
train,wuxi,whu_mix,wuxi_1050.tif,0,0,0,0,512,512,0.20928192,data/raw/WHU_Mix_cities/wuxi/image/wuxi_1050.tif,data/raw/WHU_Mix_cities/wuxi/label/wuxi_1050.tif
train,wuxi,whu_mix,wuxi_349.tif,0,0,0,0,512,512,0.34451294,data/raw/WHU_Mix_cities/wuxi/image/wuxi_349.tif,data/raw/WHU_Mix_cities/wuxi/label/wuxi_349.tif
train,wuxi,whu_mix,wuxi_175.tif,0,0,0,0,512,512,0.19544220,data/raw/WHU_Mix_cities/wuxi/image/wuxi_175.tif,data/raw/WHU_Mix_cities/wuxi/label/wuxi_175.tif
train,wuxi,whu_mix,wuxi_1148.tif,0,0,0,0,512,512,0.17368698,data/raw/WHU_Mix_cities/wuxi/image/wuxi_1148.tif,data/raw/WHU_Mix_cities/wuxi/label/wuxi_1148.tif
train,wuxi,whu_mix,wuxi_676.tif,0,0,0,0,512,512,0.01210022,data/raw/WHU_Mix_cities/wuxi/image/wuxi_676.tif,data/raw/WHU_Mix_cities/wuxi/label/wuxi_676.tif
train,wuxi,whu_mix,wuxi_77.tif,0,0,0,0,512,512,0.15012741,data/raw/WHU_Mix_cities/wuxi/image/wuxi_77.tif,data/raw/WHU_Mix_cities/wuxi/label/wuxi_77.tif
train,wuxi,whu_mix,wuxi_941.tif,0,0,0,0,512,512,0.00000000,data/raw/WHU_Mix_cities/wuxi/image/wuxi_941.tif,data/raw/WHU_Mix_cities/wuxi/label/wuxi_941.tif
train,wuxi,whu_mix,wuxi_514.tif,0,0,0,0,512,512,0.17517090,data/raw/WHU_Mix_cities/wuxi/image/wuxi_514.tif,data/raw/WHU_Mix_cities/wuxi/label/wuxi_514.tif
train,wuxi,whu_mix,wuxi_931.tif,0,0,0,0,512,512,0.21153259,data/raw/WHU_Mix_cities/wuxi/image/wuxi_931.tif,data/raw/WHU_Mix_cities/wuxi/label/wuxi_931.tif
train,wuxi,whu_mix,wuxi_594.tif,0,0,0,0,512,512,0.16942596,data/raw/WHU_Mix_cities/wuxi/image/wuxi_594.tif,data/raw/WHU_Mix_cities/wuxi/label/wuxi_594.tif
train,wuxi,whu_mix,wuxi_1054.tif,0,0,0,0,512,512,0.27301025,data/raw/WHU_Mix_cities/wuxi/image/wuxi_1054.tif,data/raw/WHU_Mix_cities/wuxi/label/wuxi_1054.tif
train,wuxi,whu_mix,wuxi_707.tif,0,0,0,0,512,512,0.07391357,data/raw/WHU_Mix_cities/wuxi/image/wuxi_707.tif,data/raw/WHU_Mix_cities/wuxi/label/wuxi_707.tif
train,wuxi,whu_mix,wuxi_71.tif,0,0,0,0,512,512,0.16365433,data/raw/WHU_Mix_cities/wuxi/image/wuxi_71.tif,data/raw/WHU_Mix_cities/wuxi/label/wuxi_71.tif
train,wuxi,whu_mix,wuxi_1285.tif,0,0,0,0,512,512,0.26296234,data/raw/WHU_Mix_cities/wuxi/image/wuxi_1285.tif,data/raw/WHU_Mix_cities/wuxi/label/wuxi_1285.tif
train,wuxi,whu_mix,wuxi_850.tif,0,0,0,0,512,512,0.22156525,data/raw/WHU_Mix_cities/wuxi/image/wuxi_850.tif,data/raw/WHU_Mix_cities/wuxi/label/wuxi_850.tif
train,wuxi,whu_mix,wuxi_185.tif,0,0,0,0,512,512,0.22347260,data/raw/WHU_Mix_cities/wuxi/image/wuxi_185.tif,data/raw/WHU_Mix_cities/wuxi/label/wuxi_185.tif
train,wuxi,whu_mix,wuxi_1134.tif,0,0,0,0,512,512,0.13111877,data/raw/WHU_Mix_cities/wuxi/image/wuxi_1134.tif,data/raw/WHU_Mix_cities/wuxi/label/wuxi_1134.tif
train,wuxi,whu_mix,wuxi_96.tif,0,0,0,0,512,512,0.09018707,data/raw/WHU_Mix_cities/wuxi/image/wuxi_96.tif,data/raw/WHU_Mix_cities/wuxi/label/wuxi_96.tif
train,wuxi,whu_mix,wuxi_1297.tif,0,0,0,0,512,512,0.38183975,data/raw/WHU_Mix_cities/wuxi/image/wuxi_1297.tif,data/raw/WHU_Mix_cities/wuxi/label/wuxi_1297.tif
train,wuxi,whu_mix,wuxi_926.tif,0,0,0,0,512,512,0.12579346,data/raw/WHU_Mix_cities/wuxi/image/wuxi_926.tif,data/raw/WHU_Mix_cities/wuxi/label/wuxi_926.tif
train,wuxi,whu_mix,wuxi_1202.tif,0,0,0,0,512,512,0.22582626,data/raw/WHU_Mix_cities/wuxi/image/wuxi_1202.tif,data/raw/WHU_Mix_cities/wuxi/label/wuxi_1202.tif
train,wuxi,whu_mix,wuxi_236.tif,0,0,0,0,512,512,0.23854065,data/raw/WHU_Mix_cities/wuxi/image/wuxi_236.tif,data/raw/WHU_Mix_cities/wuxi/label/wuxi_236.tif
train,wuxi,whu_mix,wuxi_590.tif,0,0,0,0,512,512,0.17842484,data/raw/WHU_Mix_cities/wuxi/image/wuxi_590.tif,data/raw/WHU_Mix_cities/wuxi/label/wuxi_590.tif
train,wuxi,whu_mix,wuxi_588.tif,0,0,0,0,512,512,0.00000000,data/raw/WHU_Mix_cities/wuxi/image/wuxi_588.tif,data/raw/WHU_Mix_cities/wuxi/label/wuxi_588.tif
train,wuxi,whu_mix,wuxi_1364.tif,0,0,0,0,512,512,0.02460480,data/raw/WHU_Mix_cities/wuxi/image/wuxi_1364.tif,data/raw/WHU_Mix_cities/wuxi/label/wuxi_1364.tif
train,wuxi,whu_mix,wuxi_989.tif,0,0,0,0,512,512,0.15572739,data/raw/WHU_Mix_cities/wuxi/image/wuxi_989.tif,data/raw/WHU_Mix_cities/wuxi/label/wuxi_989.tif
train,wuxi,whu_mix,wuxi_683.tif,0,0,0,0,512,512,0.00000000,data/raw/WHU_Mix_cities/wuxi/image/wuxi_683.tif,data/raw/WHU_Mix_cities/wuxi/label/wuxi_683.tif
train,wuxi,whu_mix,wuxi_390.tif,0,0,0,0,512,512,0.11422348,data/raw/WHU_Mix_cities/wuxi/image/wuxi_390.tif,data/raw/WHU_Mix_cities/wuxi/label/wuxi_390.tif
train,wuxi,whu_mix,wuxi_820.tif,0,0,0,0,512,512,0.00365448,data/raw/WHU_Mix_cities/wuxi/image/wuxi_820.tif,data/raw/WHU_Mix_cities/wuxi/label/wuxi_820.tif
train,wuxi,whu_mix,wuxi_1131.tif,0,0,0,0,512,512,0.19379425,data/raw/WHU_Mix_cities/wuxi/image/wuxi_1131.tif,data/raw/WHU_Mix_cities/wuxi/label/wuxi_1131.tif
train,wuxi,whu_mix,wuxi_784.tif,0,0,0,0,512,512,0.11529541,data/raw/WHU_Mix_cities/wuxi/image/wuxi_784.tif,data/raw/WHU_Mix_cities/wuxi/label/wuxi_784.tif
train,wuxi,whu_mix,wuxi_1213.tif,0,0,0,0,512,512,0.19530487,data/raw/WHU_Mix_cities/wuxi/image/wuxi_1213.tif,data/raw/WHU_Mix_cities/wuxi/label/wuxi_1213.tif
train,wuxi,whu_mix,wuxi_286.tif,0,0,0,0,512,512,0.30716324,data/raw/WHU_Mix_cities/wuxi/image/wuxi_286.tif,data/raw/WHU_Mix_cities/wuxi/label/wuxi_286.tif
train,wuxi,whu_mix,wuxi_861.tif,0,0,0,0,512,512,0.17560577,data/raw/WHU_Mix_cities/wuxi/image/wuxi_861.tif,data/raw/WHU_Mix_cities/wuxi/label/wuxi_861.tif
train,wuxi,whu_mix,wuxi_743.tif,0,0,0,0,512,512,0.00000000,data/raw/WHU_Mix_cities/wuxi/image/wuxi_743.tif,data/raw/WHU_Mix_cities/wuxi/label/wuxi_743.tif
train,wuxi,whu_mix,wuxi_1052.tif,0,0,0,0,512,512,0.22651672,data/raw/WHU_Mix_cities/wuxi/image/wuxi_1052.tif,data/raw/WHU_Mix_cities/wuxi/label/wuxi_1052.tif
train,wuxi,whu_mix,wuxi_1274.tif,0,0,0,0,512,512,0.18789673,data/raw/WHU_Mix_cities/wuxi/image/wuxi_1274.tif,data/raw/WHU_Mix_cities/wuxi/label/wuxi_1274.tif
train,wuxi,whu_mix,wuxi_543.tif,0,0,0,0,512,512,0.00000000,data/raw/WHU_Mix_cities/wuxi/image/wuxi_543.tif,data/raw/WHU_Mix_cities/wuxi/label/wuxi_543.tif
train,wuxi,whu_mix,wuxi_642.tif,0,0,0,0,512,512,0.00000000,data/raw/WHU_Mix_cities/wuxi/image/wuxi_642.tif,data/raw/WHU_Mix_cities/wuxi/label/wuxi_642.tif
train,wuxi,whu_mix,wuxi_1317.tif,0,0,0,0,512,512,0.00000000,data/raw/WHU_Mix_cities/wuxi/image/wuxi_1317.tif,data/raw/WHU_Mix_cities/wuxi/label/wuxi_1317.tif
train,wuxi,whu_mix,wuxi_158.tif,0,0,0,0,512,512,0.00000000,data/raw/WHU_Mix_cities/wuxi/image/wuxi_158.tif,data/raw/WHU_Mix_cities/wuxi/label/wuxi_158.tif
train,wuxi,whu_mix,wuxi_217.tif,0,0,0,0,512,512,0.00282288,data/raw/WHU_Mix_cities/wuxi/image/wuxi_217.tif,data/raw/WHU_Mix_cities/wuxi/label/wuxi_217.tif
train,wuxi,whu_mix,wuxi_1349.tif,0,0,0,0,512,512,0.18440247,data/raw/WHU_Mix_cities/wuxi/image/wuxi_1349.tif,data/raw/WHU_Mix_cities/wuxi/label/wuxi_1349.tif
train,wuxi,whu_mix,wuxi_147.tif,0,0,0,0,512,512,0.30308533,data/raw/WHU_Mix_cities/wuxi/image/wuxi_147.tif,data/raw/WHU_Mix_cities/wuxi/label/wuxi_147.tif
train,wuxi,whu_mix,wuxi_290.tif,0,0,0,0,512,512,0.31148911,data/raw/WHU_Mix_cities/wuxi/image/wuxi_290.tif,data/raw/WHU_Mix_cities/wuxi/label/wuxi_290.tif
train,wuxi,whu_mix,wuxi_103.tif,0,0,0,0,512,512,0.18573380,data/raw/WHU_Mix_cities/wuxi/image/wuxi_103.tif,data/raw/WHU_Mix_cities/wuxi/label/wuxi_103.tif
train,wuxi,whu_mix,wuxi_159.tif,0,0,0,0,512,512,0.11838150,data/raw/WHU_Mix_cities/wuxi/image/wuxi_159.tif,data/raw/WHU_Mix_cities/wuxi/label/wuxi_159.tif
train,wuxi,whu_mix,wuxi_1228.tif,0,0,0,0,512,512,0.25086212,data/raw/WHU_Mix_cities/wuxi/image/wuxi_1228.tif,data/raw/WHU_Mix_cities/wuxi/label/wuxi_1228.tif
train,wuxi,whu_mix,wuxi_680.tif,0,0,0,0,512,512,0.25158310,data/raw/WHU_Mix_cities/wuxi/image/wuxi_680.tif,data/raw/WHU_Mix_cities/wuxi/label/wuxi_680.tif
train,wuxi,whu_mix,wuxi_324.tif,0,0,0,0,512,512,0.30553818,data/raw/WHU_Mix_cities/wuxi/image/wuxi_324.tif,data/raw/WHU_Mix_cities/wuxi/label/wuxi_324.tif
train,wuxi,whu_mix,wuxi_1319.tif,0,0,0,0,512,512,0.20452499,data/raw/WHU_Mix_cities/wuxi/image/wuxi_1319.tif,data/raw/WHU_Mix_cities/wuxi/label/wuxi_1319.tif
train,wuxi,whu_mix,wuxi_382.tif,0,0,0,0,512,512,0.24752426,data/raw/WHU_Mix_cities/wuxi/image/wuxi_382.tif,data/raw/WHU_Mix_cities/wuxi/label/wuxi_382.tif
train,wuxi,whu_mix,wuxi_559.tif,0,0,0,0,512,512,0.05830383,data/raw/WHU_Mix_cities/wuxi/image/wuxi_559.tif,data/raw/WHU_Mix_cities/wuxi/label/wuxi_559.tif
train,wuxi,whu_mix,wuxi_522.tif,0,0,0,0,512,512,0.05813980,data/raw/WHU_Mix_cities/wuxi/image/wuxi_522.tif,data/raw/WHU_Mix_cities/wuxi/label/wuxi_522.tif
train,wuxi,whu_mix,wuxi_977.tif,0,0,0,0,512,512,0.23949051,data/raw/WHU_Mix_cities/wuxi/image/wuxi_977.tif,data/raw/WHU_Mix_cities/wuxi/label/wuxi_977.tif
train,wuxi,whu_mix,wuxi_1179.tif,0,0,0,0,512,512,0.23136139,data/raw/WHU_Mix_cities/wuxi/image/wuxi_1179.tif,data/raw/WHU_Mix_cities/wuxi/label/wuxi_1179.tif
train,wuxi,whu_mix,wuxi_1348.tif,0,0,0,0,512,512,0.06326675,data/raw/WHU_Mix_cities/wuxi/image/wuxi_1348.tif,data/raw/WHU_Mix_cities/wuxi/label/wuxi_1348.tif
train,wuxi,whu_mix,wuxi_413.tif,0,0,0,0,512,512,0.09522629,data/raw/WHU_Mix_cities/wuxi/image/wuxi_413.tif,data/raw/WHU_Mix_cities/wuxi/label/wuxi_413.tif
train,wuxi,whu_mix,wuxi_912.tif,0,0,0,0,512,512,0.19710922,data/raw/WHU_Mix_cities/wuxi/image/wuxi_912.tif,data/raw/WHU_Mix_cities/wuxi/label/wuxi_912.tif
train,wuxi,whu_mix,wuxi_25.tif,0,0,0,0,512,512,0.45613861,data/raw/WHU_Mix_cities/wuxi/image/wuxi_25.tif,data/raw/WHU_Mix_cities/wuxi/label/wuxi_25.tif
train,wuxi,whu_mix,wuxi_373.tif,0,0,0,0,512,512,0.17108154,data/raw/WHU_Mix_cities/wuxi/image/wuxi_373.tif,data/raw/WHU_Mix_cities/wuxi/label/wuxi_373.tif
train,wuxi,whu_mix,wuxi_893.tif,0,0,0,0,512,512,0.01277542,data/raw/WHU_Mix_cities/wuxi/image/wuxi_893.tif,data/raw/WHU_Mix_cities/wuxi/label/wuxi_893.tif
train,wuxi,whu_mix,wuxi_1327.tif,0,0,0,0,512,512,0.19455719,data/raw/WHU_Mix_cities/wuxi/image/wuxi_1327.tif,data/raw/WHU_Mix_cities/wuxi/label/wuxi_1327.tif
train,wuxi,whu_mix,wuxi_1371.tif,0,0,0,0,512,512,0.23085403,data/raw/WHU_Mix_cities/wuxi/image/wuxi_1371.tif,data/raw/WHU_Mix_cities/wuxi/label/wuxi_1371.tif
train,wuxi,whu_mix,wuxi_327.tif,0,0,0,0,512,512,0.03242111,data/raw/WHU_Mix_cities/wuxi/image/wuxi_327.tif,data/raw/WHU_Mix_cities/wuxi/label/wuxi_327.tif
train,wuxi,whu_mix,wuxi_852.tif,0,0,0,0,512,512,0.13782120,data/raw/WHU_Mix_cities/wuxi/image/wuxi_852.tif,data/raw/WHU_Mix_cities/wuxi/label/wuxi_852.tif
train,wuxi,whu_mix,wuxi_768.tif,0,0,0,0,512,512,0.11970520,data/raw/WHU_Mix_cities/wuxi/image/wuxi_768.tif,data/raw/WHU_Mix_cities/wuxi/label/wuxi_768.tif
train,wuxi,whu_mix,wuxi_979.tif,0,0,0,0,512,512,0.01414871,data/raw/WHU_Mix_cities/wuxi/image/wuxi_979.tif,data/raw/WHU_Mix_cities/wuxi/label/wuxi_979.tif
train,wuxi,whu_mix,wuxi_369.tif,0,0,0,0,512,512,0.11232376,data/raw/WHU_Mix_cities/wuxi/image/wuxi_369.tif,data/raw/WHU_Mix_cities/wuxi/label/wuxi_369.tif
train,wuxi,whu_mix,wuxi_176.tif,0,0,0,0,512,512,0.19728088,data/raw/WHU_Mix_cities/wuxi/image/wuxi_176.tif,data/raw/WHU_Mix_cities/wuxi/label/wuxi_176.tif
train,wuxi,whu_mix,wuxi_393.tif,0,0,0,0,512,512,0.12766647,data/raw/WHU_Mix_cities/wuxi/image/wuxi_393.tif,data/raw/WHU_Mix_cities/wuxi/label/wuxi_393.tif
train,wuxi,whu_mix,wuxi_342.tif,0,0,0,0,512,512,0.49285507,data/raw/WHU_Mix_cities/wuxi/image/wuxi_342.tif,data/raw/WHU_Mix_cities/wuxi/label/wuxi_342.tif
train,wuxi,whu_mix,wuxi_720.tif,0,0,0,0,512,512,0.19584274,data/raw/WHU_Mix_cities/wuxi/image/wuxi_720.tif,data/raw/WHU_Mix_cities/wuxi/label/wuxi_720.tif
train,wuxi,whu_mix,wuxi_1127.tif,0,0,0,0,512,512,0.11853790,data/raw/WHU_Mix_cities/wuxi/image/wuxi_1127.tif,data/raw/WHU_Mix_cities/wuxi/label/wuxi_1127.tif
train,wuxi,whu_mix,wuxi_938.tif,0,0,0,0,512,512,0.22580338,data/raw/WHU_Mix_cities/wuxi/image/wuxi_938.tif,data/raw/WHU_Mix_cities/wuxi/label/wuxi_938.tif
train,wuxi,whu_mix,wuxi_807.tif,0,0,0,0,512,512,0.19461823,data/raw/WHU_Mix_cities/wuxi/image/wuxi_807.tif,data/raw/WHU_Mix_cities/wuxi/label/wuxi_807.tif
train,wuxi,whu_mix,wuxi_963.tif,0,0,0,0,512,512,0.17950821,data/raw/WHU_Mix_cities/wuxi/image/wuxi_963.tif,data/raw/WHU_Mix_cities/wuxi/label/wuxi_963.tif
train,wuxi,whu_mix,wuxi_552.tif,0,0,0,0,512,512,0.02878952,data/raw/WHU_Mix_cities/wuxi/image/wuxi_552.tif,data/raw/WHU_Mix_cities/wuxi/label/wuxi_552.tif
train,wuxi,whu_mix,wuxi_1264.tif,0,0,0,0,512,512,0.19445038,data/raw/WHU_Mix_cities/wuxi/image/wuxi_1264.tif,data/raw/WHU_Mix_cities/wuxi/label/wuxi_1264.tif
train,wuxi,whu_mix,wuxi_871.tif,0,0,0,0,512,512,0.21446991,data/raw/WHU_Mix_cities/wuxi/image/wuxi_871.tif,data/raw/WHU_Mix_cities/wuxi/label/wuxi_871.tif
train,wuxi,whu_mix,wuxi_1247.tif,0,0,0,0,512,512,0.25663757,data/raw/WHU_Mix_cities/wuxi/image/wuxi_1247.tif,data/raw/WHU_Mix_cities/wuxi/label/wuxi_1247.tif
train,wuxi,whu_mix,wuxi_722.tif,0,0,0,0,512,512,0.19068909,data/raw/WHU_Mix_cities/wuxi/image/wuxi_722.tif,data/raw/WHU_Mix_cities/wuxi/label/wuxi_722.tif
train,wuxi,whu_mix,wuxi_119.tif,0,0,0,0,512,512,0.18202972,data/raw/WHU_Mix_cities/wuxi/image/wuxi_119.tif,data/raw/WHU_Mix_cities/wuxi/label/wuxi_119.tif
train,wuxi,whu_mix,wuxi_1122.tif,0,0,0,0,512,512,0.29242706,data/raw/WHU_Mix_cities/wuxi/image/wuxi_1122.tif,data/raw/WHU_Mix_cities/wuxi/label/wuxi_1122.tif
train,wuxi,whu_mix,wuxi_620.tif,0,0,0,0,512,512,0.23843765,data/raw/WHU_Mix_cities/wuxi/image/wuxi_620.tif,data/raw/WHU_Mix_cities/wuxi/label/wuxi_620.tif
train,wuxi,whu_mix,wuxi_696.tif,0,0,0,0,512,512,0.11345673,data/raw/WHU_Mix_cities/wuxi/image/wuxi_696.tif,data/raw/WHU_Mix_cities/wuxi/label/wuxi_696.tif
train,wuxi,whu_mix,wuxi_1074.tif,0,0,0,0,512,512,0.20441055,data/raw/WHU_Mix_cities/wuxi/image/wuxi_1074.tif,data/raw/WHU_Mix_cities/wuxi/label/wuxi_1074.tif
train,wuxi,whu_mix,wuxi_36.tif,0,0,0,0,512,512,0.00000000,data/raw/WHU_Mix_cities/wuxi/image/wuxi_36.tif,data/raw/WHU_Mix_cities/wuxi/label/wuxi_36.tif
train,wuxi,whu_mix,wuxi_230.tif,0,0,0,0,512,512,0.28162766,data/raw/WHU_Mix_cities/wuxi/image/wuxi_230.tif,data/raw/WHU_Mix_cities/wuxi/label/wuxi_230.tif
train,wuxi,whu_mix,wuxi_842.tif,0,0,0,0,512,512,0.16227341,data/raw/WHU_Mix_cities/wuxi/image/wuxi_842.tif,data/raw/WHU_Mix_cities/wuxi/label/wuxi_842.tif
train,wuxi,whu_mix,wuxi_1069.tif,0,0,0,0,512,512,0.23337936,data/raw/WHU_Mix_cities/wuxi/image/wuxi_1069.tif,data/raw/WHU_Mix_cities/wuxi/label/wuxi_1069.tif
train,wuxi,whu_mix,wuxi_846.tif,0,0,0,0,512,512,0.13268280,data/raw/WHU_Mix_cities/wuxi/image/wuxi_846.tif,data/raw/WHU_Mix_cities/wuxi/label/wuxi_846.tif
train,wuxi,whu_mix,wuxi_20.tif,0,0,0,0,512,512,0.07003784,data/raw/WHU_Mix_cities/wuxi/image/wuxi_20.tif,data/raw/WHU_Mix_cities/wuxi/label/wuxi_20.tif
train,wuxi,whu_mix,wuxi_604.tif,0,0,0,0,512,512,0.39253616,data/raw/WHU_Mix_cities/wuxi/image/wuxi_604.tif,data/raw/WHU_Mix_cities/wuxi/label/wuxi_604.tif
train,wuxi,whu_mix,wuxi_495.tif,0,0,0,0,512,512,0.17026138,data/raw/WHU_Mix_cities/wuxi/image/wuxi_495.tif,data/raw/WHU_Mix_cities/wuxi/label/wuxi_495.tif
train,wuxi,whu_mix,wuxi_445.tif,0,0,0,0,512,512,0.12382126,data/raw/WHU_Mix_cities/wuxi/image/wuxi_445.tif,data/raw/WHU_Mix_cities/wuxi/label/wuxi_445.tif
train,wuxi,whu_mix,wuxi_81.tif,0,0,0,0,512,512,0.15542984,data/raw/WHU_Mix_cities/wuxi/image/wuxi_81.tif,data/raw/WHU_Mix_cities/wuxi/label/wuxi_81.tif
train,wuxi,whu_mix,wuxi_383.tif,0,0,0,0,512,512,0.18036270,data/raw/WHU_Mix_cities/wuxi/image/wuxi_383.tif,data/raw/WHU_Mix_cities/wuxi/label/wuxi_383.tif
train,wuxi,whu_mix,wuxi_1001.tif,0,0,0,0,512,512,0.23653030,data/raw/WHU_Mix_cities/wuxi/image/wuxi_1001.tif,data/raw/WHU_Mix_cities/wuxi/label/wuxi_1001.tif
train,wuxi,whu_mix,wuxi_1128.tif,0,0,0,0,512,512,0.00000000,data/raw/WHU_Mix_cities/wuxi/image/wuxi_1128.tif,data/raw/WHU_Mix_cities/wuxi/label/wuxi_1128.tif
train,wuxi,whu_mix,wuxi_1093.tif,0,0,0,0,512,512,0.19770432,data/raw/WHU_Mix_cities/wuxi/image/wuxi_1093.tif,data/raw/WHU_Mix_cities/wuxi/label/wuxi_1093.tif
train,wuxi,whu_mix,wuxi_937.tif,0,0,0,0,512,512,0.00418472,data/raw/WHU_Mix_cities/wuxi/image/wuxi_937.tif,data/raw/WHU_Mix_cities/wuxi/label/wuxi_937.tif
train,wuxi,whu_mix,wuxi_389.tif,0,0,0,0,512,512,0.18782806,data/raw/WHU_Mix_cities/wuxi/image/wuxi_389.tif,data/raw/WHU_Mix_cities/wuxi/label/wuxi_389.tif
train,wuxi,whu_mix,wuxi_1360.tif,0,0,0,0,512,512,0.12154007,data/raw/WHU_Mix_cities/wuxi/image/wuxi_1360.tif,data/raw/WHU_Mix_cities/wuxi/label/wuxi_1360.tif
train,wuxi,whu_mix,wuxi_956.tif,0,0,0,0,512,512,0.23355484,data/raw/WHU_Mix_cities/wuxi/image/wuxi_956.tif,data/raw/WHU_Mix_cities/wuxi/label/wuxi_956.tif
train,wuxi,whu_mix,wuxi_1289.tif,0,0,0,0,512,512,0.13832855,data/raw/WHU_Mix_cities/wuxi/image/wuxi_1289.tif,data/raw/WHU_Mix_cities/wuxi/label/wuxi_1289.tif
train,wuxi,whu_mix,wuxi_1267.tif,0,0,0,0,512,512,0.04047775,data/raw/WHU_Mix_cities/wuxi/image/wuxi_1267.tif,data/raw/WHU_Mix_cities/wuxi/label/wuxi_1267.tif
train,wuxi,whu_mix,wuxi_710.tif,0,0,0,0,512,512,0.00000000,data/raw/WHU_Mix_cities/wuxi/image/wuxi_710.tif,data/raw/WHU_Mix_cities/wuxi/label/wuxi_710.tif
train,wuxi,whu_mix,wuxi_1352.tif,0,0,0,0,512,512,0.00000000,data/raw/WHU_Mix_cities/wuxi/image/wuxi_1352.tif,data/raw/WHU_Mix_cities/wuxi/label/wuxi_1352.tif
train,wuxi,whu_mix,wuxi_101.tif,0,0,0,0,512,512,0.25299072,data/raw/WHU_Mix_cities/wuxi/image/wuxi_101.tif,data/raw/WHU_Mix_cities/wuxi/label/wuxi_101.tif
train,wuxi,whu_mix,wuxi_40.tif,0,0,0,0,512,512,0.03630447,data/raw/WHU_Mix_cities/wuxi/image/wuxi_40.tif,data/raw/WHU_Mix_cities/wuxi/label/wuxi_40.tif
train,wuxi,whu_mix,wuxi_1354.tif,0,0,0,0,512,512,0.27188110,data/raw/WHU_Mix_cities/wuxi/image/wuxi_1354.tif,data/raw/WHU_Mix_cities/wuxi/label/wuxi_1354.tif
train,wuxi,whu_mix,wuxi_1029.tif,0,0,0,0,512,512,0.22127914,data/raw/WHU_Mix_cities/wuxi/image/wuxi_1029.tif,data/raw/WHU_Mix_cities/wuxi/label/wuxi_1029.tif
train,wuxi,whu_mix,wuxi_612.tif,0,0,0,0,512,512,0.18714142,data/raw/WHU_Mix_cities/wuxi/image/wuxi_612.tif,data/raw/WHU_Mix_cities/wuxi/label/wuxi_612.tif
train,wuxi,whu_mix,wuxi_819.tif,0,0,0,0,512,512,0.17136765,data/raw/WHU_Mix_cities/wuxi/image/wuxi_819.tif,data/raw/WHU_Mix_cities/wuxi/label/wuxi_819.tif
train,wuxi,whu_mix,wuxi_536.tif,0,0,0,0,512,512,0.00653458,data/raw/WHU_Mix_cities/wuxi/image/wuxi_536.tif,data/raw/WHU_Mix_cities/wuxi/label/wuxi_536.tif
train,wuxi,whu_mix,wuxi_152.tif,0,0,0,0,512,512,0.23263931,data/raw/WHU_Mix_cities/wuxi/image/wuxi_152.tif,data/raw/WHU_Mix_cities/wuxi/label/wuxi_152.tif
train,wuxi,whu_mix,wuxi_123.tif,0,0,0,0,512,512,0.33600998,data/raw/WHU_Mix_cities/wuxi/image/wuxi_123.tif,data/raw/WHU_Mix_cities/wuxi/label/wuxi_123.tif
train,wuxi,whu_mix,wuxi_614.tif,0,0,0,0,512,512,0.00006485,data/raw/WHU_Mix_cities/wuxi/image/wuxi_614.tif,data/raw/WHU_Mix_cities/wuxi/label/wuxi_614.tif
train,wuxi,whu_mix,wuxi_895.tif,0,0,0,0,512,512,0.46701431,data/raw/WHU_Mix_cities/wuxi/image/wuxi_895.tif,data/raw/WHU_Mix_cities/wuxi/label/wuxi_895.tif
train,wuxi,whu_mix,wuxi_434.tif,0,0,0,0,512,512,0.13224030,data/raw/WHU_Mix_cities/wuxi/image/wuxi_434.tif,data/raw/WHU_Mix_cities/wuxi/label/wuxi_434.tif
train,wuxi,whu_mix,wuxi_776.tif,0,0,0,0,512,512,0.05226898,data/raw/WHU_Mix_cities/wuxi/image/wuxi_776.tif,data/raw/WHU_Mix_cities/wuxi/label/wuxi_776.tif
train,wuxi,whu_mix,wuxi_7.tif,0,0,0,0,512,512,0.07982635,data/raw/WHU_Mix_cities/wuxi/image/wuxi_7.tif,data/raw/WHU_Mix_cities/wuxi/label/wuxi_7.tif
train,wuxi,whu_mix,wuxi_463.tif,0,0,0,0,512,512,0.13846970,data/raw/WHU_Mix_cities/wuxi/image/wuxi_463.tif,data/raw/WHU_Mix_cities/wuxi/label/wuxi_463.tif
train,wuxi,whu_mix,wuxi_241.tif,0,0,0,0,512,512,0.24650574,data/raw/WHU_Mix_cities/wuxi/image/wuxi_241.tif,data/raw/WHU_Mix_cities/wuxi/label/wuxi_241.tif
train,wuxi,whu_mix,wuxi_1139.tif,0,0,0,0,512,512,0.22812271,data/raw/WHU_Mix_cities/wuxi/image/wuxi_1139.tif,data/raw/WHU_Mix_cities/wuxi/label/wuxi_1139.tif
train,wuxi,whu_mix,wuxi_991.tif,0,0,0,0,512,512,0.22689438,data/raw/WHU_Mix_cities/wuxi/image/wuxi_991.tif,data/raw/WHU_Mix_cities/wuxi/label/wuxi_991.tif
train,wuxi,whu_mix,wuxi_160.tif,0,0,0,0,512,512,0.20549011,data/raw/WHU_Mix_cities/wuxi/image/wuxi_160.tif,data/raw/WHU_Mix_cities/wuxi/label/wuxi_160.tif
train,wuxi,whu_mix,wuxi_1100.tif,0,0,0,0,512,512,0.08866882,data/raw/WHU_Mix_cities/wuxi/image/wuxi_1100.tif,data/raw/WHU_Mix_cities/wuxi/label/wuxi_1100.tif
train,wuxi,whu_mix,wuxi_39.tif,0,0,0,0,512,512,0.17832947,data/raw/WHU_Mix_cities/wuxi/image/wuxi_39.tif,data/raw/WHU_Mix_cities/wuxi/label/wuxi_39.tif
train,wuxi,whu_mix,wuxi_278.tif,0,0,0,0,512,512,0.26029587,data/raw/WHU_Mix_cities/wuxi/image/wuxi_278.tif,data/raw/WHU_Mix_cities/wuxi/label/wuxi_278.tif
train,wuxi,whu_mix,wuxi_171.tif,0,0,0,0,512,512,0.25689697,data/raw/WHU_Mix_cities/wuxi/image/wuxi_171.tif,data/raw/WHU_Mix_cities/wuxi/label/wuxi_171.tif
train,wuxi,whu_mix,wuxi_199.tif,0,0,0,0,512,512,0.19744873,data/raw/WHU_Mix_cities/wuxi/image/wuxi_199.tif,data/raw/WHU_Mix_cities/wuxi/label/wuxi_199.tif
train,wuxi,whu_mix,wuxi_555.tif,0,0,0,0,512,512,0.00000000,data/raw/WHU_Mix_cities/wuxi/image/wuxi_555.tif,data/raw/WHU_Mix_cities/wuxi/label/wuxi_555.tif
train,wuxi,whu_mix,wuxi_496.tif,0,0,0,0,512,512,0.01933289,data/raw/WHU_Mix_cities/wuxi/image/wuxi_496.tif,data/raw/WHU_Mix_cities/wuxi/label/wuxi_496.tif
train,wuxi,whu_mix,wuxi_687.tif,0,0,0,0,512,512,0.25043869,data/raw/WHU_Mix_cities/wuxi/image/wuxi_687.tif,data/raw/WHU_Mix_cities/wuxi/label/wuxi_687.tif
train,wuxi,whu_mix,wuxi_1337.tif,0,0,0,0,512,512,0.01791763,data/raw/WHU_Mix_cities/wuxi/image/wuxi_1337.tif,data/raw/WHU_Mix_cities/wuxi/label/wuxi_1337.tif
train,wuxi,whu_mix,wuxi_1379.tif,0,0,0,0,512,512,0.31011963,data/raw/WHU_Mix_cities/wuxi/image/wuxi_1379.tif,data/raw/WHU_Mix_cities/wuxi/label/wuxi_1379.tif
train,wuxi,whu_mix,wuxi_380.tif,0,0,0,0,512,512,0.23392105,data/raw/WHU_Mix_cities/wuxi/image/wuxi_380.tif,data/raw/WHU_Mix_cities/wuxi/label/wuxi_380.tif
train,wuxi,whu_mix,wuxi_488.tif,0,0,0,0,512,512,0.01490021,data/raw/WHU_Mix_cities/wuxi/image/wuxi_488.tif,data/raw/WHU_Mix_cities/wuxi/label/wuxi_488.tif
train,wuxi,whu_mix,wuxi_1181.tif,0,0,0,0,512,512,0.06184387,data/raw/WHU_Mix_cities/wuxi/image/wuxi_1181.tif,data/raw/WHU_Mix_cities/wuxi/label/wuxi_1181.tif
train,wuxi,whu_mix,wuxi_626.tif,0,0,0,0,512,512,0.14268112,data/raw/WHU_Mix_cities/wuxi/image/wuxi_626.tif,data/raw/WHU_Mix_cities/wuxi/label/wuxi_626.tif
train,wuxi,whu_mix,wuxi_1027.tif,0,0,0,0,512,512,0.00732422,data/raw/WHU_Mix_cities/wuxi/image/wuxi_1027.tif,data/raw/WHU_Mix_cities/wuxi/label/wuxi_1027.tif
train,wuxi,whu_mix,wuxi_449.tif,0,0,0,0,512,512,0.09249496,data/raw/WHU_Mix_cities/wuxi/image/wuxi_449.tif,data/raw/WHU_Mix_cities/wuxi/label/wuxi_449.tif
train,wuxi,whu_mix,wuxi_1102.tif,0,0,0,0,512,512,0.09717560,data/raw/WHU_Mix_cities/wuxi/image/wuxi_1102.tif,data/raw/WHU_Mix_cities/wuxi/label/wuxi_1102.tif
train,wuxi,whu_mix,wuxi_1190.tif,0,0,0,0,512,512,0.23256683,data/raw/WHU_Mix_cities/wuxi/image/wuxi_1190.tif,data/raw/WHU_Mix_cities/wuxi/label/wuxi_1190.tif
train,wuxi,whu_mix,wuxi_661.tif,0,0,0,0,512,512,0.15904999,data/raw/WHU_Mix_cities/wuxi/image/wuxi_661.tif,data/raw/WHU_Mix_cities/wuxi/label/wuxi_661.tif
train,wuxi,whu_mix,wuxi_1323.tif,0,0,0,0,512,512,0.07492065,data/raw/WHU_Mix_cities/wuxi/image/wuxi_1323.tif,data/raw/WHU_Mix_cities/wuxi/label/wuxi_1323.tif
train,wuxi,whu_mix,wuxi_517.tif,0,0,0,0,512,512,0.10973358,data/raw/WHU_Mix_cities/wuxi/image/wuxi_517.tif,data/raw/WHU_Mix_cities/wuxi/label/wuxi_517.tif
train,wuxi,whu_mix,wuxi_423.tif,0,0,0,0,512,512,0.24984741,data/raw/WHU_Mix_cities/wuxi/image/wuxi_423.tif,data/raw/WHU_Mix_cities/wuxi/label/wuxi_423.tif
train,wuxi,whu_mix,wuxi_17.tif,0,0,0,0,512,512,0.36643600,data/raw/WHU_Mix_cities/wuxi/image/wuxi_17.tif,data/raw/WHU_Mix_cities/wuxi/label/wuxi_17.tif
train,wuxi,whu_mix,wuxi_1194.tif,0,0,0,0,512,512,0.14202499,data/raw/WHU_Mix_cities/wuxi/image/wuxi_1194.tif,data/raw/WHU_Mix_cities/wuxi/label/wuxi_1194.tif
train,wuxi,whu_mix,wuxi_708.tif,0,0,0,0,512,512,0.28546143,data/raw/WHU_Mix_cities/wuxi/image/wuxi_708.tif,data/raw/WHU_Mix_cities/wuxi/label/wuxi_708.tif
train,wuxi,whu_mix,wuxi_54.tif,0,0,0,0,512,512,0.01922226,data/raw/WHU_Mix_cities/wuxi/image/wuxi_54.tif,data/raw/WHU_Mix_cities/wuxi/label/wuxi_54.tif
train,wuxi,whu_mix,wuxi_1154.tif,0,0,0,0,512,512,0.24489594,data/raw/WHU_Mix_cities/wuxi/image/wuxi_1154.tif,data/raw/WHU_Mix_cities/wuxi/label/wuxi_1154.tif
train,wuxi,whu_mix,wuxi_1400.tif,0,0,0,0,512,512,0.01441956,data/raw/WHU_Mix_cities/wuxi/image/wuxi_1400.tif,data/raw/WHU_Mix_cities/wuxi/label/wuxi_1400.tif
train,wuxi,whu_mix,wuxi_778.tif,0,0,0,0,512,512,0.22994995,data/raw/WHU_Mix_cities/wuxi/image/wuxi_778.tif,data/raw/WHU_Mix_cities/wuxi/label/wuxi_778.tif
train,wuxi,whu_mix,wuxi_400.tif,0,0,0,0,512,512,0.13368988,data/raw/WHU_Mix_cities/wuxi/image/wuxi_400.tif,data/raw/WHU_Mix_cities/wuxi/label/wuxi_400.tif
train,wuxi,whu_mix,wuxi_729.tif,0,0,0,0,512,512,0.31551743,data/raw/WHU_Mix_cities/wuxi/image/wuxi_729.tif,data/raw/WHU_Mix_cities/wuxi/label/wuxi_729.tif
train,wuxi,whu_mix,wuxi_615.tif,0,0,0,0,512,512,0.00028610,data/raw/WHU_Mix_cities/wuxi/image/wuxi_615.tif,data/raw/WHU_Mix_cities/wuxi/label/wuxi_615.tif
train,wuxi,whu_mix,wuxi_713.tif,0,0,0,0,512,512,0.12813568,data/raw/WHU_Mix_cities/wuxi/image/wuxi_713.tif,data/raw/WHU_Mix_cities/wuxi/label/wuxi_713.tif
train,wuxi,whu_mix,wuxi_1006.tif,0,0,0,0,512,512,0.09591675,data/raw/WHU_Mix_cities/wuxi/image/wuxi_1006.tif,data/raw/WHU_Mix_cities/wuxi/label/wuxi_1006.tif
train,wuxi,whu_mix,wuxi_366.tif,0,0,0,0,512,512,0.20104599,data/raw/WHU_Mix_cities/wuxi/image/wuxi_366.tif,data/raw/WHU_Mix_cities/wuxi/label/wuxi_366.tif
train,wuxi,whu_mix,wuxi_862.tif,0,0,0,0,512,512,0.16645050,data/raw/WHU_Mix_cities/wuxi/image/wuxi_862.tif,data/raw/WHU_Mix_cities/wuxi/label/wuxi_862.tif
train,wuxi,whu_mix,wuxi_283.tif,0,0,0,0,512,512,0.00000000,data/raw/WHU_Mix_cities/wuxi/image/wuxi_283.tif,data/raw/WHU_Mix_cities/wuxi/label/wuxi_283.tif
train,wuxi,whu_mix,wuxi_1022.tif,0,0,0,0,512,512,0.00578308,data/raw/WHU_Mix_cities/wuxi/image/wuxi_1022.tif,data/raw/WHU_Mix_cities/wuxi/label/wuxi_1022.tif
train,wuxi,whu_mix,wuxi_179.tif,0,0,0,0,512,512,0.18146133,data/raw/WHU_Mix_cities/wuxi/image/wuxi_179.tif,data/raw/WHU_Mix_cities/wuxi/label/wuxi_179.tif
train,wuxi,whu_mix,wuxi_1243.tif,0,0,0,0,512,512,0.39072418,data/raw/WHU_Mix_cities/wuxi/image/wuxi_1243.tif,data/raw/WHU_Mix_cities/wuxi/label/wuxi_1243.tif
train,wuxi,whu_mix,wuxi_1306.tif,0,0,0,0,512,512,0.23388290,data/raw/WHU_Mix_cities/wuxi/image/wuxi_1306.tif,data/raw/WHU_Mix_cities/wuxi/label/wuxi_1306.tif
train,wuxi,whu_mix,wuxi_637.tif,0,0,0,0,512,512,0.17958450,data/raw/WHU_Mix_cities/wuxi/image/wuxi_637.tif,data/raw/WHU_Mix_cities/wuxi/label/wuxi_637.tif
train,wuxi,whu_mix,wuxi_318.tif,0,0,0,0,512,512,0.20410156,data/raw/WHU_Mix_cities/wuxi/image/wuxi_318.tif,data/raw/WHU_Mix_cities/wuxi/label/wuxi_318.tif
train,wuxi,whu_mix,wuxi_41.tif,0,0,0,0,512,512,0.16713333,data/raw/WHU_Mix_cities/wuxi/image/wuxi_41.tif,data/raw/WHU_Mix_cities/wuxi/label/wuxi_41.tif
train,wuxi,whu_mix,wuxi_419.tif,0,0,0,0,512,512,0.08063126,data/raw/WHU_Mix_cities/wuxi/image/wuxi_419.tif,data/raw/WHU_Mix_cities/wuxi/label/wuxi_419.tif
train,wuxi,whu_mix,wuxi_1283.tif,0,0,0,0,512,512,0.47150421,data/raw/WHU_Mix_cities/wuxi/image/wuxi_1283.tif,data/raw/WHU_Mix_cities/wuxi/label/wuxi_1283.tif
train,wuxi,whu_mix,wuxi_942.tif,0,0,0,0,512,512,0.16057587,data/raw/WHU_Mix_cities/wuxi/image/wuxi_942.tif,data/raw/WHU_Mix_cities/wuxi/label/wuxi_942.tif
train,wuxi,whu_mix,wuxi_1081.tif,0,0,0,0,512,512,0.31473541,data/raw/WHU_Mix_cities/wuxi/image/wuxi_1081.tif,data/raw/WHU_Mix_cities/wuxi/label/wuxi_1081.tif
train,wuxi,whu_mix,wuxi_430.tif,0,0,0,0,512,512,0.29924011,data/raw/WHU_Mix_cities/wuxi/image/wuxi_430.tif,data/raw/WHU_Mix_cities/wuxi/label/wuxi_430.tif
train,wuxi,whu_mix,wuxi_1316.tif,0,0,0,0,512,512,0.12622070,data/raw/WHU_Mix_cities/wuxi/image/wuxi_1316.tif,data/raw/WHU_Mix_cities/wuxi/label/wuxi_1316.tif
train,wuxi,whu_mix,wuxi_1097.tif,0,0,0,0,512,512,0.33358765,data/raw/WHU_Mix_cities/wuxi/image/wuxi_1097.tif,data/raw/WHU_Mix_cities/wuxi/label/wuxi_1097.tif
train,wuxi,whu_mix,wuxi_1366.tif,0,0,0,0,512,512,0.17458344,data/raw/WHU_Mix_cities/wuxi/image/wuxi_1366.tif,data/raw/WHU_Mix_cities/wuxi/label/wuxi_1366.tif
train,wuxi,whu_mix,wuxi_1103.tif,0,0,0,0,512,512,0.00000000,data/raw/WHU_Mix_cities/wuxi/image/wuxi_1103.tif,data/raw/WHU_Mix_cities/wuxi/label/wuxi_1103.tif
train,wuxi,whu_mix,wuxi_721.tif,0,0,0,0,512,512,0.15520859,data/raw/WHU_Mix_cities/wuxi/image/wuxi_721.tif,data/raw/WHU_Mix_cities/wuxi/label/wuxi_721.tif
train,wuxi,whu_mix,wuxi_1170.tif,0,0,0,0,512,512,0.23549652,data/raw/WHU_Mix_cities/wuxi/image/wuxi_1170.tif,data/raw/WHU_Mix_cities/wuxi/label/wuxi_1170.tif
train,wuxi,whu_mix,wuxi_618.tif,0,0,0,0,512,512,0.00000000,data/raw/WHU_Mix_cities/wuxi/image/wuxi_618.tif,data/raw/WHU_Mix_cities/wuxi/label/wuxi_618.tif
train,wuxi,whu_mix,wuxi_100.tif,0,0,0,0,512,512,0.32991791,data/raw/WHU_Mix_cities/wuxi/image/wuxi_100.tif,data/raw/WHU_Mix_cities/wuxi/label/wuxi_100.tif
train,wuxi,whu_mix,wuxi_325.tif,0,0,0,0,512,512,0.13240433,data/raw/WHU_Mix_cities/wuxi/image/wuxi_325.tif,data/raw/WHU_Mix_cities/wuxi/label/wuxi_325.tif
train,wuxi,whu_mix,wuxi_508.tif,0,0,0,0,512,512,0.00667191,data/raw/WHU_Mix_cities/wuxi/image/wuxi_508.tif,data/raw/WHU_Mix_cities/wuxi/label/wuxi_508.tif
train,wuxi,whu_mix,wuxi_697.tif,0,0,0,0,512,512,0.14174271,data/raw/WHU_Mix_cities/wuxi/image/wuxi_697.tif,data/raw/WHU_Mix_cities/wuxi/label/wuxi_697.tif
train,wuxi,whu_mix,wuxi_783.tif,0,0,0,0,512,512,0.34954071,data/raw/WHU_Mix_cities/wuxi/image/wuxi_783.tif,data/raw/WHU_Mix_cities/wuxi/label/wuxi_783.tif
train,wuxi,whu_mix,wuxi_1403.tif,0,0,0,0,512,512,0.17524338,data/raw/WHU_Mix_cities/wuxi/image/wuxi_1403.tif,data/raw/WHU_Mix_cities/wuxi/label/wuxi_1403.tif
train,wuxi,whu_mix,wuxi_746.tif,0,0,0,0,512,512,0.19644547,data/raw/WHU_Mix_cities/wuxi/image/wuxi_746.tif,data/raw/WHU_Mix_cities/wuxi/label/wuxi_746.tif
train,wuxi,whu_mix,wuxi_1314.tif,0,0,0,0,512,512,0.28000641,data/raw/WHU_Mix_cities/wuxi/image/wuxi_1314.tif,data/raw/WHU_Mix_cities/wuxi/label/wuxi_1314.tif
train,wuxi,whu_mix,wuxi_1049.tif,0,0,0,0,512,512,0.09172821,data/raw/WHU_Mix_cities/wuxi/image/wuxi_1049.tif,data/raw/WHU_Mix_cities/wuxi/label/wuxi_1049.tif
train,wuxi,whu_mix,wuxi_27.tif,0,0,0,0,512,512,0.13069534,data/raw/WHU_Mix_cities/wuxi/image/wuxi_27.tif,data/raw/WHU_Mix_cities/wuxi/label/wuxi_27.tif
train,wuxi,whu_mix,wuxi_969.tif,0,0,0,0,512,512,0.30931854,data/raw/WHU_Mix_cities/wuxi/image/wuxi_969.tif,data/raw/WHU_Mix_cities/wuxi/label/wuxi_969.tif
train,wuxi,whu_mix,wuxi_848.tif,0,0,0,0,512,512,0.01249695,data/raw/WHU_Mix_cities/wuxi/image/wuxi_848.tif,data/raw/WHU_Mix_cities/wuxi/label/wuxi_848.tif
train,wuxi,whu_mix,wuxi_1089.tif,0,0,0,0,512,512,0.20631409,data/raw/WHU_Mix_cities/wuxi/image/wuxi_1089.tif,data/raw/WHU_Mix_cities/wuxi/label/wuxi_1089.tif
train,wuxi,whu_mix,wuxi_1296.tif,0,0,0,0,512,512,0.15069199,data/raw/WHU_Mix_cities/wuxi/image/wuxi_1296.tif,data/raw/WHU_Mix_cities/wuxi/label/wuxi_1296.tif
train,wuxi,whu_mix,wuxi_541.tif,0,0,0,0,512,512,0.09383011,data/raw/WHU_Mix_cities/wuxi/image/wuxi_541.tif,data/raw/WHU_Mix_cities/wuxi/label/wuxi_541.tif
train,wuxi,whu_mix,wuxi_126.tif,0,0,0,0,512,512,0.28140640,data/raw/WHU_Mix_cities/wuxi/image/wuxi_126.tif,data/raw/WHU_Mix_cities/wuxi/label/wuxi_126.tif
train,wuxi,whu_mix,wuxi_663.tif,0,0,0,0,512,512,0.12018204,data/raw/WHU_Mix_cities/wuxi/image/wuxi_663.tif,data/raw/WHU_Mix_cities/wuxi/label/wuxi_663.tif
train,wuxi,whu_mix,wuxi_532.tif,0,0,0,0,512,512,0.00000000,data/raw/WHU_Mix_cities/wuxi/image/wuxi_532.tif,data/raw/WHU_Mix_cities/wuxi/label/wuxi_532.tif
train,wuxi,whu_mix,wuxi_1086.tif,0,0,0,0,512,512,0.25679779,data/raw/WHU_Mix_cities/wuxi/image/wuxi_1086.tif,data/raw/WHU_Mix_cities/wuxi/label/wuxi_1086.tif
train,wuxi,whu_mix,wuxi_1092.tif,0,0,0,0,512,512,0.25478363,data/raw/WHU_Mix_cities/wuxi/image/wuxi_1092.tif,data/raw/WHU_Mix_cities/wuxi/label/wuxi_1092.tif
train,wuxi,whu_mix,wuxi_631.tif,0,0,0,0,512,512,0.23875809,data/raw/WHU_Mix_cities/wuxi/image/wuxi_631.tif,data/raw/WHU_Mix_cities/wuxi/label/wuxi_631.tif
train,wuxi,whu_mix,wuxi_467.tif,0,0,0,0,512,512,0.23861313,data/raw/WHU_Mix_cities/wuxi/image/wuxi_467.tif,data/raw/WHU_Mix_cities/wuxi/label/wuxi_467.tif
train,wuxi,whu_mix,wuxi_337.tif,0,0,0,0,512,512,0.00109482,data/raw/WHU_Mix_cities/wuxi/image/wuxi_337.tif,data/raw/WHU_Mix_cities/wuxi/label/wuxi_337.tif
train,wuxi,whu_mix,wuxi_836.tif,0,0,0,0,512,512,0.13246155,data/raw/WHU_Mix_cities/wuxi/image/wuxi_836.tif,data/raw/WHU_Mix_cities/wuxi/label/wuxi_836.tif
train,wuxi,whu_mix,wuxi_1242.tif,0,0,0,0,512,512,0.25851822,data/raw/WHU_Mix_cities/wuxi/image/wuxi_1242.tif,data/raw/WHU_Mix_cities/wuxi/label/wuxi_1242.tif
train,wuxi,whu_mix,wuxi_250.tif,0,0,0,0,512,512,0.11489487,data/raw/WHU_Mix_cities/wuxi/image/wuxi_250.tif,data/raw/WHU_Mix_cities/wuxi/label/wuxi_250.tif
train,wuxi,whu_mix,wuxi_1077.tif,0,0,0,0,512,512,0.24489594,data/raw/WHU_Mix_cities/wuxi/image/wuxi_1077.tif,data/raw/WHU_Mix_cities/wuxi/label/wuxi_1077.tif
train,wuxi,whu_mix,wuxi_1322.tif,0,0,0,0,512,512,0.34678268,data/raw/WHU_Mix_cities/wuxi/image/wuxi_1322.tif,data/raw/WHU_Mix_cities/wuxi/label/wuxi_1322.tif
train,wuxi,whu_mix,wuxi_611.tif,0,0,0,0,512,512,0.00000000,data/raw/WHU_Mix_cities/wuxi/image/wuxi_611.tif,data/raw/WHU_Mix_cities/wuxi/label/wuxi_611.tif
train,wuxi,whu_mix,wuxi_266.tif,0,0,0,0,512,512,0.05259323,data/raw/WHU_Mix_cities/wuxi/image/wuxi_266.tif,data/raw/WHU_Mix_cities/wuxi/label/wuxi_266.tif
train,wuxi,whu_mix,wuxi_1043.tif,0,0,0,0,512,512,0.11547089,data/raw/WHU_Mix_cities/wuxi/image/wuxi_1043.tif,data/raw/WHU_Mix_cities/wuxi/label/wuxi_1043.tif
train,wuxi,whu_mix,wuxi_1395.tif,0,0,0,0,512,512,0.27536392,data/raw/WHU_Mix_cities/wuxi/image/wuxi_1395.tif,data/raw/WHU_Mix_cities/wuxi/label/wuxi_1395.tif
train,wuxi,whu_mix,wuxi_1368.tif,0,0,0,0,512,512,0.03703308,data/raw/WHU_Mix_cities/wuxi/image/wuxi_1368.tif,data/raw/WHU_Mix_cities/wuxi/label/wuxi_1368.tif
train,wuxi,whu_mix,wuxi_293.tif,0,0,0,0,512,512,0.11784363,data/raw/WHU_Mix_cities/wuxi/image/wuxi_293.tif,data/raw/WHU_Mix_cities/wuxi/label/wuxi_293.tif
train,wuxi,whu_mix,wuxi_840.tif,0,0,0,0,512,512,0.08267212,data/raw/WHU_Mix_cities/wuxi/image/wuxi_840.tif,data/raw/WHU_Mix_cities/wuxi/label/wuxi_840.tif
train,wuxi,whu_mix,wuxi_1032.tif,0,0,0,0,512,512,0.34729004,data/raw/WHU_Mix_cities/wuxi/image/wuxi_1032.tif,data/raw/WHU_Mix_cities/wuxi/label/wuxi_1032.tif
train,wuxi,whu_mix,wuxi_1302.tif,0,0,0,0,512,512,0.18325424,data/raw/WHU_Mix_cities/wuxi/image/wuxi_1302.tif,data/raw/WHU_Mix_cities/wuxi/label/wuxi_1302.tif
train,wuxi,whu_mix,wuxi_877.tif,0,0,0,0,512,512,0.11934280,data/raw/WHU_Mix_cities/wuxi/image/wuxi_877.tif,data/raw/WHU_Mix_cities/wuxi/label/wuxi_877.tif
train,wuxi,whu_mix,wuxi_1299.tif,0,0,0,0,512,512,0.40837097,data/raw/WHU_Mix_cities/wuxi/image/wuxi_1299.tif,data/raw/WHU_Mix_cities/wuxi/label/wuxi_1299.tif
train,wuxi,whu_mix,wuxi_520.tif,0,0,0,0,512,512,0.14609528,data/raw/WHU_Mix_cities/wuxi/image/wuxi_520.tif,data/raw/WHU_Mix_cities/wuxi/label/wuxi_520.tif
train,wuxi,whu_mix,wuxi_375.tif,0,0,0,0,512,512,0.04317856,data/raw/WHU_Mix_cities/wuxi/image/wuxi_375.tif,data/raw/WHU_Mix_cities/wuxi/label/wuxi_375.tif
train,wuxi,whu_mix,wuxi_62.tif,0,0,0,0,512,512,0.04924011,data/raw/WHU_Mix_cities/wuxi/image/wuxi_62.tif,data/raw/WHU_Mix_cities/wuxi/label/wuxi_62.tif
train,wuxi,whu_mix,wuxi_1235.tif,0,0,0,0,512,512,0.18351746,data/raw/WHU_Mix_cities/wuxi/image/wuxi_1235.tif,data/raw/WHU_Mix_cities/wuxi/label/wuxi_1235.tif
train,wuxi,whu_mix,wuxi_1207.tif,0,0,0,0,512,512,0.24208069,data/raw/WHU_Mix_cities/wuxi/image/wuxi_1207.tif,data/raw/WHU_Mix_cities/wuxi/label/wuxi_1207.tif
train,wuxi,whu_mix,wuxi_127.tif,0,0,0,0,512,512,0.19924545,data/raw/WHU_Mix_cities/wuxi/image/wuxi_127.tif,data/raw/WHU_Mix_cities/wuxi/label/wuxi_127.tif
train,wuxi,whu_mix,wuxi_668.tif,0,0,0,0,512,512,0.04509354,data/raw/WHU_Mix_cities/wuxi/image/wuxi_668.tif,data/raw/WHU_Mix_cities/wuxi/label/wuxi_668.tif
train,wuxi,whu_mix,wuxi_424.tif,0,0,0,0,512,512,0.20061493,data/raw/WHU_Mix_cities/wuxi/image/wuxi_424.tif,data/raw/WHU_Mix_cities/wuxi/label/wuxi_424.tif
train,wuxi,whu_mix,wuxi_1136.tif,0,0,0,0,512,512,0.12825775,data/raw/WHU_Mix_cities/wuxi/image/wuxi_1136.tif,data/raw/WHU_Mix_cities/wuxi/label/wuxi_1136.tif
train,wuxi,whu_mix,wuxi_97.tif,0,0,0,0,512,512,0.05721664,data/raw/WHU_Mix_cities/wuxi/image/wuxi_97.tif,data/raw/WHU_Mix_cities/wuxi/label/wuxi_97.tif
train,wuxi,whu_mix,wuxi_285.tif,0,0,0,0,512,512,0.42051697,data/raw/WHU_Mix_cities/wuxi/image/wuxi_285.tif,data/raw/WHU_Mix_cities/wuxi/label/wuxi_285.tif
train,wuxi,whu_mix,wuxi_622.tif,0,0,0,0,512,512,0.01799393,data/raw/WHU_Mix_cities/wuxi/image/wuxi_622.tif,data/raw/WHU_Mix_cities/wuxi/label/wuxi_622.tif
train,wuxi,whu_mix,wuxi_309.tif,0,0,0,0,512,512,0.09249878,data/raw/WHU_Mix_cities/wuxi/image/wuxi_309.tif,data/raw/WHU_Mix_cities/wuxi/label/wuxi_309.tif
train,wuxi,whu_mix,wuxi_632.tif,0,0,0,0,512,512,0.30003357,data/raw/WHU_Mix_cities/wuxi/image/wuxi_632.tif,data/raw/WHU_Mix_cities/wuxi/label/wuxi_632.tif
train,wuxi,whu_mix,wuxi_313.tif,0,0,0,0,512,512,0.11745834,data/raw/WHU_Mix_cities/wuxi/image/wuxi_313.tif,data/raw/WHU_Mix_cities/wuxi/label/wuxi_313.tif
train,wuxi,whu_mix,wuxi_770.tif,0,0,0,0,512,512,0.00000000,data/raw/WHU_Mix_cities/wuxi/image/wuxi_770.tif,data/raw/WHU_Mix_cities/wuxi/label/wuxi_770.tif
train,wuxi,whu_mix,wuxi_731.tif,0,0,0,0,512,512,0.00000000,data/raw/WHU_Mix_cities/wuxi/image/wuxi_731.tif,data/raw/WHU_Mix_cities/wuxi/label/wuxi_731.tif
train,wuxi,whu_mix,wuxi_1356.tif,0,0,0,0,512,512,0.13283157,data/raw/WHU_Mix_cities/wuxi/image/wuxi_1356.tif,data/raw/WHU_Mix_cities/wuxi/label/wuxi_1356.tif
train,wuxi,whu_mix,wuxi_821.tif,0,0,0,0,512,512,0.15964508,data/raw/WHU_Mix_cities/wuxi/image/wuxi_821.tif,data/raw/WHU_Mix_cities/wuxi/label/wuxi_821.tif
train,wuxi,whu_mix,wuxi_287.tif,0,0,0,0,512,512,0.00756836,data/raw/WHU_Mix_cities/wuxi/image/wuxi_287.tif,data/raw/WHU_Mix_cities/wuxi/label/wuxi_287.tif
train,wuxi,whu_mix,wuxi_767.tif,0,0,0,0,512,512,0.21809387,data/raw/WHU_Mix_cities/wuxi/image/wuxi_767.tif,data/raw/WHU_Mix_cities/wuxi/label/wuxi_767.tif
train,wuxi,whu_mix,wuxi_628.tif,0,0,0,0,512,512,0.00000000,data/raw/WHU_Mix_cities/wuxi/image/wuxi_628.tif,data/raw/WHU_Mix_cities/wuxi/label/wuxi_628.tif
train,wuxi,whu_mix,wuxi_1080.tif,0,0,0,0,512,512,0.33973694,data/raw/WHU_Mix_cities/wuxi/image/wuxi_1080.tif,data/raw/WHU_Mix_cities/wuxi/label/wuxi_1080.tif
train,wuxi,whu_mix,wuxi_962.tif,0,0,0,0,512,512,0.00000000,data/raw/WHU_Mix_cities/wuxi/image/wuxi_962.tif,data/raw/WHU_Mix_cities/wuxi/label/wuxi_962.tif
train,wuxi,whu_mix,wuxi_762.tif,0,0,0,0,512,512,0.21576309,data/raw/WHU_Mix_cities/wuxi/image/wuxi_762.tif,data/raw/WHU_Mix_cities/wuxi/label/wuxi_762.tif
train,wuxi,whu_mix,wuxi_584.tif,0,0,0,0,512,512,0.23304749,data/raw/WHU_Mix_cities/wuxi/image/wuxi_584.tif,data/raw/WHU_Mix_cities/wuxi/label/wuxi_584.tif
train,wuxi,whu_mix,wuxi_55.tif,0,0,0,0,512,512,0.00000000,data/raw/WHU_Mix_cities/wuxi/image/wuxi_55.tif,data/raw/WHU_Mix_cities/wuxi/label/wuxi_55.tif
train,wuxi,whu_mix,wuxi_1355.tif,0,0,0,0,512,512,0.21219254,data/raw/WHU_Mix_cities/wuxi/image/wuxi_1355.tif,data/raw/WHU_Mix_cities/wuxi/label/wuxi_1355.tif
train,wuxi,whu_mix,wuxi_150.tif,0,0,0,0,512,512,0.25047302,data/raw/WHU_Mix_cities/wuxi/image/wuxi_150.tif,data/raw/WHU_Mix_cities/wuxi/label/wuxi_150.tif
train,wuxi,whu_mix,wuxi_610.tif,0,0,0,0,512,512,0.00000000,data/raw/WHU_Mix_cities/wuxi/image/wuxi_610.tif,data/raw/WHU_Mix_cities/wuxi/label/wuxi_610.tif
train,wuxi,whu_mix,wuxi_538.tif,0,0,0,0,512,512,0.14405441,data/raw/WHU_Mix_cities/wuxi/image/wuxi_538.tif,data/raw/WHU_Mix_cities/wuxi/label/wuxi_538.tif
train,wuxi,whu_mix,wuxi_1325.tif,0,0,0,0,512,512,0.13768005,data/raw/WHU_Mix_cities/wuxi/image/wuxi_1325.tif,data/raw/WHU_Mix_cities/wuxi/label/wuxi_1325.tif
train,wuxi,whu_mix,wuxi_1225.tif,0,0,0,0,512,512,0.31833649,data/raw/WHU_Mix_cities/wuxi/image/wuxi_1225.tif,data/raw/WHU_Mix_cities/wuxi/label/wuxi_1225.tif
train,wuxi,whu_mix,wuxi_881.tif,0,0,0,0,512,512,0.27233505,data/raw/WHU_Mix_cities/wuxi/image/wuxi_881.tif,data/raw/WHU_Mix_cities/wuxi/label/wuxi_881.tif
train,wuxi,whu_mix,wuxi_856.tif,0,0,0,0,512,512,0.10450745,data/raw/WHU_Mix_cities/wuxi/image/wuxi_856.tif,data/raw/WHU_Mix_cities/wuxi/label/wuxi_856.tif
train,wuxi,whu_mix,wuxi_239.tif,0,0,0,0,512,512,0.14523315,data/raw/WHU_Mix_cities/wuxi/image/wuxi_239.tif,data/raw/WHU_Mix_cities/wuxi/label/wuxi_239.tif
train,wuxi,whu_mix,wuxi_953.tif,0,0,0,0,512,512,0.23744965,data/raw/WHU_Mix_cities/wuxi/image/wuxi_953.tif,data/raw/WHU_Mix_cities/wuxi/label/wuxi_953.tif
train,wuxi,whu_mix,wuxi_1342.tif,0,0,0,0,512,512,0.05737686,data/raw/WHU_Mix_cities/wuxi/image/wuxi_1342.tif,data/raw/WHU_Mix_cities/wuxi/label/wuxi_1342.tif
train,wuxi,whu_mix,wuxi_173.tif,0,0,0,0,512,512,0.31521225,data/raw/WHU_Mix_cities/wuxi/image/wuxi_173.tif,data/raw/WHU_Mix_cities/wuxi/label/wuxi_173.tif
train,wuxi,whu_mix,wuxi_869.tif,0,0,0,0,512,512,0.12771225,data/raw/WHU_Mix_cities/wuxi/image/wuxi_869.tif,data/raw/WHU_Mix_cities/wuxi/label/wuxi_869.tif
train,wuxi,whu_mix,wuxi_868.tif,0,0,0,0,512,512,0.03348541,data/raw/WHU_Mix_cities/wuxi/image/wuxi_868.tif,data/raw/WHU_Mix_cities/wuxi/label/wuxi_868.tif
train,wuxi,whu_mix,wuxi_198.tif,0,0,0,0,512,512,0.15961456,data/raw/WHU_Mix_cities/wuxi/image/wuxi_198.tif,data/raw/WHU_Mix_cities/wuxi/label/wuxi_198.tif
train,wuxi,whu_mix,wuxi_1216.tif,0,0,0,0,512,512,0.01381302,data/raw/WHU_Mix_cities/wuxi/image/wuxi_1216.tif,data/raw/WHU_Mix_cities/wuxi/label/wuxi_1216.tif
train,wuxi,whu_mix,wuxi_1117.tif,0,0,0,0,512,512,0.39096451,data/raw/WHU_Mix_cities/wuxi/image/wuxi_1117.tif,data/raw/WHU_Mix_cities/wuxi/label/wuxi_1117.tif
train,wuxi,whu_mix,wuxi_265.tif,0,0,0,0,512,512,0.17307663,data/raw/WHU_Mix_cities/wuxi/image/wuxi_265.tif,data/raw/WHU_Mix_cities/wuxi/label/wuxi_265.tif
train,wuxi,whu_mix,wuxi_525.tif,0,0,0,0,512,512,0.00000000,data/raw/WHU_Mix_cities/wuxi/image/wuxi_525.tif,data/raw/WHU_Mix_cities/wuxi/label/wuxi_525.tif
train,wuxi,whu_mix,wuxi_186.tif,0,0,0,0,512,512,0.11453629,data/raw/WHU_Mix_cities/wuxi/image/wuxi_186.tif,data/raw/WHU_Mix_cities/wuxi/label/wuxi_186.tif
train,wuxi,whu_mix,wuxi_646.tif,0,0,0,0,512,512,0.00113678,data/raw/WHU_Mix_cities/wuxi/image/wuxi_646.tif,data/raw/WHU_Mix_cities/wuxi/label/wuxi_646.tif
train,wuxi,whu_mix,wuxi_1020.tif,0,0,0,0,512,512,0.22356796,data/raw/WHU_Mix_cities/wuxi/image/wuxi_1020.tif,data/raw/WHU_Mix_cities/wuxi/label/wuxi_1020.tif
train,wuxi,whu_mix,wuxi_439.tif,0,0,0,0,512,512,0.13357925,data/raw/WHU_Mix_cities/wuxi/image/wuxi_439.tif,data/raw/WHU_Mix_cities/wuxi/label/wuxi_439.tif
train,wuxi,whu_mix,wuxi_1245.tif,0,0,0,0,512,512,0.20310211,data/raw/WHU_Mix_cities/wuxi/image/wuxi_1245.tif,data/raw/WHU_Mix_cities/wuxi/label/wuxi_1245.tif
train,wuxi,whu_mix,wuxi_1256.tif,0,0,0,0,512,512,0.00000000,data/raw/WHU_Mix_cities/wuxi/image/wuxi_1256.tif,data/raw/WHU_Mix_cities/wuxi/label/wuxi_1256.tif
train,wuxi,whu_mix,wuxi_774.tif,0,0,0,0,512,512,0.00000000,data/raw/WHU_Mix_cities/wuxi/image/wuxi_774.tif,data/raw/WHU_Mix_cities/wuxi/label/wuxi_774.tif
train,wuxi,whu_mix,wuxi_1163.tif,0,0,0,0,512,512,0.25505447,data/raw/WHU_Mix_cities/wuxi/image/wuxi_1163.tif,data/raw/WHU_Mix_cities/wuxi/label/wuxi_1163.tif
train,wuxi,whu_mix,wuxi_800.tif,0,0,0,0,512,512,0.00960922,data/raw/WHU_Mix_cities/wuxi/image/wuxi_800.tif,data/raw/WHU_Mix_cities/wuxi/label/wuxi_800.tif
train,wuxi,whu_mix,wuxi_1320.tif,0,0,0,0,512,512,0.02194595,data/raw/WHU_Mix_cities/wuxi/image/wuxi_1320.tif,data/raw/WHU_Mix_cities/wuxi/label/wuxi_1320.tif
train,wuxi,whu_mix,wuxi_436.tif,0,0,0,0,512,512,0.11077881,data/raw/WHU_Mix_cities/wuxi/image/wuxi_436.tif,data/raw/WHU_Mix_cities/wuxi/label/wuxi_436.tif
train,wuxi,whu_mix,wuxi_1016.tif,0,0,0,0,512,512,0.39710617,data/raw/WHU_Mix_cities/wuxi/image/wuxi_1016.tif,data/raw/WHU_Mix_cities/wuxi/label/wuxi_1016.tif
train,wuxi,whu_mix,wuxi_905.tif,0,0,0,0,512,512,0.23831177,data/raw/WHU_Mix_cities/wuxi/image/wuxi_905.tif,data/raw/WHU_Mix_cities/wuxi/label/wuxi_905.tif
train,wuxi,whu_mix,wuxi_1087.tif,0,0,0,0,512,512,0.00000000,data/raw/WHU_Mix_cities/wuxi/image/wuxi_1087.tif,data/raw/WHU_Mix_cities/wuxi/label/wuxi_1087.tif
train,wuxi,whu_mix,wuxi_888.tif,0,0,0,0,512,512,0.54965973,data/raw/WHU_Mix_cities/wuxi/image/wuxi_888.tif,data/raw/WHU_Mix_cities/wuxi/label/wuxi_888.tif
train,wuxi,whu_mix,wuxi_965.tif,0,0,0,0,512,512,0.05185318,data/raw/WHU_Mix_cities/wuxi/image/wuxi_965.tif,data/raw/WHU_Mix_cities/wuxi/label/wuxi_965.tif
train,wuxi,whu_mix,wuxi_153.tif,0,0,0,0,512,512,0.26016617,data/raw/WHU_Mix_cities/wuxi/image/wuxi_153.tif,data/raw/WHU_Mix_cities/wuxi/label/wuxi_153.tif
train,wuxi,whu_mix,wuxi_562.tif,0,0,0,0,512,512,0.11469269,data/raw/WHU_Mix_cities/wuxi/image/wuxi_562.tif,data/raw/WHU_Mix_cities/wuxi/label/wuxi_562.tif
train,wuxi,whu_mix,wuxi_598.tif,0,0,0,0,512,512,0.00000000,data/raw/WHU_Mix_cities/wuxi/image/wuxi_598.tif,data/raw/WHU_Mix_cities/wuxi/label/wuxi_598.tif
train,wuxi,whu_mix,wuxi_259.tif,0,0,0,0,512,512,0.09878922,data/raw/WHU_Mix_cities/wuxi/image/wuxi_259.tif,data/raw/WHU_Mix_cities/wuxi/label/wuxi_259.tif
train,wuxi,whu_mix,wuxi_251.tif,0,0,0,0,512,512,0.07575607,data/raw/WHU_Mix_cities/wuxi/image/wuxi_251.tif,data/raw/WHU_Mix_cities/wuxi/label/wuxi_251.tif
train,wuxi,whu_mix,wuxi_29.tif,0,0,0,0,512,512,0.00000000,data/raw/WHU_Mix_cities/wuxi/image/wuxi_29.tif,data/raw/WHU_Mix_cities/wuxi/label/wuxi_29.tif
train,wuxi,whu_mix,wuxi_936.tif,0,0,0,0,512,512,0.04547882,data/raw/WHU_Mix_cities/wuxi/image/wuxi_936.tif,data/raw/WHU_Mix_cities/wuxi/label/wuxi_936.tif
train,wuxi,whu_mix,wuxi_455.tif,0,0,0,0,512,512,0.27637100,data/raw/WHU_Mix_cities/wuxi/image/wuxi_455.tif,data/raw/WHU_Mix_cities/wuxi/label/wuxi_455.tif
train,wuxi,whu_mix,wuxi_32.tif,0,0,0,0,512,512,0.00000000,data/raw/WHU_Mix_cities/wuxi/image/wuxi_32.tif,data/raw/WHU_Mix_cities/wuxi/label/wuxi_32.tif
train,wuxi,whu_mix,wuxi_583.tif,0,0,0,0,512,512,0.16156769,data/raw/WHU_Mix_cities/wuxi/image/wuxi_583.tif,data/raw/WHU_Mix_cities/wuxi/label/wuxi_583.tif
train,wuxi,whu_mix,wuxi_226.tif,0,0,0,0,512,512,0.00000000,data/raw/WHU_Mix_cities/wuxi/image/wuxi_226.tif,data/raw/WHU_Mix_cities/wuxi/label/wuxi_226.tif
train,wuxi,whu_mix,wuxi_416.tif,0,0,0,0,512,512,0.02873611,data/raw/WHU_Mix_cities/wuxi/image/wuxi_416.tif,data/raw/WHU_Mix_cities/wuxi/label/wuxi_416.tif
train,wuxi,whu_mix,wuxi_711.tif,0,0,0,0,512,512,0.10383987,data/raw/WHU_Mix_cities/wuxi/image/wuxi_711.tif,data/raw/WHU_Mix_cities/wuxi/label/wuxi_711.tif
train,wuxi,whu_mix,wuxi_1116.tif,0,0,0,0,512,512,0.10308838,data/raw/WHU_Mix_cities/wuxi/image/wuxi_1116.tif,data/raw/WHU_Mix_cities/wuxi/label/wuxi_1116.tif
train,wuxi,whu_mix,wuxi_595.tif,0,0,0,0,512,512,0.12723541,data/raw/WHU_Mix_cities/wuxi/image/wuxi_595.tif,data/raw/WHU_Mix_cities/wuxi/label/wuxi_595.tif
train,wuxi,whu_mix,wuxi_549.tif,0,0,0,0,512,512,0.17391968,data/raw/WHU_Mix_cities/wuxi/image/wuxi_549.tif,data/raw/WHU_Mix_cities/wuxi/label/wuxi_549.tif
train,wuxi,whu_mix,wuxi_421.tif,0,0,0,0,512,512,0.05277252,data/raw/WHU_Mix_cities/wuxi/image/wuxi_421.tif,data/raw/WHU_Mix_cities/wuxi/label/wuxi_421.tif
train,wuxi,whu_mix,wuxi_189.tif,0,0,0,0,512,512,0.29933167,data/raw/WHU_Mix_cities/wuxi/image/wuxi_189.tif,data/raw/WHU_Mix_cities/wuxi/label/wuxi_189.tif
train,wuxi,whu_mix,wuxi_15.tif,0,0,0,0,512,512,0.08224487,data/raw/WHU_Mix_cities/wuxi/image/wuxi_15.tif,data/raw/WHU_Mix_cities/wuxi/label/wuxi_15.tif
train,wuxi,whu_mix,wuxi_889.tif,0,0,0,0,512,512,0.54694366,data/raw/WHU_Mix_cities/wuxi/image/wuxi_889.tif,data/raw/WHU_Mix_cities/wuxi/label/wuxi_889.tif
train,wuxi,whu_mix,wuxi_350.tif,0,0,0,0,512,512,0.37029266,data/raw/WHU_Mix_cities/wuxi/image/wuxi_350.tif,data/raw/WHU_Mix_cities/wuxi/label/wuxi_350.tif
train,wuxi,whu_mix,wuxi_702.tif,0,0,0,0,512,512,0.12232971,data/raw/WHU_Mix_cities/wuxi/image/wuxi_702.tif,data/raw/WHU_Mix_cities/wuxi/label/wuxi_702.tif
train,wuxi,whu_mix,wuxi_410.tif,0,0,0,0,512,512,0.05797958,data/raw/WHU_Mix_cities/wuxi/image/wuxi_410.tif,data/raw/WHU_Mix_cities/wuxi/label/wuxi_410.tif
train,wuxi,whu_mix,wuxi_556.tif,0,0,0,0,512,512,0.00000000,data/raw/WHU_Mix_cities/wuxi/image/wuxi_556.tif,data/raw/WHU_Mix_cities/wuxi/label/wuxi_556.tif
train,wuxi,whu_mix,wuxi_1171.tif,0,0,0,0,512,512,0.15269470,data/raw/WHU_Mix_cities/wuxi/image/wuxi_1171.tif,data/raw/WHU_Mix_cities/wuxi/label/wuxi_1171.tif
train,wuxi,whu_mix,wuxi_1211.tif,0,0,0,0,512,512,0.25824356,data/raw/WHU_Mix_cities/wuxi/image/wuxi_1211.tif,data/raw/WHU_Mix_cities/wuxi/label/wuxi_1211.tif
train,wuxi,whu_mix,wuxi_1039.tif,0,0,0,0,512,512,0.00000000,data/raw/WHU_Mix_cities/wuxi/image/wuxi_1039.tif,data/raw/WHU_Mix_cities/wuxi/label/wuxi_1039.tif
train,wuxi,whu_mix,wuxi_961.tif,0,0,0,0,512,512,0.08863068,data/raw/WHU_Mix_cities/wuxi/image/wuxi_961.tif,data/raw/WHU_Mix_cities/wuxi/label/wuxi_961.tif
train,wuxi,whu_mix,wuxi_667.tif,0,0,0,0,512,512,0.09983444,data/raw/WHU_Mix_cities/wuxi/image/wuxi_667.tif,data/raw/WHU_Mix_cities/wuxi/label/wuxi_667.tif
train,wuxi,whu_mix,wuxi_72.tif,0,0,0,0,512,512,0.00000381,data/raw/WHU_Mix_cities/wuxi/image/wuxi_72.tif,data/raw/WHU_Mix_cities/wuxi/label/wuxi_72.tif
train,wuxi,whu_mix,wuxi_1185.tif,0,0,0,0,512,512,0.00012589,data/raw/WHU_Mix_cities/wuxi/image/wuxi_1185.tif,data/raw/WHU_Mix_cities/wuxi/label/wuxi_1185.tif
train,wuxi,whu_mix,wuxi_959.tif,0,0,0,0,512,512,0.24631882,data/raw/WHU_Mix_cities/wuxi/image/wuxi_959.tif,data/raw/WHU_Mix_cities/wuxi/label/wuxi_959.tif
train,wuxi,whu_mix,wuxi_1387.tif,0,0,0,0,512,512,0.30606079,data/raw/WHU_Mix_cities/wuxi/image/wuxi_1387.tif,data/raw/WHU_Mix_cities/wuxi/label/wuxi_1387.tif
train,wuxi,whu_mix,wuxi_68.tif,0,0,0,0,512,512,0.38067245,data/raw/WHU_Mix_cities/wuxi/image/wuxi_68.tif,data/raw/WHU_Mix_cities/wuxi/label/wuxi_68.tif
train,wuxi,whu_mix,wuxi_879.tif,0,0,0,0,512,512,0.32741165,data/raw/WHU_Mix_cities/wuxi/image/wuxi_879.tif,data/raw/WHU_Mix_cities/wuxi/label/wuxi_879.tif
train,wuxi,whu_mix,wuxi_735.tif,0,0,0,0,512,512,0.00000000,data/raw/WHU_Mix_cities/wuxi/image/wuxi_735.tif,data/raw/WHU_Mix_cities/wuxi/label/wuxi_735.tif
train,wuxi,whu_mix,wuxi_625.tif,0,0,0,0,512,512,0.24691772,data/raw/WHU_Mix_cities/wuxi/image/wuxi_625.tif,data/raw/WHU_Mix_cities/wuxi/label/wuxi_625.tif
train,wuxi,whu_mix,wuxi_540.tif,0,0,0,0,512,512,0.02821350,data/raw/WHU_Mix_cities/wuxi/image/wuxi_540.tif,data/raw/WHU_Mix_cities/wuxi/label/wuxi_540.tif
train,wuxi,whu_mix,wuxi_282.tif,0,0,0,0,512,512,0.25587845,data/raw/WHU_Mix_cities/wuxi/image/wuxi_282.tif,data/raw/WHU_Mix_cities/wuxi/label/wuxi_282.tif
train,wuxi,whu_mix,wuxi_706.tif,0,0,0,0,512,512,0.23231888,data/raw/WHU_Mix_cities/wuxi/image/wuxi_706.tif,data/raw/WHU_Mix_cities/wuxi/label/wuxi_706.tif
train,wuxi,whu_mix,wuxi_542.tif,0,0,0,0,512,512,0.00081253,data/raw/WHU_Mix_cities/wuxi/image/wuxi_542.tif,data/raw/WHU_Mix_cities/wuxi/label/wuxi_542.tif
train,wuxi,whu_mix,wuxi_1329.tif,0,0,0,0,512,512,0.16685486,data/raw/WHU_Mix_cities/wuxi/image/wuxi_1329.tif,data/raw/WHU_Mix_cities/wuxi/label/wuxi_1329.tif
train,wuxi,whu_mix,wuxi_664.tif,0,0,0,0,512,512,0.00000000,data/raw/WHU_Mix_cities/wuxi/image/wuxi_664.tif,data/raw/WHU_Mix_cities/wuxi/label/wuxi_664.tif
train,wuxi,whu_mix,wuxi_1066.tif,0,0,0,0,512,512,0.10245132,data/raw/WHU_Mix_cities/wuxi/image/wuxi_1066.tif,data/raw/WHU_Mix_cities/wuxi/label/wuxi_1066.tif
train,wuxi,whu_mix,wuxi_1370.tif,0,0,0,0,512,512,0.15942001,data/raw/WHU_Mix_cities/wuxi/image/wuxi_1370.tif,data/raw/WHU_Mix_cities/wuxi/label/wuxi_1370.tif
train,wuxi,whu_mix,wuxi_781.tif,0,0,0,0,512,512,0.16424561,data/raw/WHU_Mix_cities/wuxi/image/wuxi_781.tif,data/raw/WHU_Mix_cities/wuxi/label/wuxi_781.tif
train,wuxi,whu_mix,wuxi_140.tif,0,0,0,0,512,512,0.11261368,data/raw/WHU_Mix_cities/wuxi/image/wuxi_140.tif,data/raw/WHU_Mix_cities/wuxi/label/wuxi_140.tif
train,wuxi,whu_mix,wuxi_270.tif,0,0,0,0,512,512,0.19985580,data/raw/WHU_Mix_cities/wuxi/image/wuxi_270.tif,data/raw/WHU_Mix_cities/wuxi/label/wuxi_270.tif
train,wuxi,whu_mix,wuxi_1334.tif,0,0,0,0,512,512,0.20603943,data/raw/WHU_Mix_cities/wuxi/image/wuxi_1334.tif,data/raw/WHU_Mix_cities/wuxi/label/wuxi_1334.tif
train,wuxi,whu_mix,wuxi_709.tif,0,0,0,0,512,512,0.11615372,data/raw/WHU_Mix_cities/wuxi/image/wuxi_709.tif,data/raw/WHU_Mix_cities/wuxi/label/wuxi_709.tif
train,wuxi,whu_mix,wuxi_613.tif,0,0,0,0,512,512,0.01580048,data/raw/WHU_Mix_cities/wuxi/image/wuxi_613.tif,data/raw/WHU_Mix_cities/wuxi/label/wuxi_613.tif
train,wuxi,whu_mix,wuxi_9.tif,0,0,0,0,512,512,0.37323761,data/raw/WHU_Mix_cities/wuxi/image/wuxi_9.tif,data/raw/WHU_Mix_cities/wuxi/label/wuxi_9.tif
train,wuxi,whu_mix,wuxi_1133.tif,0,0,0,0,512,512,0.22163391,data/raw/WHU_Mix_cities/wuxi/image/wuxi_1133.tif,data/raw/WHU_Mix_cities/wuxi/label/wuxi_1133.tif
train,wuxi,whu_mix,wuxi_780.tif,0,0,0,0,512,512,0.09091187,data/raw/WHU_Mix_cities/wuxi/image/wuxi_780.tif,data/raw/WHU_Mix_cities/wuxi/label/wuxi_780.tif
train,wuxi,whu_mix,wuxi_336.tif,0,0,0,0,512,512,0.00000000,data/raw/WHU_Mix_cities/wuxi/image/wuxi_336.tif,data/raw/WHU_Mix_cities/wuxi/label/wuxi_336.tif
train,wuxi,whu_mix,wuxi_18.tif,0,0,0,0,512,512,0.27162933,data/raw/WHU_Mix_cities/wuxi/image/wuxi_18.tif,data/raw/WHU_Mix_cities/wuxi/label/wuxi_18.tif
train,wuxi,whu_mix,wuxi_211.tif,0,0,0,0,512,512,0.28546143,data/raw/WHU_Mix_cities/wuxi/image/wuxi_211.tif,data/raw/WHU_Mix_cities/wuxi/label/wuxi_211.tif
train,wuxi,whu_mix,wuxi_569.tif,0,0,0,0,512,512,0.40581512,data/raw/WHU_Mix_cities/wuxi/image/wuxi_569.tif,data/raw/WHU_Mix_cities/wuxi/label/wuxi_569.tif
train,wuxi,whu_mix,wuxi_1350.tif,0,0,0,0,512,512,0.17327499,data/raw/WHU_Mix_cities/wuxi/image/wuxi_1350.tif,data/raw/WHU_Mix_cities/wuxi/label/wuxi_1350.tif
train,wuxi,whu_mix,wuxi_1389.tif,0,0,0,0,512,512,0.03781891,data/raw/WHU_Mix_cities/wuxi/image/wuxi_1389.tif,data/raw/WHU_Mix_cities/wuxi/label/wuxi_1389.tif
train,wuxi,whu_mix,wuxi_1324.tif,0,0,0,0,512,512,0.07285309,data/raw/WHU_Mix_cities/wuxi/image/wuxi_1324.tif,data/raw/WHU_Mix_cities/wuxi/label/wuxi_1324.tif
train,wuxi,whu_mix,wuxi_1290.tif,0,0,0,0,512,512,0.25931168,data/raw/WHU_Mix_cities/wuxi/image/wuxi_1290.tif,data/raw/WHU_Mix_cities/wuxi/label/wuxi_1290.tif
train,wuxi,whu_mix,wuxi_1007.tif,0,0,0,0,512,512,0.00000000,data/raw/WHU_Mix_cities/wuxi/image/wuxi_1007.tif,data/raw/WHU_Mix_cities/wuxi/label/wuxi_1007.tif
train,wuxi,whu_mix,wuxi_454.tif,0,0,0,0,512,512,0.39730453,data/raw/WHU_Mix_cities/wuxi/image/wuxi_454.tif,data/raw/WHU_Mix_cities/wuxi/label/wuxi_454.tif
train,wuxi,whu_mix,wuxi_1166.tif,0,0,0,0,512,512,0.18452072,data/raw/WHU_Mix_cities/wuxi/image/wuxi_1166.tif,data/raw/WHU_Mix_cities/wuxi/label/wuxi_1166.tif
train,wuxi,whu_mix,wuxi_42.tif,0,0,0,0,512,512,0.32022858,data/raw/WHU_Mix_cities/wuxi/image/wuxi_42.tif,data/raw/WHU_Mix_cities/wuxi/label/wuxi_42.tif
train,wuxi,whu_mix,wuxi_1009.tif,0,0,0,0,512,512,0.14048386,data/raw/WHU_Mix_cities/wuxi/image/wuxi_1009.tif,data/raw/WHU_Mix_cities/wuxi/label/wuxi_1009.tif
train,wuxi,whu_mix,wuxi_497.tif,0,0,0,0,512,512,0.08664703,data/raw/WHU_Mix_cities/wuxi/image/wuxi_497.tif,data/raw/WHU_Mix_cities/wuxi/label/wuxi_497.tif
train,wuxi,whu_mix,wuxi_689.tif,0,0,0,0,512,512,0.24443436,data/raw/WHU_Mix_cities/wuxi/image/wuxi_689.tif,data/raw/WHU_Mix_cities/wuxi/label/wuxi_689.tif
train,wuxi,whu_mix,wuxi_481.tif,0,0,0,0,512,512,0.10522079,data/raw/WHU_Mix_cities/wuxi/image/wuxi_481.tif,data/raw/WHU_Mix_cities/wuxi/label/wuxi_481.tif
train,wuxi,whu_mix,wuxi_649.tif,0,0,0,0,512,512,0.09185028,data/raw/WHU_Mix_cities/wuxi/image/wuxi_649.tif,data/raw/WHU_Mix_cities/wuxi/label/wuxi_649.tif
train,wuxi,whu_mix,wuxi_808.tif,0,0,0,0,512,512,0.00000000,data/raw/WHU_Mix_cities/wuxi/image/wuxi_808.tif,data/raw/WHU_Mix_cities/wuxi/label/wuxi_808.tif
train,wuxi,whu_mix,wuxi_80.tif,0,0,0,0,512,512,0.16436005,data/raw/WHU_Mix_cities/wuxi/image/wuxi_80.tif,data/raw/WHU_Mix_cities/wuxi/label/wuxi_80.tif
train,wuxi,whu_mix,wuxi_1277.tif,0,0,0,0,512,512,0.30725861,data/raw/WHU_Mix_cities/wuxi/image/wuxi_1277.tif,data/raw/WHU_Mix_cities/wuxi/label/wuxi_1277.tif
train,wuxi,whu_mix,wuxi_73.tif,0,0,0,0,512,512,0.00000000,data/raw/WHU_Mix_cities/wuxi/image/wuxi_73.tif,data/raw/WHU_Mix_cities/wuxi/label/wuxi_73.tif
train,wuxi,whu_mix,wuxi_500.tif,0,0,0,0,512,512,0.00368500,data/raw/WHU_Mix_cities/wuxi/image/wuxi_500.tif,data/raw/WHU_Mix_cities/wuxi/label/wuxi_500.tif
train,wuxi,whu_mix,wuxi_760.tif,0,0,0,0,512,512,0.04787445,data/raw/WHU_Mix_cities/wuxi/image/wuxi_760.tif,data/raw/WHU_Mix_cities/wuxi/label/wuxi_760.tif
train,wuxi,whu_mix,wuxi_928.tif,0,0,0,0,512,512,0.06428146,data/raw/WHU_Mix_cities/wuxi/image/wuxi_928.tif,data/raw/WHU_Mix_cities/wuxi/label/wuxi_928.tif
train,wuxi,whu_mix,wuxi_1361.tif,0,0,0,0,512,512,0.10243607,data/raw/WHU_Mix_cities/wuxi/image/wuxi_1361.tif,data/raw/WHU_Mix_cities/wuxi/label/wuxi_1361.tif
train,wuxi,whu_mix,wuxi_900.tif,0,0,0,0,512,512,0.07305145,data/raw/WHU_Mix_cities/wuxi/image/wuxi_900.tif,data/raw/WHU_Mix_cities/wuxi/label/wuxi_900.tif
train,wuxi,whu_mix,wuxi_557.tif,0,0,0,0,512,512,0.15419006,data/raw/WHU_Mix_cities/wuxi/image/wuxi_557.tif,data/raw/WHU_Mix_cities/wuxi/label/wuxi_557.tif
train,wuxi,whu_mix,wuxi_1204.tif,0,0,0,0,512,512,0.11300278,data/raw/WHU_Mix_cities/wuxi/image/wuxi_1204.tif,data/raw/WHU_Mix_cities/wuxi/label/wuxi_1204.tif
train,wuxi,whu_mix,wuxi_803.tif,0,0,0,0,512,512,0.24199295,data/raw/WHU_Mix_cities/wuxi/image/wuxi_803.tif,data/raw/WHU_Mix_cities/wuxi/label/wuxi_803.tif
train,wuxi,whu_mix,wuxi_769.tif,0,0,0,0,512,512,0.00000000,data/raw/WHU_Mix_cities/wuxi/image/wuxi_769.tif,data/raw/WHU_Mix_cities/wuxi/label/wuxi_769.tif
train,wuxi,whu_mix,wuxi_357.tif,0,0,0,0,512,512,0.14170456,data/raw/WHU_Mix_cities/wuxi/image/wuxi_357.tif,data/raw/WHU_Mix_cities/wuxi/label/wuxi_357.tif
train,wuxi,whu_mix,wuxi_818.tif,0,0,0,0,512,512,0.18389130,data/raw/WHU_Mix_cities/wuxi/image/wuxi_818.tif,data/raw/WHU_Mix_cities/wuxi/label/wuxi_818.tif
train,wuxi,whu_mix,wuxi_624.tif,0,0,0,0,512,512,0.00028992,data/raw/WHU_Mix_cities/wuxi/image/wuxi_624.tif,data/raw/WHU_Mix_cities/wuxi/label/wuxi_624.tif
train,wuxi,whu_mix,wuxi_639.tif,0,0,0,0,512,512,0.13758469,data/raw/WHU_Mix_cities/wuxi/image/wuxi_639.tif,data/raw/WHU_Mix_cities/wuxi/label/wuxi_639.tif
train,wuxi,whu_mix,wuxi_533.tif,0,0,0,0,512,512,0.08448792,data/raw/WHU_Mix_cities/wuxi/image/wuxi_533.tif,data/raw/WHU_Mix_cities/wuxi/label/wuxi_533.tif
train,wuxi,whu_mix,wuxi_1311.tif,0,0,0,0,512,512,0.11907959,data/raw/WHU_Mix_cities/wuxi/image/wuxi_1311.tif,data/raw/WHU_Mix_cities/wuxi/label/wuxi_1311.tif
train,wuxi,whu_mix,wuxi_703.tif,0,0,0,0,512,512,0.35046005,data/raw/WHU_Mix_cities/wuxi/image/wuxi_703.tif,data/raw/WHU_Mix_cities/wuxi/label/wuxi_703.tif
train,wuxi,whu_mix,wuxi_1153.tif,0,0,0,0,512,512,0.22525024,data/raw/WHU_Mix_cities/wuxi/image/wuxi_1153.tif,data/raw/WHU_Mix_cities/wuxi/label/wuxi_1153.tif
train,wuxi,whu_mix,wuxi_550.tif,0,0,0,0,512,512,0.00000000,data/raw/WHU_Mix_cities/wuxi/image/wuxi_550.tif,data/raw/WHU_Mix_cities/wuxi/label/wuxi_550.tif
train,wuxi,whu_mix,wuxi_395.tif,0,0,0,0,512,512,0.00000000,data/raw/WHU_Mix_cities/wuxi/image/wuxi_395.tif,data/raw/WHU_Mix_cities/wuxi/label/wuxi_395.tif
train,wuxi,whu_mix,wuxi_343.tif,0,0,0,0,512,512,0.05485153,data/raw/WHU_Mix_cities/wuxi/image/wuxi_343.tif,data/raw/WHU_Mix_cities/wuxi/label/wuxi_343.tif
train,wuxi,whu_mix,wuxi_203.tif,0,0,0,0,512,512,0.24091339,data/raw/WHU_Mix_cities/wuxi/image/wuxi_203.tif,data/raw/WHU_Mix_cities/wuxi/label/wuxi_203.tif
train,wuxi,whu_mix,wuxi_135.tif,0,0,0,0,512,512,0.09050369,data/raw/WHU_Mix_cities/wuxi/image/wuxi_135.tif,data/raw/WHU_Mix_cities/wuxi/label/wuxi_135.tif
train,wuxi,whu_mix,wuxi_1250.tif,0,0,0,0,512,512,0.24197006,data/raw/WHU_Mix_cities/wuxi/image/wuxi_1250.tif,data/raw/WHU_Mix_cities/wuxi/label/wuxi_1250.tif
train,wuxi,whu_mix,wuxi_885.tif,0,0,0,0,512,512,0.00000000,data/raw/WHU_Mix_cities/wuxi/image/wuxi_885.tif,data/raw/WHU_Mix_cities/wuxi/label/wuxi_885.tif
train,wuxi,whu_mix,wuxi_1065.tif,0,0,0,0,512,512,0.14686584,data/raw/WHU_Mix_cities/wuxi/image/wuxi_1065.tif,data/raw/WHU_Mix_cities/wuxi/label/wuxi_1065.tif
train,wuxi,whu_mix,wuxi_328.tif,0,0,0,0,512,512,0.30434036,data/raw/WHU_Mix_cities/wuxi/image/wuxi_328.tif,data/raw/WHU_Mix_cities/wuxi/label/wuxi_328.tif
train,wuxi,whu_mix,wuxi_805.tif,0,0,0,0,512,512,0.11755371,data/raw/WHU_Mix_cities/wuxi/image/wuxi_805.tif,data/raw/WHU_Mix_cities/wuxi/label/wuxi_805.tif
train,wuxi,whu_mix,wuxi_945.tif,0,0,0,0,512,512,0.12447739,data/raw/WHU_Mix_cities/wuxi/image/wuxi_945.tif,data/raw/WHU_Mix_cities/wuxi/label/wuxi_945.tif
train,wuxi,whu_mix,wuxi_972.tif,0,0,0,0,512,512,0.13516998,data/raw/WHU_Mix_cities/wuxi/image/wuxi_972.tif,data/raw/WHU_Mix_cities/wuxi/label/wuxi_972.tif
train,wuxi,whu_mix,wuxi_1254.tif,0,0,0,0,512,512,0.13918304,data/raw/WHU_Mix_cities/wuxi/image/wuxi_1254.tif,data/raw/WHU_Mix_cities/wuxi/label/wuxi_1254.tif
train,wuxi,whu_mix,wuxi_575.tif,0,0,0,0,512,512,0.16456604,data/raw/WHU_Mix_cities/wuxi/image/wuxi_575.tif,data/raw/WHU_Mix_cities/wuxi/label/wuxi_575.tif
train,wuxi,whu_mix,wuxi_578.tif,0,0,0,0,512,512,0.01022720,data/raw/WHU_Mix_cities/wuxi/image/wuxi_578.tif,data/raw/WHU_Mix_cities/wuxi/label/wuxi_578.tif
train,wuxi,whu_mix,wuxi_1034.tif,0,0,0,0,512,512,0.32307816,data/raw/WHU_Mix_cities/wuxi/image/wuxi_1034.tif,data/raw/WHU_Mix_cities/wuxi/label/wuxi_1034.tif
train,wuxi,whu_mix,wuxi_415.tif,0,0,0,0,512,512,0.21858597,data/raw/WHU_Mix_cities/wuxi/image/wuxi_415.tif,data/raw/WHU_Mix_cities/wuxi/label/wuxi_415.tif
train,wuxi,whu_mix,wuxi_1169.tif,0,0,0,0,512,512,0.16635895,data/raw/WHU_Mix_cities/wuxi/image/wuxi_1169.tif,data/raw/WHU_Mix_cities/wuxi/label/wuxi_1169.tif
train,wuxi,whu_mix,wuxi_258.tif,0,0,0,0,512,512,0.19250870,data/raw/WHU_Mix_cities/wuxi/image/wuxi_258.tif,data/raw/WHU_Mix_cities/wuxi/label/wuxi_258.tif
train,wuxi,whu_mix,wuxi_396.tif,0,0,0,0,512,512,0.15812302,data/raw/WHU_Mix_cities/wuxi/image/wuxi_396.tif,data/raw/WHU_Mix_cities/wuxi/label/wuxi_396.tif
train,wuxi,whu_mix,wuxi_494.tif,0,0,0,0,512,512,0.15869522,data/raw/WHU_Mix_cities/wuxi/image/wuxi_494.tif,data/raw/WHU_Mix_cities/wuxi/label/wuxi_494.tif
train,wuxi,whu_mix,wuxi_1082.tif,0,0,0,0,512,512,0.35533142,data/raw/WHU_Mix_cities/wuxi/image/wuxi_1082.tif,data/raw/WHU_Mix_cities/wuxi/label/wuxi_1082.tif
train,wuxi,whu_mix,wuxi_1199.tif,0,0,0,0,512,512,0.25639725,data/raw/WHU_Mix_cities/wuxi/image/wuxi_1199.tif,data/raw/WHU_Mix_cities/wuxi/label/wuxi_1199.tif
train,wuxi,whu_mix,wuxi_405.tif,0,0,0,0,512,512,0.10306549,data/raw/WHU_Mix_cities/wuxi/image/wuxi_405.tif,data/raw/WHU_Mix_cities/wuxi/label/wuxi_405.tif
train,wuxi,whu_mix,wuxi_90.tif,0,0,0,0,512,512,0.29314804,data/raw/WHU_Mix_cities/wuxi/image/wuxi_90.tif,data/raw/WHU_Mix_cities/wuxi/label/wuxi_90.tif
train,wuxi,whu_mix,wuxi_860.tif,0,0,0,0,512,512,0.15378952,data/raw/WHU_Mix_cities/wuxi/image/wuxi_860.tif,data/raw/WHU_Mix_cities/wuxi/label/wuxi_860.tif
train,wuxi,whu_mix,wuxi_406.tif,0,0,0,0,512,512,0.13753128,data/raw/WHU_Mix_cities/wuxi/image/wuxi_406.tif,data/raw/WHU_Mix_cities/wuxi/label/wuxi_406.tif
train,wuxi,whu_mix,wuxi_370.tif,0,0,0,0,512,512,0.11360168,data/raw/WHU_Mix_cities/wuxi/image/wuxi_370.tif,data/raw/WHU_Mix_cities/wuxi/label/wuxi_370.tif
train,wuxi,whu_mix,wuxi_261.tif,0,0,0,0,512,512,0.20792770,data/raw/WHU_Mix_cities/wuxi/image/wuxi_261.tif,data/raw/WHU_Mix_cities/wuxi/label/wuxi_261.tif
train,wuxi,whu_mix,wuxi_576.tif,0,0,0,0,512,512,0.00000000,data/raw/WHU_Mix_cities/wuxi/image/wuxi_576.tif,data/raw/WHU_Mix_cities/wuxi/label/wuxi_576.tif
train,wuxi,whu_mix,wuxi_31.tif,0,0,0,0,512,512,0.01073837,data/raw/WHU_Mix_cities/wuxi/image/wuxi_31.tif,data/raw/WHU_Mix_cities/wuxi/label/wuxi_31.tif
train,wuxi,whu_mix,wuxi_996.tif,0,0,0,0,512,512,0.01037216,data/raw/WHU_Mix_cities/wuxi/image/wuxi_996.tif,data/raw/WHU_Mix_cities/wuxi/label/wuxi_996.tif
train,wuxi,whu_mix,wuxi_1110.tif,0,0,0,0,512,512,0.00007248,data/raw/WHU_Mix_cities/wuxi/image/wuxi_1110.tif,data/raw/WHU_Mix_cities/wuxi/label/wuxi_1110.tif
train,wuxi,whu_mix,wuxi_276.tif,0,0,0,0,512,512,0.12825012,data/raw/WHU_Mix_cities/wuxi/image/wuxi_276.tif,data/raw/WHU_Mix_cities/wuxi/label/wuxi_276.tif
train,wuxi,whu_mix,wuxi_5.tif,0,0,0,0,512,512,0.36661530,data/raw/WHU_Mix_cities/wuxi/image/wuxi_5.tif,data/raw/WHU_Mix_cities/wuxi/label/wuxi_5.tif
train,wuxi,whu_mix,wuxi_142.tif,0,0,0,0,512,512,0.35861588,data/raw/WHU_Mix_cities/wuxi/image/wuxi_142.tif,data/raw/WHU_Mix_cities/wuxi/label/wuxi_142.tif
train,wuxi,whu_mix,wuxi_310.tif,0,0,0,0,512,512,0.13226700,data/raw/WHU_Mix_cities/wuxi/image/wuxi_310.tif,data/raw/WHU_Mix_cities/wuxi/label/wuxi_310.tif
train,wuxi,whu_mix,wuxi_1382.tif,0,0,0,0,512,512,0.12142944,data/raw/WHU_Mix_cities/wuxi/image/wuxi_1382.tif,data/raw/WHU_Mix_cities/wuxi/label/wuxi_1382.tif
train,wuxi,whu_mix,wuxi_1168.tif,0,0,0,0,512,512,0.08587646,data/raw/WHU_Mix_cities/wuxi/image/wuxi_1168.tif,data/raw/WHU_Mix_cities/wuxi/label/wuxi_1168.tif
train,wuxi,whu_mix,wuxi_1295.tif,0,0,0,0,512,512,0.42084503,data/raw/WHU_Mix_cities/wuxi/image/wuxi_1295.tif,data/raw/WHU_Mix_cities/wuxi/label/wuxi_1295.tif
train,wuxi,whu_mix,wuxi_1121.tif,0,0,0,0,512,512,0.24751282,data/raw/WHU_Mix_cities/wuxi/image/wuxi_1121.tif,data/raw/WHU_Mix_cities/wuxi/label/wuxi_1121.tif
train,wuxi,whu_mix,wuxi_379.tif,0,0,0,0,512,512,0.05057526,data/raw/WHU_Mix_cities/wuxi/image/wuxi_379.tif,data/raw/WHU_Mix_cities/wuxi/label/wuxi_379.tif
train,wuxi,whu_mix,wuxi_974.tif,0,0,0,0,512,512,0.13529205,data/raw/WHU_Mix_cities/wuxi/image/wuxi_974.tif,data/raw/WHU_Mix_cities/wuxi/label/wuxi_974.tif
train,wuxi,whu_mix,wuxi_1396.tif,0,0,0,0,512,512,0.01218796,data/raw/WHU_Mix_cities/wuxi/image/wuxi_1396.tif,data/raw/WHU_Mix_cities/wuxi/label/wuxi_1396.tif
train,wuxi,whu_mix,wuxi_1386.tif,0,0,0,0,512,512,0.28681946,data/raw/WHU_Mix_cities/wuxi/image/wuxi_1386.tif,data/raw/WHU_Mix_cities/wuxi/label/wuxi_1386.tif
train,wuxi,whu_mix,wuxi_165.tif,0,0,0,0,512,512,0.32042694,data/raw/WHU_Mix_cities/wuxi/image/wuxi_165.tif,data/raw/WHU_Mix_cities/wuxi/label/wuxi_165.tif
train,wuxi,whu_mix,wuxi_724.tif,0,0,0,0,512,512,0.17345428,data/raw/WHU_Mix_cities/wuxi/image/wuxi_724.tif,data/raw/WHU_Mix_cities/wuxi/label/wuxi_724.tif
train,wuxi,whu_mix,wuxi_207.tif,0,0,0,0,512,512,0.18128586,data/raw/WHU_Mix_cities/wuxi/image/wuxi_207.tif,data/raw/WHU_Mix_cities/wuxi/label/wuxi_207.tif
train,wuxi,whu_mix,wuxi_616.tif,0,0,0,0,512,512,0.02387238,data/raw/WHU_Mix_cities/wuxi/image/wuxi_616.tif,data/raw/WHU_Mix_cities/wuxi/label/wuxi_616.tif
train,wuxi,whu_mix,wuxi_599.tif,0,0,0,0,512,512,0.09369278,data/raw/WHU_Mix_cities/wuxi/image/wuxi_599.tif,data/raw/WHU_Mix_cities/wuxi/label/wuxi_599.tif
train,wuxi,whu_mix,wuxi_675.tif,0,0,0,0,512,512,0.02539444,data/raw/WHU_Mix_cities/wuxi/image/wuxi_675.tif,data/raw/WHU_Mix_cities/wuxi/label/wuxi_675.tif
train,wuxi,whu_mix,wuxi_677.tif,0,0,0,0,512,512,0.00000000,data/raw/WHU_Mix_cities/wuxi/image/wuxi_677.tif,data/raw/WHU_Mix_cities/wuxi/label/wuxi_677.tif
train,wuxi,whu_mix,wuxi_694.tif,0,0,0,0,512,512,0.12057114,data/raw/WHU_Mix_cities/wuxi/image/wuxi_694.tif,data/raw/WHU_Mix_cities/wuxi/label/wuxi_694.tif
train,wuxi,whu_mix,wuxi_857.tif,0,0,0,0,512,512,0.10130310,data/raw/WHU_Mix_cities/wuxi/image/wuxi_857.tif,data/raw/WHU_Mix_cities/wuxi/label/wuxi_857.tif
train,wuxi,whu_mix,wuxi_1047.tif,0,0,0,0,512,512,0.13975906,data/raw/WHU_Mix_cities/wuxi/image/wuxi_1047.tif,data/raw/WHU_Mix_cities/wuxi/label/wuxi_1047.tif
train,wuxi,whu_mix,wuxi_252.tif,0,0,0,0,512,512,0.10533142,data/raw/WHU_Mix_cities/wuxi/image/wuxi_252.tif,data/raw/WHU_Mix_cities/wuxi/label/wuxi_252.tif
train,wuxi,whu_mix,wuxi_1180.tif,0,0,0,0,512,512,0.13861465,data/raw/WHU_Mix_cities/wuxi/image/wuxi_1180.tif,data/raw/WHU_Mix_cities/wuxi/label/wuxi_1180.tif
train,wuxi,whu_mix,wuxi_257.tif,0,0,0,0,512,512,0.13244247,data/raw/WHU_Mix_cities/wuxi/image/wuxi_257.tif,data/raw/WHU_Mix_cities/wuxi/label/wuxi_257.tif
train,wuxi,whu_mix,wuxi_547.tif,0,0,0,0,512,512,0.00000000,data/raw/WHU_Mix_cities/wuxi/image/wuxi_547.tif,data/raw/WHU_Mix_cities/wuxi/label/wuxi_547.tif
train,wuxi,whu_mix,wuxi_1217.tif,0,0,0,0,512,512,0.37148285,data/raw/WHU_Mix_cities/wuxi/image/wuxi_1217.tif,data/raw/WHU_Mix_cities/wuxi/label/wuxi_1217.tif
train,wuxi,whu_mix,wuxi_901.tif,0,0,0,0,512,512,0.00904083,data/raw/WHU_Mix_cities/wuxi/image/wuxi_901.tif,data/raw/WHU_Mix_cities/wuxi/label/wuxi_901.tif
train,wuxi,whu_mix,wuxi_923.tif,0,0,0,0,512,512,0.10322189,data/raw/WHU_Mix_cities/wuxi/image/wuxi_923.tif,data/raw/WHU_Mix_cities/wuxi/label/wuxi_923.tif
train,wuxi,whu_mix,wuxi_586.tif,0,0,0,0,512,512,0.15856552,data/raw/WHU_Mix_cities/wuxi/image/wuxi_586.tif,data/raw/WHU_Mix_cities/wuxi/label/wuxi_586.tif
train,wuxi,whu_mix,wuxi_371.tif,0,0,0,0,512,512,0.00010681,data/raw/WHU_Mix_cities/wuxi/image/wuxi_371.tif,data/raw/WHU_Mix_cities/wuxi/label/wuxi_371.tif
train,wuxi,whu_mix,wuxi_229.tif,0,0,0,0,512,512,0.16336060,data/raw/WHU_Mix_cities/wuxi/image/wuxi_229.tif,data/raw/WHU_Mix_cities/wuxi/label/wuxi_229.tif
train,wuxi,whu_mix,wuxi_1339.tif,0,0,0,0,512,512,0.20214081,data/raw/WHU_Mix_cities/wuxi/image/wuxi_1339.tif,data/raw/WHU_Mix_cities/wuxi/label/wuxi_1339.tif
train,wuxi,whu_mix,wuxi_269.tif,0,0,0,0,512,512,0.12375641,data/raw/WHU_Mix_cities/wuxi/image/wuxi_269.tif,data/raw/WHU_Mix_cities/wuxi/label/wuxi_269.tif
train,wuxi,whu_mix,wuxi_609.tif,0,0,0,0,512,512,0.13817978,data/raw/WHU_Mix_cities/wuxi/image/wuxi_609.tif,data/raw/WHU_Mix_cities/wuxi/label/wuxi_609.tif
train,wuxi,whu_mix,wuxi_6.tif,0,0,0,0,512,512,0.29563141,data/raw/WHU_Mix_cities/wuxi/image/wuxi_6.tif,data/raw/WHU_Mix_cities/wuxi/label/wuxi_6.tif
train,wuxi,whu_mix,wuxi_1362.tif,0,0,0,0,512,512,0.10774231,data/raw/WHU_Mix_cities/wuxi/image/wuxi_1362.tif,data/raw/WHU_Mix_cities/wuxi/label/wuxi_1362.tif
train,wuxi,whu_mix,wuxi_695.tif,0,0,0,0,512,512,0.11922073,data/raw/WHU_Mix_cities/wuxi/image/wuxi_695.tif,data/raw/WHU_Mix_cities/wuxi/label/wuxi_695.tif
train,wuxi,whu_mix,wuxi_93.tif,0,0,0,0,512,512,0.10364914,data/raw/WHU_Mix_cities/wuxi/image/wuxi_93.tif,data/raw/WHU_Mix_cities/wuxi/label/wuxi_93.tif
train,wuxi,whu_mix,wuxi_1130.tif,0,0,0,0,512,512,0.24015808,data/raw/WHU_Mix_cities/wuxi/image/wuxi_1130.tif,data/raw/WHU_Mix_cities/wuxi/label/wuxi_1130.tif
train,wuxi,whu_mix,wuxi_964.tif,0,0,0,0,512,512,0.27578735,data/raw/WHU_Mix_cities/wuxi/image/wuxi_964.tif,data/raw/WHU_Mix_cities/wuxi/label/wuxi_964.tif
train,wuxi,whu_mix,wuxi_498.tif,0,0,0,0,512,512,0.09925079,data/raw/WHU_Mix_cities/wuxi/image/wuxi_498.tif,data/raw/WHU_Mix_cities/wuxi/label/wuxi_498.tif
train,wuxi,whu_mix,wuxi_505.tif,0,0,0,0,512,512,0.05656052,data/raw/WHU_Mix_cities/wuxi/image/wuxi_505.tif,data/raw/WHU_Mix_cities/wuxi/label/wuxi_505.tif
train,wuxi,whu_mix,wuxi_479.tif,0,0,0,0,512,512,0.38740540,data/raw/WHU_Mix_cities/wuxi/image/wuxi_479.tif,data/raw/WHU_Mix_cities/wuxi/label/wuxi_479.tif
train,wuxi,whu_mix,wuxi_560.tif,0,0,0,0,512,512,0.00000000,data/raw/WHU_Mix_cities/wuxi/image/wuxi_560.tif,data/raw/WHU_Mix_cities/wuxi/label/wuxi_560.tif
train,wuxi,whu_mix,wuxi_1188.tif,0,0,0,0,512,512,0.14043045,data/raw/WHU_Mix_cities/wuxi/image/wuxi_1188.tif,data/raw/WHU_Mix_cities/wuxi/label/wuxi_1188.tif
train,wuxi,whu_mix,wuxi_274.tif,0,0,0,0,512,512,0.18891525,data/raw/WHU_Mix_cities/wuxi/image/wuxi_274.tif,data/raw/WHU_Mix_cities/wuxi/label/wuxi_274.tif
train,wuxi,whu_mix,wuxi_1137.tif,0,0,0,0,512,512,0.23274994,data/raw/WHU_Mix_cities/wuxi/image/wuxi_1137.tif,data/raw/WHU_Mix_cities/wuxi/label/wuxi_1137.tif
train,wuxi,whu_mix,wuxi_748.tif,0,0,0,0,512,512,0.14817047,data/raw/WHU_Mix_cities/wuxi/image/wuxi_748.tif,data/raw/WHU_Mix_cities/wuxi/label/wuxi_748.tif
train,wuxi,whu_mix,wuxi_66.tif,0,0,0,0,512,512,0.47446060,data/raw/WHU_Mix_cities/wuxi/image/wuxi_66.tif,data/raw/WHU_Mix_cities/wuxi/label/wuxi_66.tif
train,wuxi,whu_mix,wuxi_503.tif,0,0,0,0,512,512,0.10938263,data/raw/WHU_Mix_cities/wuxi/image/wuxi_503.tif,data/raw/WHU_Mix_cities/wuxi/label/wuxi_503.tif
train,wuxi,whu_mix,wuxi_1014.tif,0,0,0,0,512,512,0.13522720,data/raw/WHU_Mix_cities/wuxi/image/wuxi_1014.tif,data/raw/WHU_Mix_cities/wuxi/label/wuxi_1014.tif
train,wuxi,whu_mix,wuxi_334.tif,0,0,0,0,512,512,0.12205887,data/raw/WHU_Mix_cities/wuxi/image/wuxi_334.tif,data/raw/WHU_Mix_cities/wuxi/label/wuxi_334.tif
train,wuxi,whu_mix,wuxi_411.tif,0,0,0,0,512,512,0.05838394,data/raw/WHU_Mix_cities/wuxi/image/wuxi_411.tif,data/raw/WHU_Mix_cities/wuxi/label/wuxi_411.tif
train,wuxi,whu_mix,wuxi_1351.tif,0,0,0,0,512,512,0.04790878,data/raw/WHU_Mix_cities/wuxi/image/wuxi_1351.tif,data/raw/WHU_Mix_cities/wuxi/label/wuxi_1351.tif
train,wuxi,whu_mix,wuxi_148.tif,0,0,0,0,512,512,0.30327988,data/raw/WHU_Mix_cities/wuxi/image/wuxi_148.tif,data/raw/WHU_Mix_cities/wuxi/label/wuxi_148.tif
train,wuxi,whu_mix,wuxi_457.tif,0,0,0,0,512,512,0.01204681,data/raw/WHU_Mix_cities/wuxi/image/wuxi_457.tif,data/raw/WHU_Mix_cities/wuxi/label/wuxi_457.tif
train,wuxi,whu_mix,wuxi_248.tif,0,0,0,0,512,512,0.02932358,data/raw/WHU_Mix_cities/wuxi/image/wuxi_248.tif,data/raw/WHU_Mix_cities/wuxi/label/wuxi_248.tif
train,wuxi,whu_mix,wuxi_462.tif,0,0,0,0,512,512,0.12319565,data/raw/WHU_Mix_cities/wuxi/image/wuxi_462.tif,data/raw/WHU_Mix_cities/wuxi/label/wuxi_462.tif
train,wuxi,whu_mix,wuxi_944.tif,0,0,0,0,512,512,0.14405060,data/raw/WHU_Mix_cities/wuxi/image/wuxi_944.tif,data/raw/WHU_Mix_cities/wuxi/label/wuxi_944.tif
train,wuxi,whu_mix,wuxi_662.tif,0,0,0,0,512,512,0.00425720,data/raw/WHU_Mix_cities/wuxi/image/wuxi_662.tif,data/raw/WHU_Mix_cities/wuxi/label/wuxi_662.tif
train,wuxi,whu_mix,wuxi_1083.tif,0,0,0,0,512,512,0.00000000,data/raw/WHU_Mix_cities/wuxi/image/wuxi_1083.tif,data/raw/WHU_Mix_cities/wuxi/label/wuxi_1083.tif
train,wuxi,whu_mix,wuxi_913.tif,0,0,0,0,512,512,0.27471161,data/raw/WHU_Mix_cities/wuxi/image/wuxi_913.tif,data/raw/WHU_Mix_cities/wuxi/label/wuxi_913.tif
train,wuxi,whu_mix,wuxi_1332.tif,0,0,0,0,512,512,0.17885208,data/raw/WHU_Mix_cities/wuxi/image/wuxi_1332.tif,data/raw/WHU_Mix_cities/wuxi/label/wuxi_1332.tif
train,wuxi,whu_mix,wuxi_513.tif,0,0,0,0,512,512,0.10334778,data/raw/WHU_Mix_cities/wuxi/image/wuxi_513.tif,data/raw/WHU_Mix_cities/wuxi/label/wuxi_513.tif
train,wuxi,whu_mix,wuxi_875.tif,0,0,0,0,512,512,0.18541718,data/raw/WHU_Mix_cities/wuxi/image/wuxi_875.tif,data/raw/WHU_Mix_cities/wuxi/label/wuxi_875.tif
train,wuxi,whu_mix,wuxi_554.tif,0,0,0,0,512,512,0.06727600,data/raw/WHU_Mix_cities/wuxi/image/wuxi_554.tif,data/raw/WHU_Mix_cities/wuxi/label/wuxi_554.tif
train,wuxi,whu_mix,wuxi_890.tif,0,0,0,0,512,512,0.21700287,data/raw/WHU_Mix_cities/wuxi/image/wuxi_890.tif,data/raw/WHU_Mix_cities/wuxi/label/wuxi_890.tif
train,wuxi,whu_mix,wuxi_299.tif,0,0,0,0,512,512,0.08326721,data/raw/WHU_Mix_cities/wuxi/image/wuxi_299.tif,data/raw/WHU_Mix_cities/wuxi/label/wuxi_299.tif
train,wuxi,whu_mix,wuxi_791.tif,0,0,0,0,512,512,0.14837646,data/raw/WHU_Mix_cities/wuxi/image/wuxi_791.tif,data/raw/WHU_Mix_cities/wuxi/label/wuxi_791.tif
train,wuxi,whu_mix,wuxi_284.tif,0,0,0,0,512,512,0.19867706,data/raw/WHU_Mix_cities/wuxi/image/wuxi_284.tif,data/raw/WHU_Mix_cities/wuxi/label/wuxi_284.tif
train,wuxi,whu_mix,wuxi_1051.tif,0,0,0,0,512,512,0.04530716,data/raw/WHU_Mix_cities/wuxi/image/wuxi_1051.tif,data/raw/WHU_Mix_cities/wuxi/label/wuxi_1051.tif
train,wuxi,whu_mix,wuxi_1158.tif,0,0,0,0,512,512,0.00000000,data/raw/WHU_Mix_cities/wuxi/image/wuxi_1158.tif,data/raw/WHU_Mix_cities/wuxi/label/wuxi_1158.tif
train,wuxi,whu_mix,wuxi_1244.tif,0,0,0,0,512,512,0.15575790,data/raw/WHU_Mix_cities/wuxi/image/wuxi_1244.tif,data/raw/WHU_Mix_cities/wuxi/label/wuxi_1244.tif
train,wuxi,whu_mix,wuxi_1270.tif,0,0,0,0,512,512,0.28251266,data/raw/WHU_Mix_cities/wuxi/image/wuxi_1270.tif,data/raw/WHU_Mix_cities/wuxi/label/wuxi_1270.tif
train,wuxi,whu_mix,wuxi_801.tif,0,0,0,0,512,512,0.26016235,data/raw/WHU_Mix_cities/wuxi/image/wuxi_801.tif,data/raw/WHU_Mix_cities/wuxi/label/wuxi_801.tif
train,wuxi,whu_mix,wuxi_94.tif,0,0,0,0,512,512,0.27307892,data/raw/WHU_Mix_cities/wuxi/image/wuxi_94.tif,data/raw/WHU_Mix_cities/wuxi/label/wuxi_94.tif
train,wuxi,whu_mix,wuxi_319.tif,0,0,0,0,512,512,0.10313797,data/raw/WHU_Mix_cities/wuxi/image/wuxi_319.tif,data/raw/WHU_Mix_cities/wuxi/label/wuxi_319.tif
train,wuxi,whu_mix,wuxi_1149.tif,0,0,0,0,512,512,0.21436691,data/raw/WHU_Mix_cities/wuxi/image/wuxi_1149.tif,data/raw/WHU_Mix_cities/wuxi/label/wuxi_1149.tif
train,wuxi,whu_mix,wuxi_1183.tif,0,0,0,0,512,512,0.21577454,data/raw/WHU_Mix_cities/wuxi/image/wuxi_1183.tif,data/raw/WHU_Mix_cities/wuxi/label/wuxi_1183.tif
train,wuxi,whu_mix,wuxi_546.tif,0,0,0,0,512,512,0.00000000,data/raw/WHU_Mix_cities/wuxi/image/wuxi_546.tif,data/raw/WHU_Mix_cities/wuxi/label/wuxi_546.tif
train,wuxi,whu_mix,wuxi_752.tif,0,0,0,0,512,512,0.12771606,data/raw/WHU_Mix_cities/wuxi/image/wuxi_752.tif,data/raw/WHU_Mix_cities/wuxi/label/wuxi_752.tif
train,wuxi,whu_mix,wuxi_409.tif,0,0,0,0,512,512,0.09430695,data/raw/WHU_Mix_cities/wuxi/image/wuxi_409.tif,data/raw/WHU_Mix_cities/wuxi/label/wuxi_409.tif
train,wuxi,whu_mix,wuxi_482.tif,0,0,0,0,512,512,0.11775970,data/raw/WHU_Mix_cities/wuxi/image/wuxi_482.tif,data/raw/WHU_Mix_cities/wuxi/label/wuxi_482.tif
train,wuxi,whu_mix,wuxi_992.tif,0,0,0,0,512,512,0.03547287,data/raw/WHU_Mix_cities/wuxi/image/wuxi_992.tif,data/raw/WHU_Mix_cities/wuxi/label/wuxi_992.tif
train,wuxi,whu_mix,wuxi_1042.tif,0,0,0,0,512,512,0.18855667,data/raw/WHU_Mix_cities/wuxi/image/wuxi_1042.tif,data/raw/WHU_Mix_cities/wuxi/label/wuxi_1042.tif
train,wuxi,whu_mix,wuxi_242.tif,0,0,0,0,512,512,0.34682465,data/raw/WHU_Mix_cities/wuxi/image/wuxi_242.tif,data/raw/WHU_Mix_cities/wuxi/label/wuxi_242.tif
train,wuxi,whu_mix,wuxi_1096.tif,0,0,0,0,512,512,0.29074860,data/raw/WHU_Mix_cities/wuxi/image/wuxi_1096.tif,data/raw/WHU_Mix_cities/wuxi/label/wuxi_1096.tif
train,wuxi,whu_mix,wuxi_1381.tif,0,0,0,0,512,512,0.09529114,data/raw/WHU_Mix_cities/wuxi/image/wuxi_1381.tif,data/raw/WHU_Mix_cities/wuxi/label/wuxi_1381.tif
train,wuxi,whu_mix,wuxi_359.tif,0,0,0,0,512,512,0.02762604,data/raw/WHU_Mix_cities/wuxi/image/wuxi_359.tif,data/raw/WHU_Mix_cities/wuxi/label/wuxi_359.tif
train,wuxi,whu_mix,wuxi_1303.tif,0,0,0,0,512,512,0.38425446,data/raw/WHU_Mix_cities/wuxi/image/wuxi_1303.tif,data/raw/WHU_Mix_cities/wuxi/label/wuxi_1303.tif
train,wuxi,whu_mix,wuxi_810.tif,0,0,0,0,512,512,0.23050690,data/raw/WHU_Mix_cities/wuxi/image/wuxi_810.tif,data/raw/WHU_Mix_cities/wuxi/label/wuxi_810.tif
train,wuxi,whu_mix,wuxi_358.tif,0,0,0,0,512,512,0.26857376,data/raw/WHU_Mix_cities/wuxi/image/wuxi_358.tif,data/raw/WHU_Mix_cities/wuxi/label/wuxi_358.tif
train,wuxi,whu_mix,wuxi_429.tif,0,0,0,0,512,512,0.20713043,data/raw/WHU_Mix_cities/wuxi/image/wuxi_429.tif,data/raw/WHU_Mix_cities/wuxi/label/wuxi_429.tif
train,wuxi,whu_mix,wuxi_279.tif,0,0,0,0,512,512,0.00000000,data/raw/WHU_Mix_cities/wuxi/image/wuxi_279.tif,data/raw/WHU_Mix_cities/wuxi/label/wuxi_279.tif
train,wuxi,whu_mix,wuxi_414.tif,0,0,0,0,512,512,0.15811539,data/raw/WHU_Mix_cities/wuxi/image/wuxi_414.tif,data/raw/WHU_Mix_cities/wuxi/label/wuxi_414.tif
train,wuxi,whu_mix,wuxi_630.tif,0,0,0,0,512,512,0.06584930,data/raw/WHU_Mix_cities/wuxi/image/wuxi_630.tif,data/raw/WHU_Mix_cities/wuxi/label/wuxi_630.tif
train,wuxi,whu_mix,wuxi_1078.tif,0,0,0,0,512,512,0.15640259,data/raw/WHU_Mix_cities/wuxi/image/wuxi_1078.tif,data/raw/WHU_Mix_cities/wuxi/label/wuxi_1078.tif
train,wuxi,whu_mix,wuxi_458.tif,0,0,0,0,512,512,0.02223206,data/raw/WHU_Mix_cities/wuxi/image/wuxi_458.tif,data/raw/WHU_Mix_cities/wuxi/label/wuxi_458.tif
train,wuxi,whu_mix,wuxi_1294.tif,0,0,0,0,512,512,0.20454407,data/raw/WHU_Mix_cities/wuxi/image/wuxi_1294.tif,data/raw/WHU_Mix_cities/wuxi/label/wuxi_1294.tif
train,wuxi,whu_mix,wuxi_828.tif,0,0,0,0,512,512,0.21289444,data/raw/WHU_Mix_cities/wuxi/image/wuxi_828.tif,data/raw/WHU_Mix_cities/wuxi/label/wuxi_828.tif
train,wuxi,whu_mix,wuxi_745.tif,0,0,0,0,512,512,0.25183487,data/raw/WHU_Mix_cities/wuxi/image/wuxi_745.tif,data/raw/WHU_Mix_cities/wuxi/label/wuxi_745.tif
train,wuxi,whu_mix,wuxi_442.tif,0,0,0,0,512,512,0.00210190,data/raw/WHU_Mix_cities/wuxi/image/wuxi_442.tif,data/raw/WHU_Mix_cities/wuxi/label/wuxi_442.tif
train,wuxi,whu_mix,wuxi_998.tif,0,0,0,0,512,512,0.00833511,data/raw/WHU_Mix_cities/wuxi/image/wuxi_998.tif,data/raw/WHU_Mix_cities/wuxi/label/wuxi_998.tif
train,wuxi,whu_mix,wuxi_608.tif,0,0,0,0,512,512,0.04230499,data/raw/WHU_Mix_cities/wuxi/image/wuxi_608.tif,data/raw/WHU_Mix_cities/wuxi/label/wuxi_608.tif
train,wuxi,whu_mix,wuxi_1105.tif,0,0,0,0,512,512,0.25959015,data/raw/WHU_Mix_cities/wuxi/image/wuxi_1105.tif,data/raw/WHU_Mix_cities/wuxi/label/wuxi_1105.tif
train,wuxi,whu_mix,wuxi_839.tif,0,0,0,0,512,512,0.15609741,data/raw/WHU_Mix_cities/wuxi/image/wuxi_839.tif,data/raw/WHU_Mix_cities/wuxi/label/wuxi_839.tif
train,wuxi,whu_mix,wuxi_607.tif,0,0,0,0,512,512,0.00000000,data/raw/WHU_Mix_cities/wuxi/image/wuxi_607.tif,data/raw/WHU_Mix_cities/wuxi/label/wuxi_607.tif
train,wuxi,whu_mix,wuxi_1189.tif,0,0,0,0,512,512,0.01153183,data/raw/WHU_Mix_cities/wuxi/image/wuxi_1189.tif,data/raw/WHU_Mix_cities/wuxi/label/wuxi_1189.tif
train,wuxi,whu_mix,wuxi_1079.tif,0,0,0,0,512,512,0.00000000,data/raw/WHU_Mix_cities/wuxi/image/wuxi_1079.tif,data/raw/WHU_Mix_cities/wuxi/label/wuxi_1079.tif
train,wuxi,whu_mix,wuxi_919.tif,0,0,0,0,512,512,0.01486588,data/raw/WHU_Mix_cities/wuxi/image/wuxi_919.tif,data/raw/WHU_Mix_cities/wuxi/label/wuxi_919.tif
train,wuxi,whu_mix,wuxi_1344.tif,0,0,0,0,512,512,0.08994293,data/raw/WHU_Mix_cities/wuxi/image/wuxi_1344.tif,data/raw/WHU_Mix_cities/wuxi/label/wuxi_1344.tif
train,wuxi,whu_mix,wuxi_1293.tif,0,0,0,0,512,512,0.30656052,data/raw/WHU_Mix_cities/wuxi/image/wuxi_1293.tif,data/raw/WHU_Mix_cities/wuxi/label/wuxi_1293.tif
train,wuxi,whu_mix,wuxi_621.tif,0,0,0,0,512,512,0.01509094,data/raw/WHU_Mix_cities/wuxi/image/wuxi_621.tif,data/raw/WHU_Mix_cities/wuxi/label/wuxi_621.tif
train,wuxi,whu_mix,wuxi_344.tif,0,0,0,0,512,512,0.27836609,data/raw/WHU_Mix_cities/wuxi/image/wuxi_344.tif,data/raw/WHU_Mix_cities/wuxi/label/wuxi_344.tif
train,wuxi,whu_mix,wuxi_305.tif,0,0,0,0,512,512,0.07282257,data/raw/WHU_Mix_cities/wuxi/image/wuxi_305.tif,data/raw/WHU_Mix_cities/wuxi/label/wuxi_305.tif
train,wuxi,whu_mix,wuxi_1338.tif,0,0,0,0,512,512,0.24673080,data/raw/WHU_Mix_cities/wuxi/image/wuxi_1338.tif,data/raw/WHU_Mix_cities/wuxi/label/wuxi_1338.tif
train,wuxi,whu_mix,wuxi_1053.tif,0,0,0,0,512,512,0.12396240,data/raw/WHU_Mix_cities/wuxi/image/wuxi_1053.tif,data/raw/WHU_Mix_cities/wuxi/label/wuxi_1053.tif
train,wuxi,whu_mix,wuxi_316.tif,0,0,0,0,512,512,0.34347534,data/raw/WHU_Mix_cities/wuxi/image/wuxi_316.tif,data/raw/WHU_Mix_cities/wuxi/label/wuxi_316.tif
train,wuxi,whu_mix,wuxi_1236.tif,0,0,0,0,512,512,0.22296143,data/raw/WHU_Mix_cities/wuxi/image/wuxi_1236.tif,data/raw/WHU_Mix_cities/wuxi/label/wuxi_1236.tif
train,wuxi,whu_mix,wuxi_204.tif,0,0,0,0,512,512,0.24195862,data/raw/WHU_Mix_cities/wuxi/image/wuxi_204.tif,data/raw/WHU_Mix_cities/wuxi/label/wuxi_204.tif
train,wuxi,whu_mix,wuxi_221.tif,0,0,0,0,512,512,0.17139053,data/raw/WHU_Mix_cities/wuxi/image/wuxi_221.tif,data/raw/WHU_Mix_cities/wuxi/label/wuxi_221.tif
train,wuxi,whu_mix,wuxi_205.tif,0,0,0,0,512,512,0.22291565,data/raw/WHU_Mix_cities/wuxi/image/wuxi_205.tif,data/raw/WHU_Mix_cities/wuxi/label/wuxi_205.tif
train,wuxi,whu_mix,wuxi_1232.tif,0,0,0,0,512,512,0.17574310,data/raw/WHU_Mix_cities/wuxi/image/wuxi_1232.tif,data/raw/WHU_Mix_cities/wuxi/label/wuxi_1232.tif
train,wuxi,whu_mix,wuxi_233.tif,0,0,0,0,512,512,0.16736603,data/raw/WHU_Mix_cities/wuxi/image/wuxi_233.tif,data/raw/WHU_Mix_cities/wuxi/label/wuxi_233.tif
train,wuxi,whu_mix,wuxi_448.tif,0,0,0,0,512,512,0.15472794,data/raw/WHU_Mix_cities/wuxi/image/wuxi_448.tif,data/raw/WHU_Mix_cities/wuxi/label/wuxi_448.tif
train,wuxi,whu_mix,wuxi_577.tif,0,0,0,0,512,512,0.00000000,data/raw/WHU_Mix_cities/wuxi/image/wuxi_577.tif,data/raw/WHU_Mix_cities/wuxi/label/wuxi_577.tif
train,wuxi,whu_mix,wuxi_1112.tif,0,0,0,0,512,512,0.28451920,data/raw/WHU_Mix_cities/wuxi/image/wuxi_1112.tif,data/raw/WHU_Mix_cities/wuxi/label/wuxi_1112.tif
train,wuxi,whu_mix,wuxi_712.tif,0,0,0,0,512,512,0.13750076,data/raw/WHU_Mix_cities/wuxi/image/wuxi_712.tif,data/raw/WHU_Mix_cities/wuxi/label/wuxi_712.tif
train,wuxi,whu_mix,wuxi_78.tif,0,0,0,0,512,512,0.18366623,data/raw/WHU_Mix_cities/wuxi/image/wuxi_78.tif,data/raw/WHU_Mix_cities/wuxi/label/wuxi_78.tif
train,wuxi,whu_mix,wuxi_374.tif,0,0,0,0,512,512,0.14492416,data/raw/WHU_Mix_cities/wuxi/image/wuxi_374.tif,data/raw/WHU_Mix_cities/wuxi/label/wuxi_374.tif
train,wuxi,whu_mix,wuxi_351.tif,0,0,0,0,512,512,0.10813522,data/raw/WHU_Mix_cities/wuxi/image/wuxi_351.tif,data/raw/WHU_Mix_cities/wuxi/label/wuxi_351.tif
train,wuxi,whu_mix,wuxi_249.tif,0,0,0,0,512,512,0.13162613,data/raw/WHU_Mix_cities/wuxi/image/wuxi_249.tif,data/raw/WHU_Mix_cities/wuxi/label/wuxi_249.tif
train,wuxi,whu_mix,wuxi_1392.tif,0,0,0,0,512,512,0.00000000,data/raw/WHU_Mix_cities/wuxi/image/wuxi_1392.tif,data/raw/WHU_Mix_cities/wuxi/label/wuxi_1392.tif
train,wuxi,whu_mix,wuxi_1141.tif,0,0,0,0,512,512,0.17432785,data/raw/WHU_Mix_cities/wuxi/image/wuxi_1141.tif,data/raw/WHU_Mix_cities/wuxi/label/wuxi_1141.tif
train,wuxi,whu_mix,wuxi_355.tif,0,0,0,0,512,512,0.09492874,data/raw/WHU_Mix_cities/wuxi/image/wuxi_355.tif,data/raw/WHU_Mix_cities/wuxi/label/wuxi_355.tif
train,wuxi,whu_mix,wuxi_1099.tif,0,0,0,0,512,512,0.00000000,data/raw/WHU_Mix_cities/wuxi/image/wuxi_1099.tif,data/raw/WHU_Mix_cities/wuxi/label/wuxi_1099.tif
train,wuxi,whu_mix,wuxi_1369.tif,0,0,0,0,512,512,0.09217834,data/raw/WHU_Mix_cities/wuxi/image/wuxi_1369.tif,data/raw/WHU_Mix_cities/wuxi/label/wuxi_1369.tif
train,wuxi,whu_mix,wuxi_570.tif,0,0,0,0,512,512,0.15314102,data/raw/WHU_Mix_cities/wuxi/image/wuxi_570.tif,data/raw/WHU_Mix_cities/wuxi/label/wuxi_570.tif
train,wuxi,whu_mix,wuxi_718.tif,0,0,0,0,512,512,0.01109695,data/raw/WHU_Mix_cities/wuxi/image/wuxi_718.tif,data/raw/WHU_Mix_cities/wuxi/label/wuxi_718.tif
train,wuxi,whu_mix,wuxi_1261.tif,0,0,0,0,512,512,0.00501633,data/raw/WHU_Mix_cities/wuxi/image/wuxi_1261.tif,data/raw/WHU_Mix_cities/wuxi/label/wuxi_1261.tif
train,wuxi,whu_mix,wuxi_987.tif,0,0,0,0,512,512,0.14289474,data/raw/WHU_Mix_cities/wuxi/image/wuxi_987.tif,data/raw/WHU_Mix_cities/wuxi/label/wuxi_987.tif
train,wuxi,whu_mix,wuxi_1120.tif,0,0,0,0,512,512,0.03200912,data/raw/WHU_Mix_cities/wuxi/image/wuxi_1120.tif,data/raw/WHU_Mix_cities/wuxi/label/wuxi_1120.tif
train,wuxi,whu_mix,wuxi_1252.tif,0,0,0,0,512,512,0.00000000,data/raw/WHU_Mix_cities/wuxi/image/wuxi_1252.tif,data/raw/WHU_Mix_cities/wuxi/label/wuxi_1252.tif
train,wuxi,whu_mix,wuxi_363.tif,0,0,0,0,512,512,0.00000000,data/raw/WHU_Mix_cities/wuxi/image/wuxi_363.tif,data/raw/WHU_Mix_cities/wuxi/label/wuxi_363.tif
train,wuxi,whu_mix,wuxi_52.tif,0,0,0,0,512,512,0.07876587,data/raw/WHU_Mix_cities/wuxi/image/wuxi_52.tif,data/raw/WHU_Mix_cities/wuxi/label/wuxi_52.tif
train,wuxi,whu_mix,wuxi_551.tif,0,0,0,0,512,512,0.00230408,data/raw/WHU_Mix_cities/wuxi/image/wuxi_551.tif,data/raw/WHU_Mix_cities/wuxi/label/wuxi_551.tif
train,wuxi,whu_mix,wuxi_601.tif,0,0,0,0,512,512,0.21536255,data/raw/WHU_Mix_cities/wuxi/image/wuxi_601.tif,data/raw/WHU_Mix_cities/wuxi/label/wuxi_601.tif
train,wuxi,whu_mix,wuxi_725.tif,0,0,0,0,512,512,0.00000000,data/raw/WHU_Mix_cities/wuxi/image/wuxi_725.tif,data/raw/WHU_Mix_cities/wuxi/label/wuxi_725.tif
train,wuxi,whu_mix,wuxi_1108.tif,0,0,0,0,512,512,0.00000000,data/raw/WHU_Mix_cities/wuxi/image/wuxi_1108.tif,data/raw/WHU_Mix_cities/wuxi/label/wuxi_1108.tif
train,wuxi,whu_mix,wuxi_289.tif,0,0,0,0,512,512,0.29552460,data/raw/WHU_Mix_cities/wuxi/image/wuxi_289.tif,data/raw/WHU_Mix_cities/wuxi/label/wuxi_289.tif
train,wuxi,whu_mix,wuxi_1000.tif,0,0,0,0,512,512,0.21031570,data/raw/WHU_Mix_cities/wuxi/image/wuxi_1000.tif,data/raw/WHU_Mix_cities/wuxi/label/wuxi_1000.tif
train,wuxi,whu_mix,wuxi_195.tif,0,0,0,0,512,512,0.16007996,data/raw/WHU_Mix_cities/wuxi/image/wuxi_195.tif,data/raw/WHU_Mix_cities/wuxi/label/wuxi_195.tif
train,wuxi,whu_mix,wuxi_1070.tif,0,0,0,0,512,512,0.17356491,data/raw/WHU_Mix_cities/wuxi/image/wuxi_1070.tif,data/raw/WHU_Mix_cities/wuxi/label/wuxi_1070.tif
train,wuxi,whu_mix,wuxi_1191.tif,0,0,0,0,512,512,0.21002960,data/raw/WHU_Mix_cities/wuxi/image/wuxi_1191.tif,data/raw/WHU_Mix_cities/wuxi/label/wuxi_1191.tif
train,wuxi,whu_mix,wuxi_902.tif,0,0,0,0,512,512,0.00000000,data/raw/WHU_Mix_cities/wuxi/image/wuxi_902.tif,data/raw/WHU_Mix_cities/wuxi/label/wuxi_902.tif
train,wuxi,whu_mix,wuxi_453.tif,0,0,0,0,512,512,0.25652695,data/raw/WHU_Mix_cities/wuxi/image/wuxi_453.tif,data/raw/WHU_Mix_cities/wuxi/label/wuxi_453.tif
train,wuxi,whu_mix,wuxi_483.tif,0,0,0,0,512,512,0.27291107,data/raw/WHU_Mix_cities/wuxi/image/wuxi_483.tif,data/raw/WHU_Mix_cities/wuxi/label/wuxi_483.tif
train,wuxi,whu_mix,wuxi_24.tif,0,0,0,0,512,512,0.01982880,data/raw/WHU_Mix_cities/wuxi/image/wuxi_24.tif,data/raw/WHU_Mix_cities/wuxi/label/wuxi_24.tif
train,wuxi,whu_mix,wuxi_1064.tif,0,0,0,0,512,512,0.17970276,data/raw/WHU_Mix_cities/wuxi/image/wuxi_1064.tif,data/raw/WHU_Mix_cities/wuxi/label/wuxi_1064.tif
train,wuxi,whu_mix,wuxi_112.tif,0,0,0,0,512,512,0.40484619,data/raw/WHU_Mix_cities/wuxi/image/wuxi_112.tif,data/raw/WHU_Mix_cities/wuxi/label/wuxi_112.tif
train,wuxi,whu_mix,wuxi_79.tif,0,0,0,0,512,512,0.17764282,data/raw/WHU_Mix_cities/wuxi/image/wuxi_79.tif,data/raw/WHU_Mix_cities/wuxi/label/wuxi_79.tif
train,wuxi,whu_mix,wuxi_1378.tif,0,0,0,0,512,512,0.28770828,data/raw/WHU_Mix_cities/wuxi/image/wuxi_1378.tif,data/raw/WHU_Mix_cities/wuxi/label/wuxi_1378.tif
train,wuxi,whu_mix,wuxi_1358.tif,0,0,0,0,512,512,0.10057831,data/raw/WHU_Mix_cities/wuxi/image/wuxi_1358.tif,data/raw/WHU_Mix_cities/wuxi/label/wuxi_1358.tif
train,wuxi,whu_mix,wuxi_600.tif,0,0,0,0,512,512,0.33628082,data/raw/WHU_Mix_cities/wuxi/image/wuxi_600.tif,data/raw/WHU_Mix_cities/wuxi/label/wuxi_600.tif
train,wuxi,whu_mix,wuxi_775.tif,0,0,0,0,512,512,0.22583771,data/raw/WHU_Mix_cities/wuxi/image/wuxi_775.tif,data/raw/WHU_Mix_cities/wuxi/label/wuxi_775.tif
train,wuxi,whu_mix,wuxi_440.tif,0,0,0,0,512,512,0.37168121,data/raw/WHU_Mix_cities/wuxi/image/wuxi_440.tif,data/raw/WHU_Mix_cities/wuxi/label/wuxi_440.tif
train,wuxi,whu_mix,wuxi_682.tif,0,0,0,0,512,512,0.01024246,data/raw/WHU_Mix_cities/wuxi/image/wuxi_682.tif,data/raw/WHU_Mix_cities/wuxi/label/wuxi_682.tif
train,wuxi,whu_mix,wuxi_673.tif,0,0,0,0,512,512,0.07772064,data/raw/WHU_Mix_cities/wuxi/image/wuxi_673.tif,data/raw/WHU_Mix_cities/wuxi/label/wuxi_673.tif
train,wuxi,whu_mix,wuxi_46.tif,0,0,0,0,512,512,0.03639984,data/raw/WHU_Mix_cities/wuxi/image/wuxi_46.tif,data/raw/WHU_Mix_cities/wuxi/label/wuxi_46.tif
train,wuxi,whu_mix,wuxi_64.tif,0,0,0,0,512,512,0.11182022,data/raw/WHU_Mix_cities/wuxi/image/wuxi_64.tif,data/raw/WHU_Mix_cities/wuxi/label/wuxi_64.tif
train,wuxi,whu_mix,wuxi_267.tif,0,0,0,0,512,512,0.05286026,data/raw/WHU_Mix_cities/wuxi/image/wuxi_267.tif,data/raw/WHU_Mix_cities/wuxi/label/wuxi_267.tif
train,wuxi,whu_mix,wuxi_1241.tif,0,0,0,0,512,512,0.24433517,data/raw/WHU_Mix_cities/wuxi/image/wuxi_1241.tif,data/raw/WHU_Mix_cities/wuxi/label/wuxi_1241.tif
train,wuxi,whu_mix,wuxi_1260.tif,0,0,0,0,512,512,0.08304596,data/raw/WHU_Mix_cities/wuxi/image/wuxi_1260.tif,data/raw/WHU_Mix_cities/wuxi/label/wuxi_1260.tif
train,wuxi,whu_mix,wuxi_827.tif,0,0,0,0,512,512,0.28344345,data/raw/WHU_Mix_cities/wuxi/image/wuxi_827.tif,data/raw/WHU_Mix_cities/wuxi/label/wuxi_827.tif
train,wuxi,whu_mix,wuxi_738.tif,0,0,0,0,512,512,0.34010315,data/raw/WHU_Mix_cities/wuxi/image/wuxi_738.tif,data/raw/WHU_Mix_cities/wuxi/label/wuxi_738.tif
train,wuxi,whu_mix,wuxi_107.tif,0,0,0,0,512,512,0.29102325,data/raw/WHU_Mix_cities/wuxi/image/wuxi_107.tif,data/raw/WHU_Mix_cities/wuxi/label/wuxi_107.tif
train,wuxi,whu_mix,wuxi_1197.tif,0,0,0,0,512,512,0.23120117,data/raw/WHU_Mix_cities/wuxi/image/wuxi_1197.tif,data/raw/WHU_Mix_cities/wuxi/label/wuxi_1197.tif
train,wuxi,whu_mix,wuxi_295.tif,0,0,0,0,512,512,0.11096573,data/raw/WHU_Mix_cities/wuxi/image/wuxi_295.tif,data/raw/WHU_Mix_cities/wuxi/label/wuxi_295.tif
train,wuxi,whu_mix,wuxi_530.tif,0,0,0,0,512,512,0.00000000,data/raw/WHU_Mix_cities/wuxi/image/wuxi_530.tif,data/raw/WHU_Mix_cities/wuxi/label/wuxi_530.tif
train,wuxi,whu_mix,wuxi_1205.tif,0,0,0,0,512,512,0.14686203,data/raw/WHU_Mix_cities/wuxi/image/wuxi_1205.tif,data/raw/WHU_Mix_cities/wuxi/label/wuxi_1205.tif
train,wuxi,whu_mix,wuxi_592.tif,0,0,0,0,512,512,0.11877060,data/raw/WHU_Mix_cities/wuxi/image/wuxi_592.tif,data/raw/WHU_Mix_cities/wuxi/label/wuxi_592.tif
train,wuxi,whu_mix,wuxi_292.tif,0,0,0,0,512,512,0.00000000,data/raw/WHU_Mix_cities/wuxi/image/wuxi_292.tif,data/raw/WHU_Mix_cities/wuxi/label/wuxi_292.tif
train,wuxi,whu_mix,wuxi_1037.tif,0,0,0,0,512,512,0.00000000,data/raw/WHU_Mix_cities/wuxi/image/wuxi_1037.tif,data/raw/WHU_Mix_cities/wuxi/label/wuxi_1037.tif
train,wuxi,whu_mix,wuxi_88.tif,0,0,0,0,512,512,0.28889465,data/raw/WHU_Mix_cities/wuxi/image/wuxi_88.tif,data/raw/WHU_Mix_cities/wuxi/label/wuxi_88.tif
train,wuxi,whu_mix,wuxi_368.tif,0,0,0,0,512,512,0.18125153,data/raw/WHU_Mix_cities/wuxi/image/wuxi_368.tif,data/raw/WHU_Mix_cities/wuxi/label/wuxi_368.tif
train,wuxi,whu_mix,wuxi_835.tif,0,0,0,0,512,512,0.24580765,data/raw/WHU_Mix_cities/wuxi/image/wuxi_835.tif,data/raw/WHU_Mix_cities/wuxi/label/wuxi_835.tif
train,wuxi,whu_mix,wuxi_511.tif,0,0,0,0,512,512,0.15885162,data/raw/WHU_Mix_cities/wuxi/image/wuxi_511.tif,data/raw/WHU_Mix_cities/wuxi/label/wuxi_511.tif
train,wuxi,whu_mix,wuxi_167.tif,0,0,0,0,512,512,0.05147171,data/raw/WHU_Mix_cities/wuxi/image/wuxi_167.tif,data/raw/WHU_Mix_cities/wuxi/label/wuxi_167.tif
train,wuxi,whu_mix,wuxi_1115.tif,0,0,0,0,512,512,0.18691254,data/raw/WHU_Mix_cities/wuxi/image/wuxi_1115.tif,data/raw/WHU_Mix_cities/wuxi/label/wuxi_1115.tif
train,wuxi,whu_mix,wuxi_451.tif,0,0,0,0,512,512,0.22412109,data/raw/WHU_Mix_cities/wuxi/image/wuxi_451.tif,data/raw/WHU_Mix_cities/wuxi/label/wuxi_451.tif
train,wuxi,whu_mix,wuxi_1091.tif,0,0,0,0,512,512,0.00000000,data/raw/WHU_Mix_cities/wuxi/image/wuxi_1091.tif,data/raw/WHU_Mix_cities/wuxi/label/wuxi_1091.tif
train,wuxi,whu_mix,wuxi_847.tif,0,0,0,0,512,512,0.14761734,data/raw/WHU_Mix_cities/wuxi/image/wuxi_847.tif,data/raw/WHU_Mix_cities/wuxi/label/wuxi_847.tif
train,wuxi,whu_mix,wuxi_1200.tif,0,0,0,0,512,512,0.11112213,data/raw/WHU_Mix_cities/wuxi/image/wuxi_1200.tif,data/raw/WHU_Mix_cities/wuxi/label/wuxi_1200.tif
train,wuxi,whu_mix,wuxi_739.tif,0,0,0,0,512,512,0.35679626,data/raw/WHU_Mix_cities/wuxi/image/wuxi_739.tif,data/raw/WHU_Mix_cities/wuxi/label/wuxi_739.tif
train,wuxi,whu_mix,wuxi_1214.tif,0,0,0,0,512,512,0.21557617,data/raw/WHU_Mix_cities/wuxi/image/wuxi_1214.tif,data/raw/WHU_Mix_cities/wuxi/label/wuxi_1214.tif
train,wuxi,whu_mix,wuxi_172.tif,0,0,0,0,512,512,0.26379395,data/raw/WHU_Mix_cities/wuxi/image/wuxi_172.tif,data/raw/WHU_Mix_cities/wuxi/label/wuxi_172.tif
train,wuxi,whu_mix,wuxi_728.tif,0,0,0,0,512,512,0.00000000,data/raw/WHU_Mix_cities/wuxi/image/wuxi_728.tif,data/raw/WHU_Mix_cities/wuxi/label/wuxi_728.tif
train,wuxi,whu_mix,wuxi_113.tif,0,0,0,0,512,512,0.09521103,data/raw/WHU_Mix_cities/wuxi/image/wuxi_113.tif,data/raw/WHU_Mix_cities/wuxi/label/wuxi_113.tif
train,wuxi,whu_mix,wuxi_1335.tif,0,0,0,0,512,512,0.15522385,data/raw/WHU_Mix_cities/wuxi/image/wuxi_1335.tif,data/raw/WHU_Mix_cities/wuxi/label/wuxi_1335.tif
train,wuxi,whu_mix,wuxi_985.tif,0,0,0,0,512,512,0.31529236,data/raw/WHU_Mix_cities/wuxi/image/wuxi_985.tif,data/raw/WHU_Mix_cities/wuxi/label/wuxi_985.tif
train,wuxi,whu_mix,wuxi_897.tif,0,0,0,0,512,512,0.00456619,data/raw/WHU_Mix_cities/wuxi/image/wuxi_897.tif,data/raw/WHU_Mix_cities/wuxi/label/wuxi_897.tif
train,wuxi,whu_mix,wuxi_914.tif,0,0,0,0,512,512,0.05780792,data/raw/WHU_Mix_cities/wuxi/image/wuxi_914.tif,data/raw/WHU_Mix_cities/wuxi/label/wuxi_914.tif
train,wuxi,whu_mix,wuxi_1040.tif,0,0,0,0,512,512,0.33110046,data/raw/WHU_Mix_cities/wuxi/image/wuxi_1040.tif,data/raw/WHU_Mix_cities/wuxi/label/wuxi_1040.tif
train,wuxi,whu_mix,wuxi_1090.tif,0,0,0,0,512,512,0.13977814,data/raw/WHU_Mix_cities/wuxi/image/wuxi_1090.tif,data/raw/WHU_Mix_cities/wuxi/label/wuxi_1090.tif
train,wuxi,whu_mix,wuxi_321.tif,0,0,0,0,512,512,0.17213821,data/raw/WHU_Mix_cities/wuxi/image/wuxi_321.tif,data/raw/WHU_Mix_cities/wuxi/label/wuxi_321.tif
train,wuxi,whu_mix,wuxi_1203.tif,0,0,0,0,512,512,0.03451538,data/raw/WHU_Mix_cities/wuxi/image/wuxi_1203.tif,data/raw/WHU_Mix_cities/wuxi/label/wuxi_1203.tif
train,wuxi,whu_mix,wuxi_1292.tif,0,0,0,0,512,512,0.22032166,data/raw/WHU_Mix_cities/wuxi/image/wuxi_1292.tif,data/raw/WHU_Mix_cities/wuxi/label/wuxi_1292.tif
train,wuxi,whu_mix,wuxi_627.tif,0,0,0,0,512,512,0.00000000,data/raw/WHU_Mix_cities/wuxi/image/wuxi_627.tif,data/raw/WHU_Mix_cities/wuxi/label/wuxi_627.tif
train,wuxi,whu_mix,wuxi_715.tif,0,0,0,0,512,512,0.05252838,data/raw/WHU_Mix_cities/wuxi/image/wuxi_715.tif,data/raw/WHU_Mix_cities/wuxi/label/wuxi_715.tif
train,wuxi,whu_mix,wuxi_59.tif,0,0,0,0,512,512,0.08514023,data/raw/WHU_Mix_cities/wuxi/image/wuxi_59.tif,data/raw/WHU_Mix_cities/wuxi/label/wuxi_59.tif
train,wuxi,whu_mix,wuxi_492.tif,0,0,0,0,512,512,0.00864029,data/raw/WHU_Mix_cities/wuxi/image/wuxi_492.tif,data/raw/WHU_Mix_cities/wuxi/label/wuxi_492.tif
train,wuxi,whu_mix,wuxi_361.tif,0,0,0,0,512,512,0.13844681,data/raw/WHU_Mix_cities/wuxi/image/wuxi_361.tif,data/raw/WHU_Mix_cities/wuxi/label/wuxi_361.tif
train,wuxi,whu_mix,wuxi_855.tif,0,0,0,0,512,512,0.19963455,data/raw/WHU_Mix_cities/wuxi/image/wuxi_855.tif,data/raw/WHU_Mix_cities/wuxi/label/wuxi_855.tif
train,wuxi,whu_mix,wuxi_210.tif,0,0,0,0,512,512,0.02744675,data/raw/WHU_Mix_cities/wuxi/image/wuxi_210.tif,data/raw/WHU_Mix_cities/wuxi/label/wuxi_210.tif
train,wuxi,whu_mix,wuxi_450.tif,0,0,0,0,512,512,0.25075531,data/raw/WHU_Mix_cities/wuxi/image/wuxi_450.tif,data/raw/WHU_Mix_cities/wuxi/label/wuxi_450.tif
train,wuxi,whu_mix,wuxi_182.tif,0,0,0,0,512,512,0.18001938,data/raw/WHU_Mix_cities/wuxi/image/wuxi_182.tif,data/raw/WHU_Mix_cities/wuxi/label/wuxi_182.tif
train,wuxi,whu_mix,wuxi_823.tif,0,0,0,0,512,512,0.16078568,data/raw/WHU_Mix_cities/wuxi/image/wuxi_823.tif,data/raw/WHU_Mix_cities/wuxi/label/wuxi_823.tif
